customer_id,user_id,campaign_id,account_open_date,is_bank_customer,age_band,city
C000001,U000006,CMP_SOC,2026-09-01,False,18-24,Kocaeli
C000002,U000013,CMP_SOC,2026-09-23,False,25-34,Kayseri
C000003,U000015,CMP_SOC,2026-07-17,False,35-44,Ankara
C000004,U000032,CMP_SOC,2026-08-10,False,18-24,Bursa
C000005,U000040,CMP_SOC,2026-09-05,False,45-54,Other
C000006,U000047,CMP_SOC,2026-08-21,False,45-54,Other
C000007,U000049,CMP_SOC,2026-08-13,True,25-34,Bursa
C000008,U000050,CMP_SOC,2026-09-03,False,35-44,Izmir
C000009,U000052,CMP_SOC,2026-07-15,True,25-34,Ankara
C000010,U000056,CMP_SOC,2026-09-26,False,45-54,Ankara
C000011,U000065,CMP_SOC,2026-09-20,False,18-24,Istanbul
C000012,U000066,CMP_SOC,2026-07-23,False,25-34,Kayseri
C000013,U000069,CMP_SOC,2026-07-07,False,35-44,Istanbul
C000014,U000073,CMP_SOC,2026-09-07,False,25-34,Istanbul
C000015,U000076,CMP_SOC,2026-09-22,False,45-54,Istanbul
C000016,U000106,CMP_SOC,2026-09-29,False,25-34,Izmir
C000017,U000107,CMP_SOC,2026-09-04,False,25-34,Istanbul
C000018,U000112,CMP_SOC,2026-07-25,False,35-44,Other
C000019,U000116,CMP_SOC,2026-07-23,False,25-34,Other
C000020,U000118,CMP_SOC,2026-08-05,True,45-54,Other
C000021,U000123,CMP_SOC,2026-09-05,False,18-24,Other
C000022,U000135,CMP_SOC,2026-08-22,False,25-34,Konya
C000023,U000140,CMP_SOC,2026-08-24,True,25-34,Istanbul
C000024,U000144,CMP_SOC,2026-09-04,False,25-34,Antalya
C000025,U000154,CMP_SOC,2026-09-06,False,18-24,Istanbul
C000026,U000158,CMP_SOC,2026-09-23,False,45-54,Kocaeli
C000027,U000159,CMP_SOC,2026-07-13,False,45-54,Istanbul
C000028,U000163,CMP_SOC,2026-09-03,False,18-24,Other
C000029,U000167,CMP_SOC,2026-08-31,False,25-34,Other
C000030,U000168,CMP_SOC,2026-07-30,False,25-34,Ankara
C000031,U000169,CMP_SOC,2026-07-20,True,35-44,Istanbul
C000032,U000181,CMP_SOC,2026-08-17,False,35-44,Ankara
C000033,U000185,CMP_SOC,2026-08-25,True,25-34,Istanbul
C000034,U000190,CMP_SOC,2026-09-03,False,25-34,Bursa
C000035,U000198,CMP_SOC,2026-08-04,True,25-34,Konya
C000036,U000199,CMP_SOC,2026-09-13,True,45-54,Istanbul
C000037,U000207,CMP_SOC,2026-08-14,False,18-24,Gaziantep
C000038,U000208,CMP_SOC,2026-09-05,False,45-54,Other
C000039,U000215,CMP_SOC,2026-08-15,False,35-44,Istanbul
C000040,U000219,CMP_SOC,2026-07-27,False,18-24,Istanbul
C000041,U000221,CMP_SOC,2026-08-25,False,35-44,Antalya
C000042,U000223,CMP_SOC,2026-08-09,False,25-34,Bursa
C000043,U000224,CMP_SOC,2026-07-19,True,45-54,Istanbul
C000044,U000227,CMP_SOC,2026-08-12,True,25-34,Bursa
C000045,U000228,CMP_SOC,2026-07-27,False,35-44,Ankara
C000046,U000230,CMP_SOC,2026-08-05,False,18-24,Ankara
C000047,U000231,CMP_SOC,2026-09-09,True,18-24,Ankara
C000048,U000237,CMP_SOC,2026-08-27,False,25-34,Other
C000049,U000238,CMP_SOC,2026-07-22,False,25-34,Istanbul
C000050,U000239,CMP_SOC,2026-08-12,False,18-24,Istanbul
C000051,U000241,CMP_SOC,2026-09-25,False,25-34,Istanbul
C000052,U000245,CMP_SOC,2026-07-04,False,18-24,Istanbul
C000053,U000246,CMP_SOC,2026-08-21,False,25-34,Istanbul
C000054,U000250,CMP_SOC,2026-08-24,False,25-34,Ankara
C000055,U000261,CMP_SOC,2026-08-28,True,18-24,Izmir
C000056,U000269,CMP_SOC,2026-09-03,False,55+,Istanbul
C000057,U000274,CMP_SOC,2026-08-06,False,45-54,Gaziantep
C000058,U000299,CMP_SOC,2026-07-24,False,25-34,Istanbul
C000059,U000300,CMP_SOC,2026-07-21,False,45-54,Istanbul
C000060,U000301,CMP_SOC,2026-07-26,False,25-34,Istanbul
C000061,U000318,CMP_SOC,2026-08-20,True,55+,Izmir
C000062,U000322,CMP_SOC,2026-07-16,True,35-44,Istanbul
C000063,U000323,CMP_SOC,2026-08-04,False,35-44,Istanbul
C000064,U000327,CMP_SOC,2026-08-18,False,18-24,Kayseri
C000065,U000330,CMP_SOC,2026-09-07,True,18-24,Kocaeli
C000066,U000358,CMP_SOC,2026-08-12,True,45-54,Antalya
C000067,U000359,CMP_SOC,2026-09-16,False,18-24,Istanbul
C000068,U000370,CMP_SOC,2026-07-05,True,35-44,Ankara
C000069,U000381,CMP_SOC,2026-08-21,False,35-44,Istanbul
C000070,U000397,CMP_SOC,2026-07-18,False,45-54,Other
C000071,U000415,CMP_SOC,2026-09-08,False,18-24,Istanbul
C000072,U000418,CMP_SOC,2026-08-27,False,25-34,Istanbul
C000073,U000421,CMP_SOC,2026-07-04,True,35-44,Istanbul
C000074,U000422,CMP_SOC,2026-08-22,False,18-24,Izmir
C000075,U000424,CMP_SOC,2026-07-18,True,45-54,Ankara
C000076,U000428,CMP_SOC,2026-08-10,False,18-24,Istanbul
C000077,U000438,CMP_SOC,2026-08-01,False,25-34,Konya
C000078,U000440,CMP_SOC,2026-07-06,False,25-34,Istanbul
C000079,U000447,CMP_SOC,2026-07-21,False,25-34,Izmir
C000080,U000456,CMP_SOC,2026-08-29,False,18-24,Kocaeli
C000081,U000463,CMP_SOC,2026-07-13,False,25-34,Other
C000082,U000476,CMP_SOC,2026-09-05,True,25-34,Istanbul
C000083,U000478,CMP_SOC,2026-08-18,True,18-24,Istanbul
C000084,U000485,CMP_SOC,2026-08-24,False,18-24,Ankara
C000085,U000503,CMP_SOC,2026-07-06,False,18-24,Konya
C000086,U000505,CMP_SOC,2026-07-15,True,45-54,Istanbul
C000087,U000514,CMP_SOC,2026-08-29,False,35-44,Bursa
C000088,U000523,CMP_SOC,2026-08-12,False,25-34,Istanbul
C000089,U000527,CMP_SOC,2026-08-28,False,25-34,Istanbul
C000090,U000533,CMP_SOC,2026-07-25,False,25-34,Istanbul
C000091,U000539,CMP_SOC,2026-07-08,False,25-34,Istanbul
C000092,U000546,CMP_SOC,2026-08-04,False,35-44,Istanbul
C000093,U000547,CMP_SOC,2026-07-27,False,55+,Other
C000094,U000550,CMP_SOC,2026-08-24,False,25-34,Istanbul
C000095,U000551,CMP_SOC,2026-07-16,False,18-24,Konya
C000096,U000554,CMP_SOC,2026-08-01,False,25-34,Izmir
C000097,U000556,CMP_SOC,2026-09-07,False,25-34,Izmir
C000098,U000574,CMP_SOC,2026-08-09,False,35-44,Istanbul
C000099,U000581,CMP_SOC,2026-09-04,False,18-24,Istanbul
C000100,U000596,CMP_SOC,2026-07-23,True,25-34,Kocaeli
C000101,U000605,CMP_SOC,2026-07-21,False,18-24,Istanbul
C000102,U000614,CMP_SOC,2026-09-07,False,25-34,Istanbul
C000103,U000617,CMP_SOC,2026-08-05,False,25-34,Istanbul
C000104,U000623,CMP_SOC,2026-07-16,False,45-54,Istanbul
C000105,U000624,CMP_SOC,2026-07-17,False,18-24,Istanbul
C000106,U000631,CMP_SOC,2026-09-21,False,35-44,Istanbul
C000107,U000632,CMP_SOC,2026-08-10,True,18-24,Kayseri
C000108,U000638,CMP_SOC,2026-08-06,False,18-24,Istanbul
C000109,U000642,CMP_SOC,2026-07-19,False,25-34,Istanbul
C000110,U000653,CMP_SOC,2026-07-18,True,35-44,Ankara
C000111,U000654,CMP_SOC,2026-08-31,False,18-24,Istanbul
C000112,U000661,CMP_SOC,2026-09-22,True,25-34,Istanbul
C000113,U000663,CMP_SOC,2026-08-10,False,35-44,Istanbul
C000114,U000664,CMP_SOC,2026-07-25,False,25-34,Istanbul
C000115,U000666,CMP_SOC,2026-07-13,False,18-24,Istanbul
C000116,U000668,CMP_SOC,2026-08-06,False,25-34,Bursa
C000117,U000682,CMP_SOC,2026-09-15,False,18-24,Konya
C000118,U000685,CMP_SOC,2026-09-29,False,25-34,Istanbul
C000119,U000686,CMP_SOC,2026-08-10,False,25-34,Ankara
C000120,U000693,CMP_SOC,2026-07-24,True,55+,Istanbul
C000121,U000700,CMP_SOC,2026-08-19,False,25-34,Izmir
C000122,U000710,CMP_SOC,2026-09-26,False,18-24,Antalya
C000123,U000715,CMP_SOC,2026-08-01,True,55+,Ankara
C000124,U000719,CMP_SOC,2026-07-17,False,18-24,Ankara
C000125,U000720,CMP_SOC,2026-07-22,False,35-44,Kocaeli
C000126,U000725,CMP_SOC,2026-08-15,True,25-34,Other
C000127,U000727,CMP_SOC,2026-08-08,False,25-34,Izmir
C000128,U000732,CMP_SOC,2026-08-04,False,18-24,Ankara
C000129,U000737,CMP_SOC,2026-09-11,False,35-44,Izmir
C000130,U000738,CMP_SOC,2026-08-12,False,35-44,Istanbul
C000131,U000739,CMP_SOC,2026-08-09,True,25-34,Antalya
C000132,U000746,CMP_SOC,2026-08-14,True,35-44,Istanbul
C000133,U000750,CMP_SOC,2026-08-05,False,35-44,Istanbul
C000134,U000756,CMP_SOC,2026-08-08,False,55+,Istanbul
C000135,U000758,CMP_SOC,2026-07-20,False,55+,Other
C000136,U000763,CMP_SOC,2026-08-14,False,35-44,Gaziantep
C000137,U000771,CMP_SOC,2026-09-09,False,18-24,Other
C000138,U000774,CMP_SOC,2026-09-03,True,35-44,Istanbul
C000139,U000777,CMP_SOC,2026-08-02,False,25-34,Izmir
C000140,U000778,CMP_SOC,2026-07-20,False,25-34,Istanbul
C000141,U000782,CMP_SOC,2026-07-05,False,25-34,Istanbul
C000142,U000803,CMP_SOC,2026-07-21,False,35-44,Istanbul
C000143,U000805,CMP_SOC,2026-09-10,False,18-24,Other
C000144,U000807,CMP_SOC,2026-09-06,True,35-44,Izmir
C000145,U000808,CMP_SOC,2026-08-12,False,25-34,Konya
C000146,U000815,CMP_SOC,2026-07-27,False,25-34,Ankara
C000147,U000825,CMP_SOC,2026-08-31,False,18-24,Ankara
C000148,U000828,CMP_SOC,2026-09-13,False,25-34,Istanbul
C000149,U000830,CMP_SOC,2026-08-10,True,18-24,Istanbul
C000150,U000841,CMP_SOC,2026-07-10,False,18-24,Ankara
C000151,U000845,CMP_SOC,2026-07-16,False,25-34,Istanbul
C000152,U000849,CMP_SOC,2026-08-27,False,25-34,Kocaeli
C000153,U000855,CMP_SOC,2026-07-28,True,18-24,Other
C000154,U000864,CMP_SOC,2026-09-06,False,18-24,Istanbul
C000155,U000874,CMP_SOC,2026-09-10,True,25-34,Istanbul
C000156,U000875,CMP_SOC,2026-07-07,False,35-44,Istanbul
C000157,U000897,CMP_SOC,2026-07-15,False,25-34,Other
C000158,U000912,CMP_SOC,2026-07-02,False,25-34,Other
C000159,U000914,CMP_SOC,2026-07-19,False,25-34,Kocaeli
C000160,U000921,CMP_SOC,2026-07-07,False,18-24,Kocaeli
C000161,U000922,CMP_SOC,2026-08-18,False,18-24,Konya
C000162,U000931,CMP_SOC,2026-09-18,False,18-24,Istanbul
C000163,U000932,CMP_SOC,2026-07-04,False,25-34,Other
C000164,U000934,CMP_SOC,2026-07-17,False,25-34,Istanbul
C000165,U000935,CMP_SOC,2026-07-29,True,18-24,Other
C000166,U000948,CMP_SOC,2026-09-08,False,35-44,Izmir
C000167,U000950,CMP_SOC,2026-08-28,False,55+,Izmir
C000168,U000951,CMP_SOC,2026-07-06,False,18-24,Ankara
C000169,U000955,CMP_SOC,2026-07-17,False,18-24,Istanbul
C000170,U000957,CMP_SOC,2026-09-26,False,35-44,Bursa
C000171,U000959,CMP_SOC,2026-07-19,True,25-34,Antalya
C000172,U000960,CMP_SOC,2026-07-06,False,35-44,Other
C000173,U000961,CMP_SOC,2026-07-19,False,25-34,Kayseri
C000174,U000966,CMP_SOC,2026-09-05,False,25-34,Gaziantep
C000175,U000977,CMP_SOC,2026-09-07,False,18-24,Kocaeli
C000176,U000993,CMP_SOC,2026-07-28,False,18-24,Other
C000177,U000997,CMP_SOC,2026-08-02,False,25-34,Istanbul
C000178,U001011,CMP_SOC,2026-09-09,True,18-24,Istanbul
C000179,U001016,CMP_SOC,2026-07-23,False,18-24,Konya
C000180,U001017,CMP_SOC,2026-09-03,False,25-34,Other
C000181,U001021,CMP_SOC,2026-08-12,True,25-34,Izmir
C000182,U001027,CMP_SOC,2026-09-14,False,18-24,Kocaeli
C000183,U001033,CMP_SOC,2026-08-10,False,25-34,Istanbul
C000184,U001048,CMP_SOC,2026-07-15,False,45-54,Other
C000185,U001058,CMP_SOC,2026-07-27,False,25-34,Ankara
C000186,U001061,CMP_SOC,2026-07-30,False,25-34,Istanbul
C000187,U001066,CMP_SOC,2026-09-22,False,18-24,Other
C000188,U001082,CMP_SOC,2026-08-22,False,18-24,Istanbul
C000189,U001083,CMP_SOC,2026-07-30,False,35-44,Ankara
C000190,U001088,CMP_SOC,2026-08-25,False,18-24,Ankara
C000191,U001089,CMP_SOC,2026-08-21,True,35-44,Istanbul
C000192,U001091,CMP_SOC,2026-08-23,True,35-44,Ankara
C000193,U001094,CMP_SOC,2026-08-17,False,35-44,Konya
C000194,U001097,CMP_SOC,2026-07-13,True,35-44,Antalya
C000195,U001113,CMP_SOC,2026-08-31,False,55+,Istanbul
C000196,U001115,CMP_SOC,2026-09-29,False,25-34,Other
C000197,U001121,CMP_SOC,2026-09-28,True,45-54,Istanbul
C000198,U001126,CMP_SOC,2026-09-23,False,25-34,Istanbul
C000199,U001133,CMP_SOC,2026-07-13,False,25-34,Istanbul
C000200,U001142,CMP_SOC,2026-09-29,False,18-24,Bursa
C000201,U001156,CMP_SOC,2026-07-13,False,45-54,Istanbul
C000202,U001164,CMP_SOC,2026-08-01,True,25-34,Istanbul
C000203,U001176,CMP_SOC,2026-09-19,False,25-34,Kocaeli
C000204,U001181,CMP_SOC,2026-08-22,False,35-44,Ankara
C000205,U001191,CMP_SOC,2026-08-30,False,25-34,Istanbul
C000206,U001195,CMP_SOC,2026-07-29,False,18-24,Other
C000207,U001199,CMP_SOC,2026-08-13,True,25-34,Izmir
C000208,U001201,CMP_SOC,2026-07-15,False,25-34,Ankara
C000209,U001205,CMP_SOC,2026-08-17,False,18-24,Other
C000210,U001224,CMP_SOC,2026-08-24,True,45-54,Gaziantep
C000211,U001226,CMP_SOC,2026-08-09,True,25-34,Istanbul
C000212,U001229,CMP_SOC,2026-07-15,False,35-44,Ankara
C000213,U001234,CMP_SOC,2026-09-17,False,55+,Bursa
C000214,U001251,CMP_SOC,2026-07-17,False,25-34,Istanbul
C000215,U001252,CMP_SOC,2026-09-07,False,35-44,Bursa
C000216,U001253,CMP_SOC,2026-07-30,True,25-34,Other
C000217,U001272,CMP_SOC,2026-07-09,False,35-44,Other
C000218,U001282,CMP_SOC,2026-08-23,True,18-24,Ankara
C000219,U001285,CMP_SOC,2026-09-29,True,45-54,Other
C000220,U001293,CMP_SOC,2026-08-03,False,25-34,Izmir
C000221,U001298,CMP_SOC,2026-07-23,False,18-24,Istanbul
C000222,U001299,CMP_SOC,2026-07-31,False,35-44,Istanbul
C000223,U001300,CMP_SOC,2026-09-14,False,25-34,Antalya
C000224,U001302,CMP_SOC,2026-08-21,False,35-44,Antalya
C000225,U001311,CMP_SOC,2026-08-20,False,25-34,Istanbul
C000226,U001313,CMP_SOC,2026-07-29,False,25-34,Konya
C000227,U001314,CMP_SOC,2026-08-14,False,18-24,Ankara
C000228,U001322,CMP_SOC,2026-07-28,False,18-24,Bursa
C000229,U001325,CMP_SOC,2026-09-15,False,25-34,Izmir
C000230,U001356,CMP_SOC,2026-09-19,False,25-34,Istanbul
C000231,U001362,CMP_SOC,2026-08-10,False,25-34,Izmir
C000232,U001366,CMP_SOC,2026-09-22,False,35-44,Bursa
C000233,U001367,CMP_SOC,2026-08-25,False,18-24,Istanbul
C000234,U001374,CMP_SOC,2026-07-11,False,25-34,Other
C000235,U001380,CMP_SOC,2026-08-03,False,18-24,Istanbul
C000236,U001382,CMP_SOC,2026-09-16,False,18-24,Other
C000237,U001386,CMP_SOC,2026-08-31,False,18-24,Ankara
C000238,U001390,CMP_SOC,2026-08-06,False,25-34,Konya
C000239,U001392,CMP_SOC,2026-09-22,False,25-34,Antalya
C000240,U001415,CMP_SOC,2026-09-11,False,25-34,Other
C000241,U001416,CMP_SOC,2026-07-11,False,25-34,Konya
C000242,U001424,CMP_SOC,2026-08-02,False,55+,Istanbul
C000243,U001428,CMP_SOC,2026-09-08,False,18-24,Other
C000244,U001431,CMP_SOC,2026-08-12,False,55+,Other
C000245,U001437,CMP_SOC,2026-07-19,False,18-24,Ankara
C000246,U001440,CMP_SOC,2026-07-25,False,55+,Izmir
C000247,U001441,CMP_SOC,2026-09-05,False,55+,Ankara
C000248,U001447,CMP_SOC,2026-07-04,False,25-34,Istanbul
C000249,U001452,CMP_SOC,2026-09-19,False,45-54,Other
C000250,U001459,CMP_SOC,2026-09-26,False,18-24,Istanbul
C000251,U001462,CMP_SOC,2026-09-20,False,18-24,Bursa
C000252,U001463,CMP_SOC,2026-08-30,False,18-24,Istanbul
C000253,U001464,CMP_SOC,2026-08-21,False,25-34,Izmir
C000254,U001471,CMP_SOC,2026-09-10,False,25-34,Ankara
C000255,U001478,CMP_SOC,2026-07-18,False,25-34,Kocaeli
C000256,U001480,CMP_SOC,2026-09-03,True,25-34,Ankara
C000257,U001492,CMP_SOC,2026-08-03,False,35-44,Other
C000258,U001505,CMP_SOC,2026-08-19,False,18-24,Other
C000259,U001507,CMP_SOC,2026-07-14,True,35-44,Other
C000260,U001509,CMP_SOC,2026-08-15,True,18-24,Istanbul
C000261,U001520,CMP_SOC,2026-09-06,False,45-54,Bursa
C000262,U001522,CMP_SOC,2026-09-20,False,25-34,Ankara
C000263,U001527,CMP_SOC,2026-08-11,True,25-34,Istanbul
C000264,U001530,CMP_SOC,2026-07-05,True,18-24,Istanbul
C000265,U001533,CMP_SOC,2026-09-18,True,18-24,Other
C000266,U001542,CMP_SOC,2026-08-05,False,35-44,Kocaeli
C000267,U001553,CMP_SOC,2026-08-04,True,45-54,Bursa
C000268,U001560,CMP_SOC,2026-09-19,False,25-34,Ankara
C000269,U001561,CMP_SOC,2026-09-13,False,25-34,Istanbul
C000270,U001563,CMP_SOC,2026-07-07,False,18-24,Konya
C000271,U001567,CMP_SOC,2026-07-19,False,25-34,Ankara
C000272,U001576,CMP_SOC,2026-09-29,False,18-24,Other
C000273,U001585,CMP_SOC,2026-09-27,False,25-34,Kayseri
C000274,U001591,CMP_SOC,2026-08-17,False,35-44,Bursa
C000275,U001592,CMP_SOC,2026-09-11,False,45-54,Other
C000276,U001594,CMP_SOC,2026-08-13,False,18-24,Gaziantep
C000277,U001595,CMP_SOC,2026-07-16,True,45-54,Other
C000278,U001605,CMP_SOC,2026-07-15,False,35-44,Antalya
C000279,U001612,CMP_SOC,2026-08-19,False,18-24,Izmir
C000280,U001614,CMP_SOC,2026-09-22,True,35-44,Bursa
C000281,U001615,CMP_SOC,2026-09-07,False,35-44,Ankara
C000282,U001619,CMP_SOC,2026-08-03,False,25-34,Istanbul
C000283,U001623,CMP_SOC,2026-07-04,False,25-34,Istanbul
C000284,U001630,CMP_SOC,2026-08-17,False,25-34,Kocaeli
C000285,U001632,CMP_SOC,2026-07-30,False,25-34,Other
C000286,U001646,CMP_SOC,2026-09-21,False,25-34,Izmir
C000287,U001651,CMP_SOC,2026-07-11,True,18-24,Gaziantep
C000288,U001659,CMP_SOC,2026-08-26,False,18-24,Istanbul
C000289,U001672,CMP_SOC,2026-09-26,True,35-44,Izmir
C000290,U001676,CMP_SOC,2026-07-26,False,18-24,Bursa
C000291,U001680,CMP_SOC,2026-09-22,False,18-24,Istanbul
C000292,U001702,CMP_SOC,2026-09-20,False,25-34,Ankara
C000293,U001713,CMP_SOC,2026-08-12,False,45-54,Bursa
C000294,U001738,CMP_SOC,2026-09-22,True,45-54,Istanbul
C000295,U001741,CMP_SOC,2026-07-10,False,18-24,Istanbul
C000296,U001742,CMP_SOC,2026-08-07,False,45-54,Istanbul
C000297,U001753,CMP_SOC,2026-09-25,False,35-44,Kocaeli
C000298,U001758,CMP_SOC,2026-08-10,False,18-24,Istanbul
C000299,U001769,CMP_SOC,2026-09-15,True,25-34,Ankara
C000300,U001772,CMP_SOC,2026-08-04,False,55+,Other
C000301,U001776,CMP_SOC,2026-09-21,False,18-24,Istanbul
C000302,U001783,CMP_SOC,2026-07-08,False,18-24,Other
C000303,U001785,CMP_SOC,2026-08-11,False,35-44,Istanbul
C000304,U001798,CMP_SOC,2026-08-06,False,35-44,Gaziantep
C000305,U001800,CMP_SOC,2026-08-10,False,25-34,Ankara
C000306,U001811,CMP_SOC,2026-08-08,True,25-34,Ankara
C000307,U001812,CMP_SOC,2026-08-04,False,25-34,Other
C000308,U001819,CMP_SOC,2026-07-28,False,35-44,Istanbul
C000309,U001825,CMP_SOC,2026-07-23,True,18-24,Istanbul
C000310,U001832,CMP_SOC,2026-08-21,False,18-24,Bursa
C000311,U001834,CMP_SOC,2026-08-04,False,25-34,Istanbul
C000312,U001838,CMP_SOC,2026-07-26,False,18-24,Izmir
C000313,U001846,CMP_SOC,2026-09-14,False,55+,Izmir
C000314,U001848,CMP_SOC,2026-08-06,False,18-24,Bursa
C000315,U001852,CMP_SOC,2026-09-09,True,35-44,Bursa
C000316,U001855,CMP_SOC,2026-08-12,False,18-24,Ankara
C000317,U001864,CMP_SOC,2026-09-29,False,25-34,Istanbul
C000318,U001871,CMP_SOC,2026-09-19,False,55+,Ankara
C000319,U001872,CMP_SOC,2026-07-25,False,35-44,Bursa
C000320,U001881,CMP_SOC,2026-09-23,True,25-34,Ankara
C000321,U001887,CMP_SOC,2026-09-13,True,25-34,Other
C000322,U001891,CMP_SOC,2026-07-17,False,25-34,Istanbul
C000323,U001904,CMP_SOC,2026-09-14,False,35-44,Izmir
C000324,U001907,CMP_SOC,2026-09-21,False,35-44,Istanbul
C000325,U001917,CMP_SOC,2026-08-31,False,35-44,Istanbul
C000326,U001922,CMP_SOC,2026-08-09,True,35-44,Istanbul
C000327,U001923,CMP_SOC,2026-09-09,False,25-34,Istanbul
C000328,U001924,CMP_SOC,2026-09-21,False,25-34,Ankara
C000329,U001925,CMP_SOC,2026-09-18,True,25-34,Antalya
C000330,U001936,CMP_SOC,2026-07-21,False,18-24,Konya
C000331,U001939,CMP_SOC,2026-08-20,False,18-24,Kayseri
C000332,U001949,CMP_SOC,2026-08-27,False,25-34,Istanbul
C000333,U001956,CMP_SOC,2026-09-24,False,18-24,Istanbul
C000334,U001958,CMP_SOC,2026-07-21,False,18-24,Antalya
C000335,U001969,CMP_SOC,2026-07-04,False,25-34,Other
C000336,U001985,CMP_SOC,2026-07-04,False,25-34,Other
C000337,U001988,CMP_SOC,2026-09-21,False,18-24,Istanbul
C000338,U001991,CMP_SOC,2026-08-15,False,45-54,Istanbul
C000339,U001994,CMP_SOC,2026-08-24,False,25-34,Other
C000340,U001997,CMP_SOC,2026-09-06,True,35-44,Gaziantep
C000341,U002009,CMP_SOC,2026-09-02,False,25-34,Other
C000342,U002010,CMP_SOC,2026-08-31,False,18-24,Izmir
C000343,U002011,CMP_SOC,2026-07-27,False,18-24,Ankara
C000344,U002014,CMP_SOC,2026-08-26,False,45-54,Izmir
C000345,U002016,CMP_SOC,2026-07-12,False,35-44,Gaziantep
C000346,U002019,CMP_SOC,2026-09-26,False,35-44,Konya
C000347,U002023,CMP_SOC,2026-09-07,False,18-24,Gaziantep
C000348,U002027,CMP_SOC,2026-07-12,True,25-34,Izmir
C000349,U002029,CMP_SOC,2026-08-07,False,25-34,Istanbul
C000350,U002037,CMP_SOC,2026-08-03,True,25-34,Istanbul
C000351,U002038,CMP_SOC,2026-08-20,False,25-34,Istanbul
C000352,U002040,CMP_SOC,2026-08-06,False,35-44,Istanbul
C000353,U002041,CMP_SOC,2026-09-25,False,25-34,Konya
C000354,U002044,CMP_SOC,2026-09-09,False,25-34,Ankara
C000355,U002046,CMP_SOC,2026-09-20,False,55+,Ankara
C000356,U002050,CMP_SOC,2026-07-29,False,25-34,Istanbul
C000357,U002056,CMP_SOC,2026-07-24,True,18-24,Kocaeli
C000358,U002064,CMP_SOC,2026-08-02,False,18-24,Istanbul
C000359,U002065,CMP_SOC,2026-08-27,False,25-34,Istanbul
C000360,U002070,CMP_SOC,2026-08-07,False,55+,Ankara
C000361,U002072,CMP_SOC,2026-08-04,False,18-24,Istanbul
C000362,U002075,CMP_SOC,2026-07-31,False,55+,Other
C000363,U002079,CMP_SOC,2026-07-12,True,35-44,Ankara
C000364,U002084,CMP_SOC,2026-09-26,False,35-44,Kocaeli
C000365,U002087,CMP_SOC,2026-08-20,False,45-54,Antalya
C000366,U002088,CMP_SOC,2026-09-16,False,25-34,Istanbul
C000367,U002092,CMP_SOC,2026-08-08,False,18-24,Istanbul
C000368,U002093,CMP_SOC,2026-07-28,False,25-34,Other
C000369,U002097,CMP_SOC,2026-09-30,True,35-44,Gaziantep
C000370,U002104,CMP_SOC,2026-08-21,False,45-54,Kocaeli
C000371,U002105,CMP_SOC,2026-09-15,False,25-34,Istanbul
C000372,U002117,CMP_SOC,2026-09-17,False,18-24,Izmir
C000373,U002124,CMP_SOC,2026-08-16,False,45-54,Konya
C000374,U002126,CMP_SOC,2026-08-27,True,18-24,Ankara
C000375,U002127,CMP_SOC,2026-07-13,True,18-24,Ankara
C000376,U002133,CMP_SOC,2026-08-06,True,25-34,Other
C000377,U002140,CMP_SOC,2026-07-16,False,18-24,Izmir
C000378,U002145,CMP_SOC,2026-09-17,True,45-54,Izmir
C000379,U002150,CMP_SOC,2026-09-21,False,18-24,Ankara
C000380,U002152,CMP_SOC,2026-07-08,False,35-44,Istanbul
C000381,U002156,CMP_SOC,2026-09-16,False,25-34,Istanbul
C000382,U002168,CMP_SOC,2026-09-17,False,18-24,Bursa
C000383,U002170,CMP_SOC,2026-09-14,False,45-54,Ankara
C000384,U002173,CMP_SOC,2026-09-12,False,55+,Istanbul
C000385,U002181,CMP_SOC,2026-07-31,True,35-44,Izmir
C000386,U002192,CMP_SOC,2026-07-08,True,18-24,Izmir
C000387,U002196,CMP_SOC,2026-08-23,False,35-44,Other
C000388,U002199,CMP_SOC,2026-09-22,False,18-24,Ankara
C000389,U002202,CMP_SOC,2026-08-06,False,18-24,Antalya
C000390,U002210,CMP_SOC,2026-09-04,True,25-34,Istanbul
C000391,U002215,CMP_SOC,2026-07-05,False,18-24,Kocaeli
C000392,U002235,CMP_SOC,2026-07-16,True,25-34,Other
C000393,U002238,CMP_SOC,2026-08-12,False,18-24,Konya
C000394,U002241,CMP_SOC,2026-07-25,False,35-44,Istanbul
C000395,U002242,CMP_SOC,2026-07-10,True,25-34,Izmir
C000396,U002243,CMP_SOC,2026-09-13,False,18-24,Istanbul
C000397,U002257,CMP_SOC,2026-07-13,False,35-44,Istanbul
C000398,U002269,CMP_SOC,2026-07-05,True,45-54,Istanbul
C000399,U002282,CMP_SOC,2026-08-05,True,18-24,Istanbul
C000400,U002298,CMP_SOC,2026-08-10,True,25-34,Other
C000401,U002300,CMP_SOC,2026-07-18,True,25-34,Istanbul
C000402,U002301,CMP_SOC,2026-07-26,True,35-44,Istanbul
C000403,U002302,CMP_SOC,2026-09-01,False,35-44,Antalya
C000404,U002303,CMP_SOC,2026-08-10,False,25-34,Bursa
C000405,U002307,CMP_SOC,2026-07-21,False,55+,Istanbul
C000406,U002314,CMP_SOC,2026-09-05,True,25-34,Other
C000407,U002324,CMP_SOC,2026-07-26,False,18-24,Istanbul
C000408,U002325,CMP_SOC,2026-08-26,False,45-54,Ankara
C000409,U002327,CMP_SOC,2026-07-12,False,18-24,Istanbul
C000410,U002328,CMP_SOC,2026-08-23,True,25-34,Gaziantep
C000411,U002333,CMP_SOC,2026-07-26,False,35-44,Istanbul
C000412,U002341,CMP_SOC,2026-07-06,False,55+,Gaziantep
C000413,U002359,CMP_SOC,2026-07-18,True,25-34,Istanbul
C000414,U002369,CMP_SOC,2026-09-26,True,25-34,Other
C000415,U002383,CMP_SOC,2026-08-14,False,18-24,Other
C000416,U002394,CMP_SOC,2026-08-18,False,35-44,Other
C000417,U002410,CMP_SOC,2026-09-12,False,45-54,Kayseri
C000418,U002411,CMP_SOC,2026-07-09,False,35-44,Istanbul
C000419,U002416,CMP_SOC,2026-08-14,False,35-44,Istanbul
C000420,U002421,CMP_SOC,2026-07-07,False,25-34,Ankara
C000421,U002422,CMP_SOC,2026-07-30,False,25-34,Bursa
C000422,U002427,CMP_SOC,2026-07-21,False,25-34,Ankara
C000423,U002431,CMP_SOC,2026-09-12,False,25-34,Konya
C000424,U002435,CMP_SOC,2026-07-05,False,18-24,Istanbul
C000425,U002439,CMP_SOC,2026-08-31,True,18-24,Istanbul
C000426,U002445,CMP_SOC,2026-08-05,True,25-34,Gaziantep
C000427,U002449,CMP_SOC,2026-08-30,False,25-34,Istanbul
C000428,U002452,CMP_SOC,2026-09-16,False,55+,Other
C000429,U002455,CMP_SOC,2026-09-19,False,25-34,Istanbul
C000430,U002476,CMP_SOC,2026-07-26,True,45-54,Other
C000431,U002482,CMP_SOC,2026-07-24,False,25-34,Other
C000432,U002488,CMP_SOC,2026-09-26,True,45-54,Istanbul
C000433,U002499,CMP_SOC,2026-09-19,False,25-34,Istanbul
C000434,U002501,CMP_SOC,2026-08-08,True,18-24,Istanbul
C000435,U002503,CMP_SOC,2026-08-12,False,35-44,Istanbul
C000436,U002504,CMP_SOC,2026-08-07,True,25-34,Istanbul
C000437,U002505,CMP_SOC,2026-07-16,False,25-34,Ankara
C000438,U002513,CMP_SOC,2026-07-22,False,35-44,Antalya
C000439,U002518,CMP_SOC,2026-09-22,False,18-24,Istanbul
C000440,U002519,CMP_SOC,2026-07-22,False,35-44,Istanbul
C000441,U002525,CMP_SOC,2026-07-06,False,18-24,Istanbul
C000442,U002528,CMP_SOC,2026-09-23,True,18-24,Konya
C000443,U002531,CMP_SOC,2026-08-15,True,25-34,Istanbul
C000444,U002534,CMP_SOC,2026-07-20,True,18-24,Istanbul
C000445,U002535,CMP_SOC,2026-08-22,False,18-24,Kayseri
C000446,U002537,CMP_SOC,2026-07-19,False,25-34,Konya
C000447,U002542,CMP_SOC,2026-07-22,False,25-34,Izmir
C000448,U002543,CMP_SOC,2026-07-08,False,25-34,Ankara
C000449,U002545,CMP_SOC,2026-08-26,True,18-24,Izmir
C000450,U002547,CMP_SOC,2026-08-04,False,25-34,Other
C000451,U002558,CMP_SOC,2026-09-07,False,35-44,Istanbul
C000452,U002559,CMP_SOC,2026-08-07,False,25-34,Istanbul
C000453,U002560,CMP_SOC,2026-09-20,False,35-44,Izmir
C000454,U002566,CMP_SOC,2026-09-06,False,18-24,Other
C000455,U002575,CMP_SOC,2026-09-21,False,45-54,Kayseri
C000456,U002580,CMP_SOC,2026-09-22,False,25-34,Other
C000457,U002593,CMP_SOC,2026-07-21,False,25-34,Other
C000458,U002595,CMP_SOC,2026-08-10,False,25-34,Konya
C000459,U002600,CMP_SOC,2026-08-13,False,18-24,Ankara
C000460,U002606,CMP_SOC,2026-09-30,False,25-34,Istanbul
C000461,U002612,CMP_SOC,2026-09-14,True,35-44,Izmir
C000462,U002636,CMP_SOC,2026-08-06,True,18-24,Other
C000463,U002639,CMP_SOC,2026-07-03,False,35-44,Istanbul
C000464,U002642,CMP_SOC,2026-08-17,False,18-24,Other
C000465,U002646,CMP_SOC,2026-09-13,False,55+,Konya
C000466,U002652,CMP_SOC,2026-07-23,False,18-24,Kayseri
C000467,U002657,CMP_SOC,2026-08-18,False,18-24,Istanbul
C000468,U002664,CMP_SOC,2026-07-12,False,35-44,Istanbul
C000469,U002677,CMP_SOC,2026-08-14,False,25-34,Istanbul
C000470,U002688,CMP_SOC,2026-09-12,False,18-24,Istanbul
C000471,U002701,CMP_SOC,2026-07-23,False,25-34,Ankara
C000472,U002708,CMP_SOC,2026-07-18,False,25-34,Ankara
C000473,U002711,CMP_SOC,2026-09-27,False,45-54,Istanbul
C000474,U002716,CMP_SOC,2026-09-04,False,25-34,Istanbul
C000475,U002717,CMP_SOC,2026-09-12,False,25-34,Istanbul
C000476,U002718,CMP_SOC,2026-09-30,False,35-44,Istanbul
C000477,U002719,CMP_SOC,2026-07-17,False,35-44,Istanbul
C000478,U002729,CMP_SOC,2026-07-19,False,45-54,Istanbul
C000479,U002730,CMP_SOC,2026-09-06,False,25-34,Ankara
C000480,U002741,CMP_SOC,2026-09-29,False,18-24,Bursa
C000481,U002744,CMP_SOC,2026-09-11,False,18-24,Antalya
C000482,U002746,CMP_SOC,2026-09-10,False,18-24,Kayseri
C000483,U002748,CMP_SOC,2026-08-19,False,25-34,Ankara
C000484,U002749,CMP_SOC,2026-09-15,True,55+,Izmir
C000485,U002773,CMP_SOC,2026-07-31,False,45-54,Istanbul
C000486,U002778,CMP_SOC,2026-07-01,False,25-34,Other
C000487,U002780,CMP_SOC,2026-08-13,False,25-34,Kocaeli
C000488,U002785,CMP_SOC,2026-07-26,False,45-54,Izmir
C000489,U002791,CMP_SOC,2026-07-12,False,25-34,Izmir
C000490,U002799,CMP_SOC,2026-08-15,False,18-24,Kocaeli
C000491,U002803,CMP_SOC,2026-09-09,False,25-34,Istanbul
C000492,U002809,CMP_SOC,2026-07-20,False,55+,Konya
C000493,U002823,CMP_SOC,2026-07-12,False,25-34,Istanbul
C000494,U002844,CMP_SOC,2026-08-26,False,25-34,Istanbul
C000495,U002853,CMP_SOC,2026-07-23,False,25-34,Istanbul
C000496,U002858,CMP_SOC,2026-07-03,False,18-24,Izmir
C000497,U002863,CMP_SOC,2026-07-15,True,18-24,Istanbul
C000498,U002864,CMP_SOC,2026-09-19,False,18-24,Kayseri
C000499,U002871,CMP_SOC,2026-08-29,True,45-54,Other
C000500,U002882,CMP_SOC,2026-08-19,False,25-34,Istanbul
C000501,U002884,CMP_SOC,2026-07-04,False,18-24,Gaziantep
C000502,U002885,CMP_SOC,2026-07-27,False,25-34,Istanbul
C000503,U002888,CMP_SOC,2026-07-09,False,35-44,Istanbul
C000504,U002892,CMP_SOC,2026-08-06,False,25-34,Ankara
C000505,U002894,CMP_SOC,2026-07-21,True,18-24,Bursa
C000506,U002895,CMP_SOC,2026-07-06,False,18-24,Izmir
C000507,U002901,CMP_SOC,2026-08-30,True,25-34,Antalya
C000508,U002908,CMP_SOC,2026-09-16,False,45-54,Ankara
C000509,U002910,CMP_SOC,2026-08-31,False,35-44,Istanbul
C000510,U002924,CMP_SOC,2026-09-07,True,55+,Istanbul
C000511,U002927,CMP_SOC,2026-09-14,False,45-54,Istanbul
C000512,U002933,CMP_SOC,2026-07-05,False,25-34,Ankara
C000513,U002935,CMP_SOC,2026-08-05,True,18-24,Ankara
C000514,U002945,CMP_SOC,2026-08-26,False,25-34,Istanbul
C000515,U002952,CMP_SOC,2026-07-03,True,45-54,Bursa
C000516,U002956,CMP_SOC,2026-08-09,False,25-34,Istanbul
C000517,U002961,CMP_SOC,2026-07-21,True,18-24,Konya
C000518,U002975,CMP_SOC,2026-08-25,False,18-24,Kayseri
C000519,U002977,CMP_SOC,2026-07-26,False,25-34,Kocaeli
C000520,U002983,CMP_SOC,2026-08-29,False,45-54,Ankara
C000521,U002985,CMP_SOC,2026-09-08,False,25-34,Istanbul
C000522,U002990,CMP_SOC,2026-08-22,False,18-24,Izmir
C000523,U002995,CMP_SOC,2026-08-20,False,18-24,Other
C000524,U002997,CMP_SOC,2026-07-12,False,25-34,Istanbul
C000525,U002999,CMP_SOC,2026-08-10,True,25-34,Istanbul
C000526,U003001,CMP_SOC,2026-08-10,False,55+,Ankara
C000527,U003004,CMP_SOC,2026-08-30,False,18-24,Other
C000528,U003007,CMP_SOC,2026-08-24,True,18-24,Ankara
C000529,U003008,CMP_SOC,2026-07-06,True,45-54,Konya
C000530,U003019,CMP_SOC,2026-08-19,True,45-54,Kayseri
C000531,U003022,CMP_SOC,2026-09-08,True,25-34,Bursa
C000532,U003025,CMP_SOC,2026-07-16,True,25-34,Istanbul
C000533,U003026,CMP_SOC,2026-09-19,True,18-24,Istanbul
C000534,U003027,CMP_SOC,2026-07-07,False,25-34,Istanbul
C000535,U003031,CMP_SOC,2026-08-20,False,45-54,Istanbul
C000536,U003040,CMP_SOC,2026-08-28,True,18-24,Ankara
C000537,U003046,CMP_SOC,2026-07-11,False,18-24,Antalya
C000538,U003047,CMP_SOC,2026-07-12,False,25-34,Other
C000539,U003049,CMP_SOC,2026-09-22,False,25-34,Other
C000540,U003055,CMP_SOC,2026-07-18,False,25-34,Istanbul
C000541,U003056,CMP_SOC,2026-08-10,True,25-34,Other
C000542,U003071,CMP_SOC,2026-07-11,False,18-24,Antalya
C000543,U003073,CMP_SOC,2026-08-29,False,35-44,Istanbul
C000544,U003078,CMP_SOC,2026-07-13,True,18-24,Other
C000545,U003083,CMP_SOC,2026-07-29,False,25-34,Istanbul
C000546,U003086,CMP_SOC,2026-09-24,True,35-44,Konya
C000547,U003092,CMP_SOC,2026-09-14,False,45-54,Istanbul
C000548,U003099,CMP_SOC,2026-08-13,False,25-34,Istanbul
C000549,U003101,CMP_SOC,2026-07-06,False,25-34,Istanbul
C000550,U003106,CMP_SOC,2026-07-04,True,35-44,Other
C000551,U003115,CMP_SOC,2026-09-03,False,25-34,Ankara
C000552,U003119,CMP_SOC,2026-07-29,False,25-34,Istanbul
C000553,U003128,CMP_SOC,2026-08-20,False,18-24,Izmir
C000554,U003131,CMP_SOC,2026-08-26,True,45-54,Istanbul
C000555,U003137,CMP_SOC,2026-07-10,True,35-44,Other
C000556,U003139,CMP_SOC,2026-07-28,False,25-34,Other
C000557,U003140,CMP_SOC,2026-07-09,True,35-44,Bursa
C000558,U003152,CMP_SOC,2026-08-07,True,35-44,Istanbul
C000559,U003163,CMP_SOC,2026-09-21,True,35-44,Istanbul
C000560,U003167,CMP_SOC,2026-08-07,False,18-24,Istanbul
C000561,U003171,CMP_SOC,2026-07-08,True,45-54,Istanbul
C000562,U003177,CMP_SOC,2026-09-21,False,25-34,Istanbul
C000563,U003180,CMP_SOC,2026-07-21,False,18-24,Kayseri
C000564,U003194,CMP_SOC,2026-07-06,True,35-44,Istanbul
C000565,U003213,CMP_SOC,2026-09-15,True,45-54,Ankara
C000566,U003215,CMP_SOC,2026-07-07,False,25-34,Other
C000567,U003224,CMP_SOC,2026-07-29,True,35-44,Other
C000568,U003226,CMP_SOC,2026-07-23,True,25-34,Other
C000569,U003229,CMP_SOC,2026-07-06,False,18-24,Istanbul
C000570,U003232,CMP_SOC,2026-08-31,True,25-34,Istanbul
C000571,U003254,CMP_SOC,2026-08-12,True,18-24,Istanbul
C000572,U003256,CMP_SOC,2026-08-19,False,25-34,Other
C000573,U003259,CMP_SOC,2026-07-26,False,25-34,Izmir
C000574,U003273,CMP_SOC,2026-07-12,False,18-24,Istanbul
C000575,U003285,CMP_SOC,2026-08-26,False,18-24,Other
C000576,U003288,CMP_SOC,2026-08-14,False,25-34,Konya
C000577,U003292,CMP_SOC,2026-07-28,False,18-24,Istanbul
C000578,U003293,CMP_SOC,2026-08-02,False,45-54,Other
C000579,U003294,CMP_SOC,2026-09-11,False,45-54,Bursa
C000580,U003298,CMP_SOC,2026-07-03,False,25-34,Izmir
C000581,U003302,CMP_SOC,2026-07-17,False,18-24,Istanbul
C000582,U003303,CMP_SOC,2026-09-26,True,25-34,Istanbul
C000583,U003329,CMP_SOC,2026-08-10,True,25-34,Istanbul
C000584,U003331,CMP_SOC,2026-07-13,False,25-34,Istanbul
C000585,U003332,CMP_SOC,2026-07-24,False,18-24,Ankara
C000586,U003333,CMP_SOC,2026-08-06,False,18-24,Other
C000587,U003335,CMP_SOC,2026-07-12,False,25-34,Izmir
C000588,U003339,CMP_SOC,2026-09-13,False,18-24,Izmir
C000589,U003345,CMP_SOC,2026-08-16,False,35-44,Other
C000590,U003346,CMP_SOC,2026-09-10,False,18-24,Other
C000591,U003348,CMP_SOC,2026-08-05,False,18-24,Other
C000592,U003358,CMP_SOC,2026-09-30,False,18-24,Ankara
C000593,U003362,CMP_SOC,2026-09-15,False,18-24,Other
C000594,U003365,CMP_SOC,2026-09-23,False,45-54,Kocaeli
C000595,U003366,CMP_SOC,2026-08-17,False,25-34,Istanbul
C000596,U003381,CMP_SOC,2026-08-14,False,18-24,Istanbul
C000597,U003382,CMP_SOC,2026-07-11,False,35-44,Izmir
C000598,U003383,CMP_SOC,2026-07-19,False,35-44,Istanbul
C000599,U003390,CMP_SOC,2026-07-23,False,25-34,Istanbul
C000600,U003401,CMP_SOC,2026-07-15,False,25-34,Izmir
C000601,U003410,CMP_SOC,2026-08-05,True,18-24,Istanbul
C000602,U003412,CMP_SOC,2026-07-15,False,25-34,Izmir
C000603,U003418,CMP_SOC,2026-09-27,False,25-34,Ankara
C000604,U003428,CMP_SOC,2026-08-08,False,45-54,Kocaeli
C000605,U003429,CMP_SOC,2026-08-21,False,25-34,Other
C000606,U003432,CMP_SOC,2026-08-12,False,18-24,Bursa
C000607,U003435,CMP_SOC,2026-09-26,True,18-24,Istanbul
C000608,U003439,CMP_SOC,2026-09-29,False,45-54,Konya
C000609,U003445,CMP_SOC,2026-07-30,False,45-54,Istanbul
C000610,U003449,CMP_SOC,2026-07-10,False,25-34,Ankara
C000611,U003451,CMP_SOC,2026-07-17,False,35-44,Ankara
C000612,U003457,CMP_SOC,2026-07-29,True,35-44,Izmir
C000613,U003467,CMP_SOC,2026-08-20,True,45-54,Ankara
C000614,U003483,CMP_SOC,2026-08-07,False,35-44,Istanbul
C000615,U003496,CMP_SOC,2026-08-09,False,45-54,Istanbul
C000616,U003504,CMP_SOC,2026-07-10,False,25-34,Other
C000617,U003505,CMP_SOC,2026-07-13,False,25-34,Istanbul
C000618,U003524,CMP_SOC,2026-07-27,False,25-34,Gaziantep
C000619,U003530,CMP_SOC,2026-08-15,False,45-54,Other
C000620,U003531,CMP_SOC,2026-08-14,False,25-34,Gaziantep
C000621,U003533,CMP_SOC,2026-08-30,False,25-34,Istanbul
C000622,U003535,CMP_SOC,2026-08-09,False,25-34,Izmir
C000623,U003543,CMP_SOC,2026-07-15,False,18-24,Istanbul
C000624,U003559,CMP_SOC,2026-09-22,False,25-34,Istanbul
C000625,U003560,CMP_SOC,2026-08-26,True,18-24,Kayseri
C000626,U003561,CMP_SOC,2026-08-11,False,35-44,Antalya
C000627,U003569,CMP_SOC,2026-09-02,True,55+,Istanbul
C000628,U003571,CMP_SOC,2026-09-13,False,25-34,Ankara
C000629,U003590,CMP_SOC,2026-07-18,False,45-54,Kocaeli
C000630,U003591,CMP_SOC,2026-07-13,False,55+,Other
C000631,U003601,CMP_SOC,2026-07-04,False,25-34,Ankara
C000632,U003605,CMP_SOC,2026-09-25,False,35-44,Konya
C000633,U003608,CMP_SOC,2026-07-02,True,25-34,Istanbul
C000634,U003613,CMP_SOC,2026-09-01,True,18-24,Other
C000635,U003617,CMP_SOC,2026-08-04,False,35-44,Istanbul
C000636,U003623,CMP_SOC,2026-08-04,True,18-24,Izmir
C000637,U003626,CMP_SOC,2026-07-06,True,25-34,Istanbul
C000638,U003630,CMP_SOC,2026-09-05,False,25-34,Istanbul
C000639,U003632,CMP_SOC,2026-09-26,False,35-44,Istanbul
C000640,U003637,CMP_SOC,2026-08-20,True,25-34,Istanbul
C000641,U003639,CMP_SOC,2026-08-13,False,25-34,Izmir
C000642,U003641,CMP_SOC,2026-07-19,False,25-34,Bursa
C000643,U003648,CMP_SOC,2026-07-08,False,18-24,Ankara
C000644,U003651,CMP_SOC,2026-09-12,False,25-34,Ankara
C000645,U003652,CMP_SOC,2026-09-01,False,18-24,Kayseri
C000646,U003653,CMP_SOC,2026-09-07,True,25-34,Istanbul
C000647,U003656,CMP_SOC,2026-08-03,False,25-34,Other
C000648,U003657,CMP_SOC,2026-09-29,False,35-44,Konya
C000649,U003661,CMP_SOC,2026-09-20,True,18-24,Other
C000650,U003663,CMP_SOC,2026-09-09,False,18-24,Istanbul
C000651,U003677,CMP_SOC,2026-08-21,True,35-44,Other
C000652,U003682,CMP_SOC,2026-09-14,False,18-24,Gaziantep
C000653,U003686,CMP_SOC,2026-08-13,True,35-44,Konya
C000654,U003694,CMP_SOC,2026-09-13,False,35-44,Other
C000655,U003708,CMP_SOC,2026-07-27,False,18-24,Istanbul
C000656,U003716,CMP_SOC,2026-09-08,True,25-34,Konya
C000657,U003720,CMP_SOC,2026-09-11,True,35-44,Istanbul
C000658,U003743,CMP_SOC,2026-08-07,False,35-44,Konya
C000659,U003745,CMP_SOC,2026-08-03,True,25-34,Kocaeli
C000660,U003746,CMP_SOC,2026-07-30,False,45-54,Konya
C000661,U003748,CMP_SOC,2026-07-28,True,18-24,Istanbul
C000662,U003751,CMP_SOC,2026-08-02,True,25-34,Ankara
C000663,U003759,CMP_SOC,2026-08-15,False,35-44,Izmir
C000664,U003760,CMP_SOC,2026-09-15,False,35-44,Istanbul
C000665,U003762,CMP_SOC,2026-09-11,False,25-34,Izmir
C000666,U003789,CMP_SOC,2026-07-12,False,35-44,Ankara
C000667,U003797,CMP_SOC,2026-09-22,False,18-24,Antalya
C000668,U003803,CMP_SOC,2026-09-13,True,35-44,Istanbul
C000669,U003805,CMP_SOC,2026-08-23,False,18-24,Istanbul
C000670,U003806,CMP_SOC,2026-08-24,True,25-34,Istanbul
C000671,U003809,CMP_SOC,2026-09-16,True,35-44,Konya
C000672,U003811,CMP_SOC,2026-08-05,False,18-24,Other
C000673,U003814,CMP_SOC,2026-09-23,False,35-44,Istanbul
C000674,U003816,CMP_SOC,2026-08-29,False,18-24,Ankara
C000675,U003828,CMP_SOC,2026-09-18,False,25-34,Istanbul
C000676,U003830,CMP_SOC,2026-07-12,False,45-54,Istanbul
C000677,U003831,CMP_SOC,2026-09-07,False,55+,Istanbul
C000678,U003832,CMP_SOC,2026-07-08,False,25-34,Bursa
C000679,U003837,CMP_SOC,2026-08-24,True,35-44,Other
C000680,U003838,CMP_SOC,2026-09-25,True,35-44,Ankara
C000681,U003844,CMP_SOC,2026-08-09,False,25-34,Istanbul
C000682,U003847,CMP_SOC,2026-08-15,False,25-34,Ankara
C000683,U003848,CMP_SOC,2026-08-29,False,18-24,Istanbul
C000684,U003851,CMP_SOC,2026-07-15,False,25-34,Istanbul
C000685,U003864,CMP_SOC,2026-09-15,False,18-24,Istanbul
C000686,U003874,CMP_SOC,2026-07-23,False,18-24,Other
C000687,U003897,CMP_SOC,2026-09-18,False,25-34,Antalya
C000688,U003898,CMP_SOC,2026-07-21,False,25-34,Istanbul
C000689,U003901,CMP_SOC,2026-09-10,False,25-34,Istanbul
C000690,U003902,CMP_SOC,2026-08-13,True,25-34,Bursa
C000691,U003904,CMP_SOC,2026-08-31,False,18-24,Kayseri
C000692,U003909,CMP_SOC,2026-09-08,False,35-44,Antalya
C000693,U003912,CMP_SOC,2026-07-13,False,25-34,Istanbul
C000694,U003914,CMP_SOC,2026-08-27,False,35-44,Istanbul
C000695,U003926,CMP_SOC,2026-09-27,False,25-34,Other
C000696,U003928,CMP_SOC,2026-09-15,False,35-44,Izmir
C000697,U003935,CMP_SOC,2026-09-24,True,25-34,Other
C000698,U003936,CMP_SOC,2026-08-25,False,18-24,Antalya
C000699,U003939,CMP_SOC,2026-08-31,False,35-44,Konya
C000700,U003946,CMP_SOC,2026-07-15,True,35-44,Istanbul
C000701,U003949,CMP_SOC,2026-09-17,False,45-54,Istanbul
C000702,U003959,CMP_SOC,2026-09-08,False,25-34,Ankara
C000703,U003960,CMP_SOC,2026-07-26,False,18-24,Other
C000704,U003967,CMP_SOC,2026-07-17,False,18-24,Other
C000705,U003968,CMP_SOC,2026-08-27,False,35-44,Izmir
C000706,U003970,CMP_SOC,2026-09-03,False,25-34,Istanbul
C000707,U003974,CMP_SOC,2026-08-21,False,25-34,Istanbul
C000708,U003989,CMP_SOC,2026-09-23,False,25-34,Izmir
C000709,U003995,CMP_SOC,2026-07-23,False,18-24,Istanbul
C000710,U003999,CMP_SOC,2026-09-26,False,18-24,Istanbul
C000711,U004000,CMP_SOC,2026-09-24,False,25-34,Kocaeli
C000712,U004009,CMP_SOC,2026-09-16,False,18-24,Izmir
C000713,U004012,CMP_SOC,2026-08-30,False,25-34,Istanbul
C000714,U004013,CMP_SOC,2026-07-29,False,18-24,Gaziantep
C000715,U004016,CMP_SOC,2026-07-21,False,35-44,Istanbul
C000716,U004019,CMP_SOC,2026-08-29,False,25-34,Other
C000717,U004021,CMP_SOC,2026-09-06,False,35-44,Other
C000718,U004023,CMP_SOC,2026-08-10,False,25-34,Other
C000719,U004024,CMP_SOC,2026-07-04,False,18-24,Istanbul
C000720,U004030,CMP_SOC,2026-08-09,False,25-34,Other
C000721,U004041,CMP_SOC,2026-08-28,False,35-44,Istanbul
C000722,U004043,CMP_SOC,2026-07-07,False,35-44,Istanbul
C000723,U004057,CMP_SOC,2026-09-06,False,35-44,Konya
C000724,U004059,CMP_SOC,2026-09-13,False,35-44,Konya
C000725,U004061,CMP_SOC,2026-08-29,True,35-44,Izmir
C000726,U004071,CMP_SOC,2026-07-06,False,45-54,Bursa
C000727,U004072,CMP_SOC,2026-08-24,True,55+,Bursa
C000728,U004075,CMP_SOC,2026-08-03,True,18-24,Other
C000729,U004089,CMP_SOC,2026-07-11,False,45-54,Konya
C000730,U004093,CMP_SOC,2026-07-22,False,35-44,Istanbul
C000731,U004095,CMP_SOC,2026-08-07,False,25-34,Ankara
C000732,U004112,CMP_SOC,2026-09-01,False,35-44,Other
C000733,U004115,CMP_SOC,2026-07-03,False,35-44,Istanbul
C000734,U004116,CMP_SOC,2026-07-05,False,25-34,Istanbul
C000735,U004117,CMP_SOC,2026-07-19,False,45-54,Istanbul
C000736,U004119,CMP_SOC,2026-08-10,True,25-34,Gaziantep
C000737,U004128,CMP_SOC,2026-09-27,False,25-34,Istanbul
C000738,U004133,CMP_SOC,2026-07-12,False,45-54,Antalya
C000739,U004139,CMP_SOC,2026-09-11,True,25-34,Other
C000740,U004145,CMP_SOC,2026-09-09,False,25-34,Istanbul
C000741,U004146,CMP_SOC,2026-09-20,False,35-44,Gaziantep
C000742,U004161,CMP_SOC,2026-07-11,True,18-24,Istanbul
C000743,U004162,CMP_SOC,2026-08-24,True,25-34,Bursa
C000744,U004164,CMP_SOC,2026-09-09,False,35-44,Ankara
C000745,U004173,CMP_SOC,2026-08-08,False,18-24,Other
C000746,U004183,CMP_SOC,2026-07-06,False,25-34,Izmir
C000747,U004188,CMP_SOC,2026-09-06,False,25-34,Ankara
C000748,U004193,CMP_SOC,2026-09-13,True,18-24,Izmir
C000749,U004197,CMP_SOC,2026-09-28,False,18-24,Other
C000750,U004198,CMP_SOC,2026-07-31,False,35-44,Gaziantep
C000751,U004200,CMP_SOC,2026-08-11,False,35-44,Konya
C000752,U004204,CMP_SOC,2026-08-17,False,25-34,Bursa
C000753,U004221,CMP_SOC,2026-08-03,False,35-44,Ankara
C000754,U004228,CMP_SOC,2026-08-30,False,25-34,Istanbul
C000755,U004240,CMP_SOC,2026-08-23,True,35-44,Istanbul
C000756,U004260,CMP_SOC,2026-08-22,False,18-24,Other
C000757,U004276,CMP_SOC,2026-08-30,False,18-24,Istanbul
C000758,U004277,CMP_SOC,2026-07-31,False,35-44,Ankara
C000759,U004284,CMP_SOC,2026-07-18,False,25-34,Konya
C000760,U004288,CMP_SOC,2026-07-28,False,25-34,Istanbul
C000761,U004292,CMP_SOC,2026-08-08,False,25-34,Other
C000762,U004297,CMP_SOC,2026-08-08,False,18-24,Ankara
C000763,U004303,CMP_SOC,2026-07-28,False,25-34,Ankara
C000764,U004325,CMP_SOC,2026-09-27,True,18-24,Ankara
C000765,U004332,CMP_SOC,2026-07-16,True,25-34,Ankara
C000766,U004335,CMP_SOC,2026-07-05,False,55+,Konya
C000767,U004348,CMP_SOC,2026-09-14,False,25-34,Antalya
C000768,U004352,CMP_SOC,2026-07-22,True,35-44,Istanbul
C000769,U004355,CMP_SOC,2026-07-15,False,45-54,Istanbul
C000770,U004371,CMP_SOC,2026-08-22,False,25-34,Istanbul
C000771,U004373,CMP_SOC,2026-09-02,True,18-24,Ankara
C000772,U004380,CMP_SOC,2026-08-12,True,25-34,Istanbul
C000773,U004384,CMP_SOC,2026-08-10,False,55+,Ankara
C000774,U004393,CMP_SOC,2026-08-19,True,25-34,Istanbul
C000775,U004394,CMP_SOC,2026-09-02,False,45-54,Other
C000776,U004399,CMP_SOC,2026-08-08,True,18-24,Istanbul
C000777,U004400,CMP_SOC,2026-09-23,False,25-34,Kayseri
C000778,U004409,CMP_SOC,2026-08-06,False,25-34,Ankara
C000779,U004413,CMP_SOC,2026-09-02,True,18-24,Konya
C000780,U004430,CMP_SOC,2026-07-11,False,25-34,Ankara
C000781,U004449,CMP_SOC,2026-07-13,False,25-34,Istanbul
C000782,U004451,CMP_SOC,2026-08-11,False,18-24,Istanbul
C000783,U004455,CMP_SOC,2026-08-18,False,25-34,Antalya
C000784,U004463,CMP_SOC,2026-09-03,False,18-24,Other
C000785,U004470,CMP_SOC,2026-09-01,False,18-24,Izmir
C000786,U004474,CMP_SOC,2026-08-08,False,25-34,Other
C000787,U004475,CMP_SOC,2026-07-13,False,45-54,Konya
C000788,U004480,CMP_SOC,2026-08-14,False,18-24,Other
C000789,U004482,CMP_SOC,2026-09-07,False,18-24,Other
C000790,U004483,CMP_SOC,2026-07-02,False,25-34,Konya
C000791,U004484,CMP_SOC,2026-07-30,False,25-34,Gaziantep
C000792,U004497,CMP_SOC,2026-08-30,False,35-44,Istanbul
C000793,U004502,CMP_SOC,2026-09-15,False,18-24,Ankara
C000794,U004503,CMP_SOC,2026-08-28,True,25-34,Istanbul
C000795,U004504,CMP_SOC,2026-07-15,False,18-24,Istanbul
C000796,U004531,CMP_SOC,2026-08-22,False,25-34,Istanbul
C000797,U004545,CMP_SOC,2026-07-12,True,18-24,Istanbul
C000798,U004555,CMP_SOC,2026-09-10,False,18-24,Izmir
C000799,U004561,CMP_SOC,2026-08-15,False,18-24,Istanbul
C000800,U004572,CMP_SOC,2026-07-25,False,25-34,Other
C000801,U004585,CMP_SOC,2026-07-25,False,25-34,Ankara
C000802,U004597,CMP_SOC,2026-07-09,False,18-24,Ankara
C000803,U004603,CMP_SOC,2026-08-28,True,25-34,Other
C000804,U004604,CMP_SOC,2026-09-13,False,25-34,Izmir
C000805,U004610,CMP_SOC,2026-09-16,False,35-44,Istanbul
C000806,U004612,CMP_SOC,2026-08-24,True,35-44,Istanbul
C000807,U004613,CMP_SOC,2026-07-21,False,25-34,Konya
C000808,U004614,CMP_SOC,2026-08-04,False,25-34,Gaziantep
C000809,U004620,CMP_SOC,2026-09-21,False,25-34,Istanbul
C000810,U004623,CMP_SOC,2026-09-17,True,18-24,Gaziantep
C000811,U004626,CMP_SOC,2026-08-07,True,25-34,Gaziantep
C000812,U004629,CMP_SOC,2026-08-01,False,35-44,Bursa
C000813,U004632,CMP_SOC,2026-08-23,False,18-24,Bursa
C000814,U004636,CMP_SOC,2026-08-31,False,25-34,Antalya
C000815,U004637,CMP_SOC,2026-07-18,False,25-34,Bursa
C000816,U004640,CMP_SOC,2026-07-15,False,35-44,Istanbul
C000817,U004642,CMP_SOC,2026-09-19,True,25-34,Other
C000818,U004643,CMP_SOC,2026-09-19,True,45-54,Kocaeli
C000819,U004644,CMP_SOC,2026-08-22,False,25-34,Istanbul
C000820,U004650,CMP_SOC,2026-09-04,False,25-34,Ankara
C000821,U004652,CMP_SOC,2026-08-29,True,25-34,Istanbul
C000822,U004654,CMP_SOC,2026-08-04,True,45-54,Ankara
C000823,U004675,CMP_SOC,2026-08-02,False,18-24,Bursa
C000824,U004680,CMP_SOC,2026-08-24,True,25-34,Izmir
C000825,U004685,CMP_SOC,2026-07-17,False,25-34,Other
C000826,U004686,CMP_SOC,2026-07-20,False,25-34,Izmir
C000827,U004694,CMP_SOC,2026-09-19,False,18-24,Ankara
C000828,U004695,CMP_SOC,2026-08-27,False,18-24,Other
C000829,U004696,CMP_SOC,2026-08-19,False,55+,Istanbul
C000830,U004698,CMP_SOC,2026-08-26,True,55+,Ankara
C000831,U004699,CMP_SOC,2026-08-23,False,25-34,Kocaeli
C000832,U004704,CMP_SOC,2026-09-13,False,45-54,Istanbul
C000833,U004708,CMP_SOC,2026-08-07,False,35-44,Istanbul
C000834,U004712,CMP_SOC,2026-07-18,True,35-44,Other
C000835,U004714,CMP_SOC,2026-08-01,False,45-54,Istanbul
C000836,U004726,CMP_SOC,2026-08-21,False,35-44,Other
C000837,U004730,CMP_SOC,2026-07-07,False,35-44,Istanbul
C000838,U004732,CMP_SOC,2026-08-10,True,35-44,Istanbul
C000839,U004735,CMP_SOC,2026-08-24,False,45-54,Istanbul
C000840,U004745,CMP_SOC,2026-08-08,True,35-44,Bursa
C000841,U004756,CMP_SOC,2026-09-12,False,18-24,Izmir
C000842,U004757,CMP_SOC,2026-09-04,False,18-24,Istanbul
C000843,U004763,CMP_SOC,2026-08-20,False,25-34,Antalya
C000844,U004765,CMP_SOC,2026-07-09,True,18-24,Istanbul
C000845,U004776,CMP_SOC,2026-07-28,False,25-34,Istanbul
C000846,U004779,CMP_SOC,2026-09-20,False,45-54,Other
C000847,U004784,CMP_SOC,2026-08-16,False,45-54,Antalya
C000848,U004791,CMP_SOC,2026-08-30,False,18-24,Other
C000849,U004801,CMP_SOC,2026-09-20,False,18-24,Istanbul
C000850,U004807,CMP_SOC,2026-07-16,False,18-24,Istanbul
C000851,U004810,CMP_SOC,2026-07-22,False,18-24,Izmir
C000852,U004814,CMP_SOC,2026-07-20,False,35-44,Istanbul
C000853,U004818,CMP_SOC,2026-09-05,False,35-44,Ankara
C000854,U004822,CMP_SOC,2026-08-15,False,35-44,Istanbul
C000855,U004840,CMP_SOC,2026-08-13,False,25-34,Istanbul
C000856,U004845,CMP_SOC,2026-07-11,False,18-24,Istanbul
C000857,U004846,CMP_SOC,2026-08-02,False,35-44,Konya
C000858,U004852,CMP_SOC,2026-08-24,False,18-24,Ankara
C000859,U004855,CMP_SOC,2026-09-16,False,25-34,Istanbul
C000860,U004858,CMP_SOC,2026-09-20,False,25-34,Istanbul
C000861,U004865,CMP_SOC,2026-09-09,True,18-24,Kocaeli
C000862,U004867,CMP_SOC,2026-09-11,False,25-34,Ankara
C000863,U004869,CMP_SOC,2026-09-08,False,45-54,Istanbul
C000864,U004874,CMP_SOC,2026-08-09,False,18-24,Istanbul
C000865,U004875,CMP_SOC,2026-08-01,False,25-34,Other
C000866,U004911,CMP_SOC,2026-09-27,False,25-34,Other
C000867,U004915,CMP_SOC,2026-07-05,False,25-34,Istanbul
C000868,U004925,CMP_SOC,2026-08-21,False,45-54,Gaziantep
C000869,U004928,CMP_SOC,2026-09-27,False,45-54,Gaziantep
C000870,U004932,CMP_SOC,2026-09-27,False,35-44,Ankara
C000871,U004935,CMP_SOC,2026-08-14,False,18-24,Izmir
C000872,U004943,CMP_SOC,2026-07-13,False,25-34,Istanbul
C000873,U004962,CMP_SOC,2026-09-12,False,45-54,Istanbul
C000874,U004963,CMP_SOC,2026-07-23,False,25-34,Kocaeli
C000875,U004969,CMP_SOC,2026-09-27,False,18-24,Izmir
C000876,U004972,CMP_SOC,2026-09-23,False,35-44,Other
C000877,U004977,CMP_SOC,2026-07-07,False,25-34,Other
C000878,U004984,CMP_SOC,2026-09-06,False,25-34,Ankara
C000879,U004989,CMP_SOC,2026-09-23,False,18-24,Istanbul
C000880,U004991,CMP_SOC,2026-09-17,True,35-44,Istanbul
C000881,U005004,CMP_SOC,2026-08-17,False,18-24,Kocaeli
C000882,U005013,CMP_SOC,2026-09-16,False,25-34,Istanbul
C000883,U005018,CMP_SOC,2026-07-30,False,55+,Istanbul
C000884,U005021,CMP_SOC,2026-07-10,False,25-34,Other
C000885,U005022,CMP_SOC,2026-09-19,False,25-34,Istanbul
C000886,U005023,CMP_SOC,2026-08-16,False,18-24,Ankara
C000887,U005029,CMP_SOC,2026-07-27,False,25-34,Istanbul
C000888,U005032,CMP_SOC,2026-08-26,True,45-54,Istanbul
C000889,U005033,CMP_SOC,2026-09-24,False,18-24,Istanbul
C000890,U005034,CMP_SOC,2026-08-12,False,25-34,Other
C000891,U005055,CMP_SOC,2026-07-31,False,25-34,Istanbul
C000892,U005057,CMP_SOC,2026-09-08,False,35-44,Other
C000893,U005062,CMP_SOC,2026-07-18,False,25-34,Izmir
C000894,U005068,CMP_SOC,2026-09-01,True,55+,Konya
C000895,U005069,CMP_SOC,2026-08-08,True,18-24,Istanbul
C000896,U005081,CMP_SOC,2026-07-06,False,25-34,Antalya
C000897,U005087,CMP_SOC,2026-08-15,True,18-24,Konya
C000898,U005093,CMP_SOC,2026-07-07,True,25-34,Istanbul
C000899,U005094,CMP_SOC,2026-08-20,False,25-34,Istanbul
C000900,U005116,CMP_SOC,2026-08-21,False,25-34,Istanbul
C000901,U005119,CMP_SOC,2026-07-10,True,18-24,Konya
C000902,U005125,CMP_SOC,2026-09-03,False,25-34,Istanbul
C000903,U005135,CMP_SOC,2026-07-23,True,25-34,Kayseri
C000904,U005146,CMP_SOC,2026-09-24,False,25-34,Istanbul
C000905,U005148,CMP_SOC,2026-08-21,True,18-24,Istanbul
C000906,U005149,CMP_SOC,2026-08-17,False,25-34,Ankara
C000907,U005152,CMP_SOC,2026-09-06,False,25-34,Istanbul
C000908,U005153,CMP_SOC,2026-07-03,False,55+,Istanbul
C000909,U005164,CMP_SOC,2026-08-31,True,25-34,Istanbul
C000910,U005165,CMP_SOC,2026-09-16,True,55+,Istanbul
C000911,U005174,CMP_SOC,2026-07-22,False,25-34,Other
C000912,U005180,CMP_SOC,2026-09-27,False,25-34,Istanbul
C000913,U005190,CMP_SOC,2026-09-18,False,55+,Istanbul
C000914,U005192,CMP_SOC,2026-07-09,False,18-24,Istanbul
C000915,U005197,CMP_SOC,2026-08-19,False,25-34,Istanbul
C000916,U005202,CMP_SOC,2026-07-03,False,25-34,Other
C000917,U005205,CMP_SOC,2026-08-31,False,25-34,Istanbul
C000918,U005212,CMP_SOC,2026-09-28,False,25-34,Ankara
C000919,U005215,CMP_SOC,2026-07-22,False,25-34,Other
C000920,U005218,CMP_SOC,2026-08-18,True,45-54,Istanbul
C000921,U005222,CMP_SOC,2026-08-17,False,45-54,Antalya
C000922,U005225,CMP_SOC,2026-07-15,False,25-34,Istanbul
C000923,U005229,CMP_SOC,2026-08-09,False,35-44,Istanbul
C000924,U005236,CMP_SOC,2026-07-05,False,25-34,Antalya
C000925,U005241,CMP_SOC,2026-09-18,False,18-24,Izmir
C000926,U005251,CMP_SOC,2026-08-23,False,25-34,Ankara
C000927,U005262,CMP_SOC,2026-08-21,False,45-54,Kocaeli
C000928,U005264,CMP_SOC,2026-09-14,False,18-24,Istanbul
C000929,U005266,CMP_SOC,2026-09-08,False,25-34,Istanbul
C000930,U005269,CMP_SOC,2026-07-14,False,35-44,Istanbul
C000931,U005271,CMP_SOC,2026-09-01,False,18-24,Istanbul
C000932,U005280,CMP_SOC,2026-08-01,True,25-34,Other
C000933,U005299,CMP_SOC,2026-09-21,False,25-34,Ankara
C000934,U005305,CMP_SOC,2026-07-21,True,18-24,Istanbul
C000935,U005314,CMP_SOC,2026-07-09,False,18-24,Istanbul
C000936,U005319,CMP_SOC,2026-08-25,False,35-44,Istanbul
C000937,U005320,CMP_SOC,2026-08-06,False,18-24,Kocaeli
C000938,U005325,CMP_SOC,2026-09-22,False,35-44,Istanbul
C000939,U005327,CMP_SOC,2026-08-06,False,18-24,Ankara
C000940,U005330,CMP_SOC,2026-09-08,False,18-24,Gaziantep
C000941,U005332,CMP_SOC,2026-07-26,False,25-34,Konya
C000942,U005342,CMP_SOC,2026-08-14,False,45-54,Istanbul
C000943,U005346,CMP_SOC,2026-07-08,True,25-34,Istanbul
C000944,U005348,CMP_SOC,2026-09-09,False,45-54,Ankara
C000945,U005350,CMP_SOC,2026-07-13,False,18-24,Ankara
C000946,U005352,CMP_SOC,2026-08-02,True,18-24,Ankara
C000947,U005353,CMP_SOC,2026-09-24,True,55+,Ankara
C000948,U005357,CMP_SOC,2026-09-12,False,25-34,Konya
C000949,U005359,CMP_SOC,2026-08-07,False,25-34,Istanbul
C000950,U005360,CMP_SOC,2026-08-07,False,25-34,Izmir
C000951,U005368,CMP_SOC,2026-07-27,False,18-24,Ankara
C000952,U005383,CMP_SOC,2026-09-20,False,25-34,Istanbul
C000953,U005384,CMP_SOC,2026-08-13,False,45-54,Ankara
C000954,U005387,CMP_SOC,2026-08-11,False,18-24,Istanbul
C000955,U005389,CMP_SOC,2026-07-20,False,35-44,Istanbul
C000956,U005392,CMP_SOC,2026-08-17,False,18-24,Istanbul
C000957,U005397,CMP_SOC,2026-09-11,True,18-24,Other
C000958,U005398,CMP_SOC,2026-08-23,False,25-34,Istanbul
C000959,U005406,CMP_SOC,2026-08-22,False,18-24,Istanbul
C000960,U005411,CMP_SOC,2026-09-26,False,25-34,Other
C000961,U005415,CMP_SOC,2026-08-26,False,45-54,Other
C000962,U005416,CMP_SOC,2026-09-20,False,25-34,Istanbul
C000963,U005421,CMP_SOC,2026-09-06,False,25-34,Istanbul
C000964,U005423,CMP_SOC,2026-08-11,False,55+,Antalya
C000965,U005433,CMP_SOC,2026-07-18,False,18-24,Antalya
C000966,U005434,CMP_SOC,2026-09-09,False,55+,Ankara
C000967,U005436,CMP_SOC,2026-07-30,False,18-24,Istanbul
C000968,U005438,CMP_SOC,2026-07-05,True,18-24,Istanbul
C000969,U005444,CMP_SOC,2026-09-13,False,25-34,Istanbul
C000970,U005450,CMP_SOC,2026-09-09,True,25-34,Izmir
C000971,U005452,CMP_SOC,2026-09-07,False,18-24,Istanbul
C000972,U005460,CMP_SOC,2026-08-22,False,18-24,Konya
C000973,U005462,CMP_SOC,2026-08-09,False,35-44,Istanbul
C000974,U005468,CMP_SOC,2026-08-25,True,35-44,Other
C000975,U005473,CMP_SOC,2026-09-13,False,18-24,Kocaeli
C000976,U005482,CMP_SOC,2026-07-02,False,25-34,Other
C000977,U005487,CMP_SOC,2026-07-01,False,18-24,Istanbul
C000978,U005488,CMP_SOC,2026-09-12,False,18-24,Kocaeli
C000979,U005489,CMP_SOC,2026-07-26,False,35-44,Gaziantep
C000980,U005504,CMP_SOC,2026-08-16,True,25-34,Other
C000981,U005506,CMP_SOC,2026-09-27,False,18-24,Kocaeli
C000982,U005508,CMP_SOC,2026-09-02,False,35-44,Bursa
C000983,U005509,CMP_SOC,2026-09-27,False,25-34,Istanbul
C000984,U005518,CMP_SOC,2026-09-27,True,45-54,Izmir
C000985,U005519,CMP_SOC,2026-07-29,False,35-44,Other
C000986,U005521,CMP_SOC,2026-09-22,False,18-24,Istanbul
C000987,U005526,CMP_SOC,2026-08-09,False,18-24,Bursa
C000988,U005531,CMP_SOC,2026-09-29,False,18-24,Bursa
C000989,U005532,CMP_SOC,2026-07-11,False,25-34,Antalya
C000990,U005550,CMP_SOC,2026-08-28,False,25-34,Istanbul
C000991,U005551,CMP_SOC,2026-09-27,True,35-44,Other
C000992,U005564,CMP_SOC,2026-07-23,False,25-34,Konya
C000993,U005565,CMP_SOC,2026-09-07,False,25-34,Istanbul
C000994,U005566,CMP_SOC,2026-09-11,False,25-34,Gaziantep
C000995,U005567,CMP_SOC,2026-09-20,False,18-24,Istanbul
C000996,U005569,CMP_SOC,2026-08-07,True,18-24,Kayseri
C000997,U005575,CMP_SOC,2026-09-02,False,35-44,Kayseri
C000998,U005580,CMP_SOC,2026-07-27,False,18-24,Istanbul
C000999,U005589,CMP_SOC,2026-08-02,False,25-34,Istanbul
C001000,U005590,CMP_SOC,2026-07-16,False,35-44,Other
C001001,U005591,CMP_SOC,2026-07-14,False,35-44,Istanbul
C001002,U005592,CMP_SOC,2026-07-27,False,25-34,Other
C001003,U005593,CMP_SOC,2026-09-12,False,35-44,Istanbul
C001004,U005597,CMP_SOC,2026-07-06,False,45-54,Istanbul
C001005,U005617,CMP_SOC,2026-08-14,False,18-24,Other
C001006,U005630,CMP_SOC,2026-07-29,False,35-44,Antalya
C001007,U005634,CMP_SOC,2026-09-17,False,25-34,Ankara
C001008,U005637,CMP_SOC,2026-08-10,False,25-34,Istanbul
C001009,U005640,CMP_SOC,2026-09-06,False,25-34,Other
C001010,U005642,CMP_SOC,2026-07-17,False,25-34,Ankara
C001011,U005659,CMP_SOC,2026-07-09,False,18-24,Kayseri
C001012,U005664,CMP_SOC,2026-08-04,False,18-24,Bursa
C001013,U005667,CMP_SOC,2026-07-31,True,18-24,Izmir
C001014,U005672,CMP_SOC,2026-08-02,False,18-24,Ankara
C001015,U005679,CMP_SOC,2026-08-04,False,25-34,Istanbul
C001016,U005686,CMP_SOC,2026-08-20,False,25-34,Gaziantep
C001017,U005688,CMP_SOC,2026-07-31,False,35-44,Istanbul
C001018,U005692,CMP_SOC,2026-07-20,True,25-34,Istanbul
C001019,U005697,CMP_SOC,2026-09-10,False,25-34,Istanbul
C001020,U005702,CMP_SOC,2026-08-08,False,35-44,Istanbul
C001021,U005705,CMP_SOC,2026-09-22,False,18-24,Ankara
C001022,U005706,CMP_SOC,2026-08-01,False,45-54,Ankara
C001023,U005707,CMP_SOC,2026-07-14,True,25-34,Izmir
C001024,U005714,CMP_SOC,2026-07-15,True,25-34,Other
C001025,U005719,CMP_SOC,2026-07-06,False,18-24,Istanbul
C001026,U005736,CMP_SOC,2026-08-27,False,25-34,Konya
C001027,U005743,CMP_SOC,2026-07-20,False,18-24,Other
C001028,U005747,CMP_SOC,2026-09-15,False,35-44,Ankara
C001029,U005748,CMP_SOC,2026-09-07,False,55+,Kocaeli
C001030,U005750,CMP_SOC,2026-07-14,True,25-34,Izmir
C001031,U005751,CMP_SOC,2026-07-08,False,25-34,Istanbul
C001032,U005756,CMP_SOC,2026-07-30,False,25-34,Ankara
C001033,U005758,CMP_SOC,2026-08-05,False,18-24,Istanbul
C001034,U005764,CMP_SOC,2026-08-26,True,18-24,Other
C001035,U005766,CMP_SOC,2026-09-27,True,25-34,Kayseri
C001036,U005770,CMP_SOC,2026-07-31,False,18-24,Istanbul
C001037,U005773,CMP_SOC,2026-08-04,False,35-44,Bursa
C001038,U005774,CMP_SOC,2026-07-14,False,25-34,Other
C001039,U005775,CMP_SOC,2026-08-01,False,35-44,Bursa
C001040,U005779,CMP_SOC,2026-09-27,False,25-34,Izmir
C001041,U005780,CMP_SOC,2026-08-09,False,25-34,Istanbul
C001042,U005785,CMP_SOC,2026-07-15,False,25-34,Istanbul
C001043,U005792,CMP_SOC,2026-09-26,True,25-34,Other
C001044,U005794,CMP_SOC,2026-09-12,False,25-34,Istanbul
C001045,U005795,CMP_SOC,2026-08-16,False,25-34,Istanbul
C001046,U005821,CMP_SOC,2026-08-02,False,25-34,Istanbul
C001047,U005822,CMP_SOC,2026-09-08,False,18-24,Istanbul
C001048,U005825,CMP_SOC,2026-07-04,False,25-34,Kayseri
C001049,U005826,CMP_SOC,2026-07-20,False,25-34,Ankara
C001050,U005841,CMP_SOC,2026-09-08,False,35-44,Istanbul
C001051,U005846,CMP_SOC,2026-07-10,False,25-34,Other
C001052,U005854,CMP_SOC,2026-08-29,True,25-34,Istanbul
C001053,U005858,CMP_SOC,2026-08-24,False,18-24,Istanbul
C001054,U005860,CMP_SOC,2026-09-18,True,18-24,Istanbul
C001055,U005865,CMP_SOC,2026-07-13,False,25-34,Other
C001056,U005868,CMP_SOC,2026-07-30,True,35-44,Kocaeli
C001057,U005871,CMP_SOC,2026-08-28,False,25-34,Istanbul
C001058,U005882,CMP_SOC,2026-09-09,True,25-34,Kayseri
C001059,U005885,CMP_SOC,2026-09-25,False,25-34,Istanbul
C001060,U005886,CMP_SOC,2026-09-16,False,25-34,Istanbul
C001061,U005888,CMP_SOC,2026-09-18,False,25-34,Kayseri
C001062,U005901,CMP_SOC,2026-08-03,False,35-44,Kayseri
C001063,U005905,CMP_SOC,2026-09-22,False,55+,Istanbul
C001064,U005917,CMP_SOC,2026-07-07,False,25-34,Istanbul
C001065,U005918,CMP_SOC,2026-08-21,False,18-24,Izmir
C001066,U005927,CMP_SOC,2026-09-17,True,25-34,Izmir
C001067,U005928,CMP_SOC,2026-08-16,False,25-34,Other
C001068,U005944,CMP_SOC,2026-08-22,False,18-24,Other
C001069,U005947,CMP_SOC,2026-07-12,True,25-34,Izmir
C001070,U005948,CMP_SOC,2026-09-18,False,25-34,Konya
C001071,U005967,CMP_SOC,2026-07-07,False,18-24,Other
C001072,U005972,CMP_SOC,2026-09-03,False,25-34,Kayseri
C001073,U005973,CMP_SOC,2026-09-19,False,18-24,Antalya
C001074,U005985,CMP_SOC,2026-08-03,False,18-24,Ankara
C001075,U005987,CMP_SOC,2026-08-29,True,25-34,Other
C001076,U006010,CMP_SOC,2026-07-07,False,25-34,Bursa
C001077,U006012,CMP_SOC,2026-08-08,False,18-24,Istanbul
C001078,U006015,CMP_SOC,2026-07-30,False,18-24,Istanbul
C001079,U006017,CMP_SOC,2026-09-12,False,25-34,Istanbul
C001080,U006023,CMP_SOC,2026-09-16,False,18-24,Istanbul
C001081,U006030,CMP_SOC,2026-08-17,True,35-44,Other
C001082,U006034,CMP_SOC,2026-09-06,True,35-44,Kocaeli
C001083,U006045,CMP_SOC,2026-09-19,False,25-34,Istanbul
C001084,U006050,CMP_SOC,2026-07-05,False,35-44,Istanbul
C001085,U006057,CMP_SOC,2026-08-02,True,25-34,Istanbul
C001086,U006063,CMP_SOC,2026-09-17,False,25-34,Kayseri
C001087,U006068,CMP_SOC,2026-08-18,False,35-44,Istanbul
C001088,U006071,CMP_SOC,2026-07-25,False,35-44,Istanbul
C001089,U006078,CMP_SOC,2026-08-07,False,35-44,Istanbul
C001090,U006087,CMP_SOC,2026-08-26,False,18-24,Istanbul
C001091,U006099,CMP_SOC,2026-08-08,True,18-24,Istanbul
C001092,U006103,CMP_SOC,2026-09-07,False,55+,Istanbul
C001093,U006106,CMP_SOC,2026-09-18,False,45-54,Izmir
C001094,U006107,CMP_SOC,2026-07-15,False,25-34,Ankara
C001095,U006112,CMP_SOC,2026-09-14,False,18-24,Bursa
C001096,U006120,CMP_SOC,2026-09-05,True,25-34,Istanbul
C001097,U006128,CMP_SOC,2026-09-29,False,18-24,Kocaeli
C001098,U006133,CMP_SOC,2026-08-24,False,25-34,Izmir
C001099,U006141,CMP_SOC,2026-08-15,False,25-34,Other
C001100,U006143,CMP_SOC,2026-08-24,False,18-24,Other
C001101,U006145,CMP_SOC,2026-09-11,False,35-44,Ankara
C001102,U006148,CMP_SOC,2026-09-16,False,18-24,Istanbul
C001103,U006149,CMP_SOC,2026-09-29,False,35-44,Konya
C001104,U006164,CMP_SOC,2026-08-05,False,25-34,Istanbul
C001105,U006166,CMP_SOC,2026-07-19,True,35-44,Other
C001106,U006177,CMP_SOC,2026-07-23,False,25-34,Istanbul
C001107,U006180,CMP_SOC,2026-07-26,False,35-44,Izmir
C001108,U006181,CMP_SOC,2026-09-11,False,25-34,Istanbul
C001109,U006188,CMP_SOC,2026-09-26,False,25-34,Other
C001110,U006199,CMP_SOC,2026-07-22,False,25-34,Istanbul
C001111,U006203,CMP_SOC,2026-08-08,False,35-44,Ankara
C001112,U006206,CMP_SOC,2026-08-19,False,45-54,Izmir
C001113,U006212,CMP_SOC,2026-09-03,True,35-44,Ankara
C001114,U006222,CMP_SOC,2026-08-23,False,55+,Istanbul
C001115,U006231,CMP_SOC,2026-09-07,False,18-24,Istanbul
C001116,U006236,CMP_SOC,2026-08-09,False,35-44,Istanbul
C001117,U006238,CMP_SOC,2026-08-29,False,25-34,Other
C001118,U006242,CMP_SOC,2026-09-02,True,25-34,Antalya
C001119,U006243,CMP_SOC,2026-08-30,False,35-44,Ankara
C001120,U006252,CMP_SOC,2026-08-05,False,25-34,Istanbul
C001121,U006256,CMP_SOC,2026-07-08,False,18-24,Istanbul
C001122,U006269,CMP_SOC,2026-09-17,False,25-34,Ankara
C001123,U006273,CMP_SOC,2026-09-23,False,45-54,Istanbul
C001124,U006278,CMP_SOC,2026-09-07,False,18-24,Other
C001125,U006283,CMP_SOC,2026-07-13,False,45-54,Other
C001126,U006284,CMP_SOC,2026-08-25,False,25-34,Ankara
C001127,U006288,CMP_SOC,2026-07-22,False,55+,Istanbul
C001128,U006289,CMP_SOC,2026-08-12,False,18-24,Istanbul
C001129,U006308,CMP_SOC,2026-09-10,False,35-44,Istanbul
C001130,U006316,CMP_SOC,2026-09-17,False,25-34,Istanbul
C001131,U006328,CMP_SOC,2026-08-25,False,45-54,Antalya
C001132,U006330,CMP_SOC,2026-09-11,False,25-34,Istanbul
C001133,U006336,CMP_SOC,2026-09-21,True,35-44,Istanbul
C001134,U006345,CMP_SOC,2026-07-31,False,25-34,Ankara
C001135,U006346,CMP_SOC,2026-08-27,False,18-24,Ankara
C001136,U006349,CMP_SOC,2026-07-12,False,35-44,Other
C001137,U006358,CMP_SOC,2026-07-06,False,25-34,Kocaeli
C001138,U006360,CMP_SOC,2026-09-11,False,25-34,Kocaeli
C001139,U006371,CMP_SOC,2026-07-30,False,25-34,Istanbul
C001140,U006372,CMP_SOC,2026-09-30,False,25-34,Other
C001141,U006404,CMP_SOC,2026-07-15,False,18-24,Ankara
C001142,U006405,CMP_SOC,2026-08-07,True,18-24,Ankara
C001143,U006406,CMP_SOC,2026-07-07,False,18-24,Istanbul
C001144,U006412,CMP_SOC,2026-09-08,False,18-24,Istanbul
C001145,U006414,CMP_SOC,2026-08-04,False,18-24,Gaziantep
C001146,U006420,CMP_SOC,2026-08-03,False,18-24,Istanbul
C001147,U006421,CMP_SOC,2026-07-07,False,25-34,Istanbul
C001148,U006423,CMP_SOC,2026-07-09,False,18-24,Izmir
C001149,U006429,CMP_SOC,2026-09-14,False,25-34,Kocaeli
C001150,U006430,CMP_SOC,2026-07-28,False,55+,Antalya
C001151,U006434,CMP_SOC,2026-08-25,False,25-34,Ankara
C001152,U006442,CMP_SOC,2026-08-11,False,18-24,Other
C001153,U006450,CMP_SOC,2026-07-06,False,18-24,Izmir
C001154,U006459,CMP_SOC,2026-07-10,False,35-44,Istanbul
C001155,U006464,CMP_SOC,2026-09-27,False,35-44,Istanbul
C001156,U006475,CMP_SOC,2026-08-04,True,35-44,Other
C001157,U006481,CMP_SOC,2026-08-31,False,18-24,Istanbul
C001158,U006490,CMP_SOC,2026-08-03,False,35-44,Izmir
C001159,U006493,CMP_SOC,2026-09-09,False,45-54,Bursa
C001160,U006497,CMP_SOC,2026-08-27,False,35-44,Izmir
C001161,U006500,CMP_SOC,2026-08-24,False,25-34,Izmir
C001162,U006503,CMP_SOC,2026-07-24,False,25-34,Other
C001163,U006504,CMP_SOC,2026-08-09,False,35-44,Ankara
C001164,U006506,CMP_SOC,2026-07-09,True,18-24,Ankara
C001165,U006514,CMP_SOC,2026-07-07,True,18-24,Konya
C001166,U006519,CMP_SOC,2026-08-26,False,45-54,Istanbul
C001167,U006529,CMP_SOC,2026-09-05,False,25-34,Istanbul
C001168,U006531,CMP_SOC,2026-08-13,False,45-54,Ankara
C001169,U006539,CMP_SOC,2026-09-19,False,35-44,Istanbul
C001170,U006544,CMP_SOC,2026-07-04,False,25-34,Bursa
C001171,U006548,CMP_SOC,2026-09-08,False,35-44,Ankara
C001172,U006551,CMP_SOC,2026-08-17,False,45-54,Istanbul
C001173,U006562,CMP_SOC,2026-09-19,False,18-24,Konya
C001174,U006572,CMP_SOC,2026-08-05,False,35-44,Istanbul
C001175,U006578,CMP_SOC,2026-09-12,True,18-24,Izmir
C001176,U006585,CMP_SOC,2026-07-12,False,35-44,Istanbul
C001177,U006592,CMP_SOC,2026-08-14,False,25-34,Istanbul
C001178,U006598,CMP_SOC,2026-07-28,False,35-44,Kayseri
C001179,U006607,CMP_SOC,2026-09-27,True,25-34,Ankara
C001180,U006611,CMP_SOC,2026-08-30,False,25-34,Kocaeli
C001181,U006614,CMP_SOC,2026-07-26,False,35-44,Bursa
C001182,U006623,CMP_SOC,2026-08-21,False,55+,Bursa
C001183,U006625,CMP_SOC,2026-09-15,False,25-34,Ankara
C001184,U006627,CMP_SOC,2026-07-27,True,18-24,Konya
C001185,U006628,CMP_SOC,2026-09-20,True,35-44,Istanbul
C001186,U006632,CMP_SOC,2026-09-17,False,25-34,Other
C001187,U006638,CMP_SOC,2026-08-19,False,18-24,Ankara
C001188,U006639,CMP_SOC,2026-09-27,True,18-24,Istanbul
C001189,U006643,CMP_SOC,2026-07-28,False,25-34,Istanbul
C001190,U006644,CMP_SOC,2026-09-03,False,45-54,Other
C001191,U006646,CMP_SOC,2026-08-13,True,18-24,Istanbul
C001192,U006654,CMP_SOC,2026-07-16,True,18-24,Istanbul
C001193,U006658,CMP_SOC,2026-09-30,False,25-34,Ankara
C001194,U006664,CMP_SOC,2026-08-25,False,25-34,Istanbul
C001195,U006668,CMP_SOC,2026-08-27,True,45-54,Kocaeli
C001196,U006670,CMP_SOC,2026-07-30,False,55+,Istanbul
C001197,U006680,CMP_SOC,2026-07-24,False,25-34,Other
C001198,U006681,CMP_SOC,2026-07-24,False,25-34,Izmir
C001199,U006684,CMP_SOC,2026-09-19,True,25-34,Istanbul
C001200,U006691,CMP_SOC,2026-09-19,True,25-34,Kocaeli
C001201,U006692,CMP_SOC,2026-09-18,False,25-34,Istanbul
C001202,U006703,CMP_SOC,2026-07-10,False,55+,Istanbul
C001203,U006705,CMP_SOC,2026-09-27,False,18-24,Other
C001204,U006709,CMP_SOC,2026-07-07,False,25-34,Other
C001205,U006713,CMP_SOC,2026-08-14,False,25-34,Bursa
C001206,U006727,CMP_SOC,2026-07-16,True,18-24,Istanbul
C001207,U006744,CMP_SOC,2026-08-22,False,18-24,Antalya
C001208,U006749,CMP_SOC,2026-09-26,True,45-54,Bursa
C001209,U006750,CMP_SOC,2026-07-11,False,35-44,Istanbul
C001210,U006772,CMP_SOC,2026-08-23,True,35-44,Istanbul
C001211,U006777,CMP_SOC,2026-07-24,False,25-34,Other
C001212,U006778,CMP_SOC,2026-08-08,False,25-34,Bursa
C001213,U006779,CMP_SOC,2026-08-11,True,25-34,Konya
C001214,U006800,CMP_SOC,2026-07-19,False,18-24,Ankara
C001215,U006805,CMP_SOC,2026-09-28,False,18-24,Istanbul
C001216,U006806,CMP_SOC,2026-07-12,False,18-24,Kayseri
C001217,U006810,CMP_SOC,2026-08-03,False,25-34,Istanbul
C001218,U006812,CMP_SOC,2026-08-02,False,18-24,Izmir
C001219,U006814,CMP_SOC,2026-07-13,False,25-34,Ankara
C001220,U006816,CMP_SOC,2026-07-05,False,35-44,Other
C001221,U006817,CMP_SOC,2026-08-02,False,45-54,Istanbul
C001222,U006821,CMP_SOC,2026-09-05,False,25-34,Istanbul
C001223,U006829,CMP_SOC,2026-09-10,False,18-24,Istanbul
C001224,U006830,CMP_SOC,2026-09-06,False,25-34,Kocaeli
C001225,U006837,CMP_SOC,2026-09-27,True,35-44,Istanbul
C001226,U006847,CMP_SOC,2026-07-07,False,25-34,Konya
C001227,U006848,CMP_SOC,2026-08-25,False,35-44,Istanbul
C001228,U006849,CMP_SOC,2026-08-28,False,25-34,Gaziantep
C001229,U006855,CMP_SOC,2026-08-19,True,18-24,Konya
C001230,U006857,CMP_SOC,2026-09-17,False,18-24,Istanbul
C001231,U006862,CMP_SOC,2026-08-24,False,25-34,Istanbul
C001232,U006864,CMP_SOC,2026-07-21,False,18-24,Other
C001233,U006867,CMP_SOC,2026-07-13,True,18-24,Kayseri
C001234,U006876,CMP_SOC,2026-07-22,False,25-34,Ankara
C001235,U006880,CMP_SOC,2026-07-15,False,18-24,Istanbul
C001236,U006891,CMP_SOC,2026-07-09,False,25-34,Bursa
C001237,U006894,CMP_SOC,2026-09-13,False,45-54,Bursa
C001238,U006900,CMP_SOC,2026-08-03,False,55+,Istanbul
C001239,U006902,CMP_SOC,2026-07-31,False,25-34,Istanbul
C001240,U006909,CMP_SOC,2026-07-28,False,25-34,Antalya
C001241,U006915,CMP_SOC,2026-08-10,False,18-24,Istanbul
C001242,U006923,CMP_SOC,2026-07-02,True,25-34,Bursa
C001243,U006927,CMP_SOC,2026-08-13,False,45-54,Kayseri
C001244,U006929,CMP_SOC,2026-08-17,False,18-24,Ankara
C001245,U006932,CMP_SOC,2026-08-26,False,45-54,Istanbul
C001246,U006933,CMP_SOC,2026-07-11,False,18-24,Istanbul
C001247,U006935,CMP_SOC,2026-09-22,False,18-24,Other
C001248,U006946,CMP_SOC,2026-09-18,False,25-34,Istanbul
C001249,U006949,CMP_SOC,2026-07-10,False,45-54,Other
C001250,U006960,CMP_SOC,2026-08-08,False,35-44,Gaziantep
C001251,U006969,CMP_SOC,2026-08-24,False,25-34,Other
C001252,U006976,CMP_SOC,2026-09-12,True,18-24,Ankara
C001253,U006990,CMP_SOC,2026-07-24,True,25-34,Ankara
C001254,U006991,CMP_SOC,2026-09-18,False,45-54,Antalya
C001255,U006998,CMP_SOC,2026-07-15,False,25-34,Istanbul
C001256,U007002,CMP_SOC,2026-09-11,True,25-34,Ankara
C001257,U007004,CMP_SOC,2026-07-22,True,35-44,Konya
C001258,U007010,CMP_SOC,2026-08-14,False,18-24,Istanbul
C001259,U007014,CMP_SOC,2026-08-21,True,18-24,Gaziantep
C001260,U007019,CMP_SOC,2026-08-27,True,25-34,Other
C001261,U007031,CMP_SOC,2026-08-04,False,55+,Istanbul
C001262,U007043,CMP_SOC,2026-08-08,False,18-24,Istanbul
C001263,U007045,CMP_SOC,2026-07-25,False,25-34,Kocaeli
C001264,U007047,CMP_SOC,2026-09-02,False,35-44,Izmir
C001265,U007055,CMP_SOC,2026-07-13,True,18-24,Istanbul
C001266,U007058,CMP_SOC,2026-08-28,False,25-34,Kocaeli
C001267,U007061,CMP_SOC,2026-09-24,False,35-44,Istanbul
C001268,U007065,CMP_SOC,2026-09-27,False,35-44,Istanbul
C001269,U007089,CMP_SOC,2026-08-19,False,18-24,Konya
C001270,U007090,CMP_SOC,2026-07-09,False,18-24,Istanbul
C001271,U007100,CMP_SOC,2026-08-16,False,35-44,Bursa
C001272,U007113,CMP_SOC,2026-08-12,True,18-24,Istanbul
C001273,U007120,CMP_SOC,2026-07-21,True,45-54,Istanbul
C001274,U007123,CMP_SOC,2026-07-11,False,18-24,Izmir
C001275,U007125,CMP_SOC,2026-07-26,False,35-44,Other
C001276,U007126,CMP_SOC,2026-07-23,False,35-44,Kayseri
C001277,U007128,CMP_SOC,2026-07-19,True,25-34,Other
C001278,U007134,CMP_SOC,2026-07-05,False,25-34,Istanbul
C001279,U007138,CMP_SOC,2026-07-29,False,35-44,Other
C001280,U007141,CMP_SOC,2026-07-18,False,25-34,Istanbul
C001281,U007148,CMP_SOC,2026-07-19,False,18-24,Bursa
C001282,U007152,CMP_SOC,2026-08-29,False,25-34,Istanbul
C001283,U007154,CMP_SOC,2026-07-20,True,35-44,Other
C001284,U007155,CMP_SOC,2026-08-05,False,18-24,Ankara
C001285,U007160,CMP_SOC,2026-08-17,False,18-24,Izmir
C001286,U007161,CMP_SOC,2026-09-17,False,18-24,Istanbul
C001287,U007162,CMP_SOC,2026-08-04,True,45-54,Kayseri
C001288,U007165,CMP_SOC,2026-07-29,False,25-34,Ankara
C001289,U007167,CMP_SOC,2026-09-13,False,18-24,Istanbul
C001290,U007180,CMP_SOC,2026-08-04,True,25-34,Istanbul
C001291,U007183,CMP_SOC,2026-09-21,False,25-34,Ankara
C001292,U007185,CMP_SOC,2026-07-19,False,45-54,Istanbul
C001293,U007189,CMP_SOC,2026-09-09,False,25-34,Istanbul
C001294,U007190,CMP_SOC,2026-08-27,True,35-44,Ankara
C001295,U007193,CMP_SOC,2026-08-14,False,25-34,Izmir
C001296,U007202,CMP_SOC,2026-09-17,False,18-24,Other
C001297,U007205,CMP_SOC,2026-08-01,False,35-44,Istanbul
C001298,U007207,CMP_SOC,2026-07-16,False,18-24,Ankara
C001299,U007210,CMP_SOC,2026-08-23,False,25-34,Izmir
C001300,U007214,CMP_SOC,2026-07-13,False,25-34,Istanbul
C001301,U007218,CMP_SOC,2026-09-14,False,25-34,Izmir
C001302,U007226,CMP_SOC,2026-09-06,True,18-24,Istanbul
C001303,U007230,CMP_SOC,2026-09-12,True,25-34,Istanbul
C001304,U007231,CMP_SOC,2026-09-07,False,25-34,Istanbul
C001305,U007232,CMP_SOC,2026-08-05,False,18-24,Gaziantep
C001306,U007233,CMP_SOC,2026-09-27,False,18-24,Gaziantep
C001307,U007248,CMP_SOC,2026-07-19,False,25-34,Other
C001308,U007254,CMP_SOC,2026-09-03,False,18-24,Istanbul
C001309,U007260,CMP_SOC,2026-08-24,False,18-24,Istanbul
C001310,U007271,CMP_SOC,2026-08-14,False,25-34,Ankara
C001311,U007272,CMP_SOC,2026-07-14,False,25-34,Istanbul
C001312,U007283,CMP_SOC,2026-08-05,False,55+,Antalya
C001313,U007284,CMP_SOC,2026-08-05,False,35-44,Bursa
C001314,U007291,CMP_SOC,2026-08-07,False,25-34,Ankara
C001315,U007300,CMP_SOC,2026-07-05,True,45-54,Kocaeli
C001316,U007306,CMP_SOC,2026-09-21,False,18-24,Istanbul
C001317,U007317,CMP_SOC,2026-07-16,True,35-44,Istanbul
C001318,U007318,CMP_SOC,2026-08-24,False,25-34,Istanbul
C001319,U007319,CMP_SOC,2026-07-08,False,45-54,Ankara
C001320,U007323,CMP_SOC,2026-08-05,False,18-24,Other
C001321,U007324,CMP_SOC,2026-09-19,True,35-44,Ankara
C001322,U007326,CMP_SOC,2026-08-19,False,25-34,Istanbul
C001323,U007334,CMP_SOC,2026-09-25,True,25-34,Other
C001324,U007340,CMP_SOC,2026-09-12,False,25-34,Istanbul
C001325,U007341,CMP_SOC,2026-07-15,True,18-24,Istanbul
C001326,U007353,CMP_SOC,2026-08-25,False,35-44,Istanbul
C001327,U007358,CMP_SOC,2026-09-19,False,25-34,Istanbul
C001328,U007365,CMP_SOC,2026-09-01,False,25-34,Istanbul
C001329,U007369,CMP_SOC,2026-07-30,False,45-54,Istanbul
C001330,U007372,CMP_SOC,2026-08-25,False,18-24,Istanbul
C001331,U007375,CMP_SOC,2026-07-08,False,35-44,Konya
C001332,U007377,CMP_SOC,2026-09-17,False,45-54,Istanbul
C001333,U007378,CMP_SOC,2026-08-07,False,25-34,Istanbul
C001334,U007393,CMP_SOC,2026-09-20,False,18-24,Istanbul
C001335,U007395,CMP_SOC,2026-07-20,False,35-44,Other
C001336,U007414,CMP_SOC,2026-07-26,False,25-34,Istanbul
C001337,U007417,CMP_SOC,2026-07-23,True,18-24,Other
C001338,U007420,CMP_SOC,2026-08-22,False,55+,Konya
C001339,U007428,CMP_SOC,2026-08-20,False,45-54,Istanbul
C001340,U007445,CMP_SOC,2026-07-27,True,18-24,Izmir
C001341,U007449,CMP_SOC,2026-08-06,False,25-34,Istanbul
C001342,U007451,CMP_SOC,2026-07-04,True,25-34,Ankara
C001343,U007453,CMP_SOC,2026-09-29,False,25-34,Istanbul
C001344,U007454,CMP_SOC,2026-07-15,False,35-44,Istanbul
C001345,U007462,CMP_SOC,2026-08-16,False,25-34,Istanbul
C001346,U007463,CMP_SOC,2026-09-16,True,35-44,Istanbul
C001347,U007464,CMP_SOC,2026-07-20,False,45-54,Other
C001348,U007466,CMP_SOC,2026-09-19,False,35-44,Konya
C001349,U007468,CMP_SOC,2026-09-23,False,18-24,Izmir
C001350,U007472,CMP_SOC,2026-08-04,True,45-54,Istanbul
C001351,U007475,CMP_SOC,2026-08-08,False,18-24,Istanbul
C001352,U007480,CMP_SOC,2026-09-01,False,25-34,Ankara
C001353,U007490,CMP_SOC,2026-08-28,False,25-34,Istanbul
C001354,U007497,CMP_SOC,2026-08-12,True,45-54,Istanbul
C001355,U007500,CMP_SOC,2026-08-21,False,18-24,Istanbul
C001356,U007506,CMP_SOC,2026-08-07,False,18-24,Izmir
C001357,U007510,CMP_SOC,2026-08-06,True,18-24,Istanbul
C001358,U007513,CMP_SOC,2026-08-13,False,18-24,Other
C001359,U007519,CMP_SOC,2026-08-02,True,35-44,Ankara
C001360,U007521,CMP_SOC,2026-09-17,False,25-34,Istanbul
C001361,U007524,CMP_SOC,2026-09-15,False,18-24,Istanbul
C001362,U007535,CMP_SOC,2026-09-26,False,25-34,Bursa
C001363,U007536,CMP_SOC,2026-07-08,False,18-24,Other
C001364,U007539,CMP_SOC,2026-07-05,False,25-34,Ankara
C001365,U007546,CMP_SOC,2026-09-22,False,25-34,Ankara
C001366,U007555,CMP_SOC,2026-07-20,False,35-44,Istanbul
C001367,U007565,CMP_SOC,2026-07-10,False,18-24,Istanbul
C001368,U007574,CMP_SOC,2026-09-26,False,18-24,Gaziantep
C001369,U007577,CMP_SOC,2026-09-20,False,25-34,Izmir
C001370,U007584,CMP_SOC,2026-09-11,True,18-24,Kocaeli
C001371,U007594,CMP_SOC,2026-07-30,False,18-24,Konya
C001372,U007605,CMP_SOC,2026-09-01,False,35-44,Istanbul
C001373,U007613,CMP_SOC,2026-09-25,False,25-34,Other
C001374,U007620,CMP_SOC,2026-09-30,False,18-24,Other
C001375,U007628,CMP_SOC,2026-08-12,False,18-24,Bursa
C001376,U007630,CMP_SOC,2026-07-12,True,18-24,Ankara
C001377,U007634,CMP_SOC,2026-07-09,False,25-34,Istanbul
C001378,U007644,CMP_SOC,2026-09-19,True,25-34,Izmir
C001379,U007656,CMP_SOC,2026-09-28,False,25-34,Izmir
C001380,U007657,CMP_SOC,2026-08-18,False,25-34,Other
C001381,U007663,CMP_SOC,2026-07-14,True,18-24,Kocaeli
C001382,U007664,CMP_SOC,2026-07-28,False,35-44,Other
C001383,U007682,CMP_SOC,2026-08-28,False,25-34,Izmir
C001384,U007685,CMP_SOC,2026-09-06,False,35-44,Kocaeli
C001385,U007687,CMP_SOC,2026-08-11,False,18-24,Istanbul
C001386,U007689,CMP_SOC,2026-08-26,False,25-34,Konya
C001387,U007696,CMP_SOC,2026-09-21,False,25-34,Antalya
C001388,U007702,CMP_SOC,2026-08-28,True,35-44,Istanbul
C001389,U007704,CMP_SOC,2026-07-16,False,35-44,Istanbul
C001390,U007707,CMP_SOC,2026-07-28,False,35-44,Other
C001391,U007711,CMP_SOC,2026-07-31,False,18-24,Istanbul
C001392,U007719,CMP_SOC,2026-08-11,False,35-44,Istanbul
C001393,U007721,CMP_SOC,2026-09-21,False,25-34,Ankara
C001394,U007729,CMP_SOC,2026-09-10,False,25-34,Konya
C001395,U007753,CMP_SOC,2026-07-27,True,35-44,Istanbul
C001396,U007770,CMP_SOC,2026-07-21,False,55+,Istanbul
C001397,U007778,CMP_SOC,2026-07-06,False,18-24,Istanbul
C001398,U007785,CMP_SOC,2026-08-16,False,35-44,Istanbul
C001399,U007787,CMP_SOC,2026-08-11,False,18-24,Istanbul
C001400,U007788,CMP_SOC,2026-07-12,False,35-44,Bursa
C001401,U007791,CMP_SOC,2026-07-23,False,18-24,Istanbul
C001402,U007792,CMP_SOC,2026-09-29,False,45-54,Istanbul
C001403,U007802,CMP_SOC,2026-09-08,True,35-44,Istanbul
C001404,U007804,CMP_SOC,2026-08-09,False,18-24,Other
C001405,U007805,CMP_SOC,2026-07-25,False,18-24,Istanbul
C001406,U007811,CMP_SOC,2026-07-05,False,25-34,Other
C001407,U007813,CMP_SOC,2026-08-17,True,35-44,Izmir
C001408,U007815,CMP_SOC,2026-08-07,False,18-24,Istanbul
C001409,U007819,CMP_SOC,2026-08-14,True,45-54,Kayseri
C001410,U007835,CMP_SOC,2026-07-06,False,25-34,Istanbul
C001411,U007838,CMP_SOC,2026-08-10,False,35-44,Other
C001412,U007839,CMP_SOC,2026-09-30,True,45-54,Other
C001413,U007844,CMP_SOC,2026-09-13,False,35-44,Kocaeli
C001414,U007846,CMP_SOC,2026-09-12,False,45-54,Istanbul
C001415,U007862,CMP_SOC,2026-08-01,False,35-44,Ankara
C001416,U007865,CMP_SOC,2026-09-25,False,35-44,Istanbul
C001417,U007879,CMP_SOC,2026-08-29,True,25-34,Other
C001418,U007881,CMP_SOC,2026-09-13,False,25-34,Izmir
C001419,U007882,CMP_SOC,2026-07-29,False,35-44,Other
C001420,U007885,CMP_SOC,2026-08-03,True,18-24,Bursa
C001421,U007887,CMP_SOC,2026-09-27,False,18-24,Ankara
C001422,U007896,CMP_SOC,2026-07-20,False,35-44,Gaziantep
C001423,U007899,CMP_SOC,2026-09-18,False,18-24,Bursa
C001424,U007906,CMP_SOC,2026-07-15,False,35-44,Istanbul
C001425,U007908,CMP_SOC,2026-07-31,False,18-24,Bursa
C001426,U007911,CMP_SOC,2026-09-06,False,25-34,Konya
C001427,U007917,CMP_SOC,2026-09-02,False,25-34,Kocaeli
C001428,U007924,CMP_SOC,2026-09-27,False,25-34,Ankara
C001429,U007928,CMP_SOC,2026-09-17,True,18-24,Konya
C001430,U007936,CMP_SOC,2026-08-29,False,25-34,Gaziantep
C001431,U007937,CMP_SOC,2026-08-17,False,25-34,Gaziantep
C001432,U007938,CMP_SOC,2026-07-28,False,35-44,Istanbul
C001433,U007939,CMP_SOC,2026-08-08,False,25-34,Istanbul
C001434,U007940,CMP_SOC,2026-09-07,False,35-44,Istanbul
C001435,U007955,CMP_SOC,2026-09-21,True,25-34,Antalya
C001436,U007967,CMP_SOC,2026-09-06,True,55+,Other
C001437,U007969,CMP_SOC,2026-09-03,True,25-34,Istanbul
C001438,U007971,CMP_SOC,2026-09-02,False,18-24,Ankara
C001439,U007977,CMP_SOC,2026-08-06,False,45-54,Ankara
C001440,U007978,CMP_SOC,2026-09-20,False,35-44,Istanbul
C001441,U007980,CMP_SOC,2026-08-21,False,35-44,Istanbul
C001442,U007989,CMP_SOC,2026-08-13,True,25-34,Istanbul
C001443,U007990,CMP_SOC,2026-08-10,False,25-34,Istanbul
C001444,U007991,CMP_SOC,2026-08-08,False,25-34,Istanbul
C001445,U008004,CMP_SOC,2026-07-07,False,25-34,Gaziantep
C001446,U008019,CMP_SOC,2026-07-30,False,25-34,Konya
C001447,U008026,CMP_SOC,2026-07-14,False,55+,Istanbul
C001448,U008027,CMP_SOC,2026-09-08,False,35-44,Gaziantep
C001449,U008041,CMP_SOC,2026-07-10,False,25-34,Ankara
C001450,U008044,CMP_SOC,2026-08-25,False,25-34,Other
C001451,U008045,CMP_SOC,2026-08-25,False,25-34,Istanbul
C001452,U008047,CMP_SOC,2026-08-31,True,25-34,Istanbul
C001453,U008051,CMP_SOC,2026-08-24,False,25-34,Gaziantep
C001454,U008056,CMP_SOC,2026-08-17,True,18-24,Konya
C001455,U008061,CMP_SOC,2026-09-07,False,35-44,Istanbul
C001456,U008064,CMP_SOC,2026-09-16,False,18-24,Other
C001457,U008081,CMP_SOC,2026-08-27,False,18-24,Kocaeli
C001458,U008087,CMP_SOC,2026-09-03,False,25-34,Other
C001459,U008089,CMP_SOC,2026-09-15,True,25-34,Ankara
C001460,U008091,CMP_SOC,2026-08-09,False,35-44,Konya
C001461,U008109,CMP_SOC,2026-09-28,False,18-24,Istanbul
C001462,U008113,CMP_SOC,2026-09-28,False,25-34,Istanbul
C001463,U008115,CMP_SOC,2026-07-26,False,25-34,Istanbul
C001464,U008117,CMP_SOC,2026-07-17,False,25-34,Istanbul
C001465,U008121,CMP_SOC,2026-08-22,False,25-34,Istanbul
C001466,U008127,CMP_SOC,2026-09-05,True,35-44,Other
C001467,U008151,CMP_SOC,2026-07-29,False,18-24,Istanbul
C001468,U008163,CMP_SOC,2026-08-03,False,35-44,Ankara
C001469,U008164,CMP_SOC,2026-09-05,False,25-34,Other
C001470,U008166,CMP_SOC,2026-09-29,True,25-34,Ankara
C001471,U008170,CMP_SOC,2026-08-28,False,55+,Istanbul
C001472,U008171,CMP_SOC,2026-09-13,False,55+,Antalya
C001473,U008176,CMP_SOC,2026-08-14,False,35-44,Kayseri
C001474,U008180,CMP_SOC,2026-09-22,False,25-34,Other
C001475,U008181,CMP_SOC,2026-08-03,False,45-54,Kocaeli
C001476,U008183,CMP_SOC,2026-09-04,False,25-34,Ankara
C001477,U008191,CMP_SOC,2026-09-06,False,55+,Izmir
C001478,U008200,CMP_SOC,2026-08-20,False,18-24,Konya
C001479,U008202,CMP_SOC,2026-07-27,False,25-34,Antalya
C001480,U008205,CMP_SOC,2026-07-05,True,35-44,Other
C001481,U008213,CMP_SOC,2026-09-08,False,55+,Istanbul
C001482,U008220,CMP_SOC,2026-07-11,True,25-34,Other
C001483,U008225,CMP_SOC,2026-07-17,False,35-44,Istanbul
C001484,U008230,CMP_SOC,2026-09-08,False,18-24,Istanbul
C001485,U008240,CMP_SOC,2026-09-13,False,18-24,Istanbul
C001486,U008241,CMP_SOC,2026-09-04,True,35-44,Other
C001487,U008242,CMP_SOC,2026-09-07,False,35-44,Ankara
C001488,U008246,CMP_SOC,2026-08-31,False,25-34,Istanbul
C001489,U008253,CMP_SOC,2026-07-17,False,55+,Konya
C001490,U008268,CMP_SOC,2026-09-07,False,25-34,Istanbul
C001491,U008271,CMP_SOC,2026-09-13,False,45-54,Istanbul
C001492,U008275,CMP_SOC,2026-09-15,False,18-24,Other
C001493,U008291,CMP_SOC,2026-08-08,False,18-24,Gaziantep
C001494,U008301,CMP_SOC,2026-08-01,False,18-24,Istanbul
C001495,U008308,CMP_SOC,2026-07-02,False,25-34,Istanbul
C001496,U008311,CMP_SOC,2026-07-11,False,18-24,Gaziantep
C001497,U008315,CMP_SOC,2026-09-12,True,25-34,Other
C001498,U008316,CMP_SOC,2026-07-07,False,25-34,Ankara
C001499,U008317,CMP_SOC,2026-09-12,False,18-24,Istanbul
C001500,U008321,CMP_SOC,2026-07-19,True,18-24,Istanbul
C001501,U008331,CMP_SOC,2026-09-29,False,25-34,Istanbul
C001502,U008341,CMP_SOC,2026-08-31,False,18-24,Konya
C001503,U008342,CMP_SOC,2026-07-07,False,35-44,Ankara
C001504,U008350,CMP_SOC,2026-08-09,False,45-54,Istanbul
C001505,U008353,CMP_SOC,2026-09-20,False,25-34,Ankara
C001506,U008354,CMP_SOC,2026-08-15,False,25-34,Ankara
C001507,U008356,CMP_SOC,2026-09-26,False,35-44,Kayseri
C001508,U008370,CMP_SOC,2026-08-23,False,25-34,Istanbul
C001509,U008371,CMP_SOC,2026-08-07,False,25-34,Other
C001510,U008372,CMP_SOC,2026-08-24,False,35-44,Other
C001511,U008374,CMP_SOC,2026-07-11,False,18-24,Istanbul
C001512,U008376,CMP_SOC,2026-08-02,False,35-44,Istanbul
C001513,U008387,CMP_SOC,2026-09-29,True,25-34,Izmir
C001514,U008390,CMP_SOC,2026-08-29,False,35-44,Other
C001515,U008404,CMP_SOC,2026-08-16,False,55+,Istanbul
C001516,U008406,CMP_SOC,2026-08-18,False,25-34,Istanbul
C001517,U008412,CMP_SOC,2026-09-20,False,35-44,Kayseri
C001518,U008419,CMP_SOC,2026-07-08,True,35-44,Konya
C001519,U008420,CMP_SOC,2026-09-19,True,18-24,Izmir
C001520,U008424,CMP_SOC,2026-08-27,False,35-44,Gaziantep
C001521,U008432,CMP_SOC,2026-08-30,False,18-24,Other
C001522,U008436,CMP_SOC,2026-08-25,False,35-44,Gaziantep
C001523,U008438,CMP_SOC,2026-07-18,False,18-24,Gaziantep
C001524,U008440,CMP_SOC,2026-07-26,False,35-44,Istanbul
C001525,U008445,CMP_SOC,2026-09-12,False,25-34,Other
C001526,U008452,CMP_SOC,2026-08-21,True,18-24,Other
C001527,U008456,CMP_SOC,2026-07-08,True,25-34,Izmir
C001528,U008457,CMP_SOC,2026-08-07,True,25-34,Istanbul
C001529,U008464,CMP_SOC,2026-07-08,False,18-24,Other
C001530,U008467,CMP_SOC,2026-08-08,False,35-44,Istanbul
C001531,U008482,CMP_SOC,2026-07-18,True,18-24,Other
C001532,U008488,CMP_SOC,2026-07-06,False,18-24,Istanbul
C001533,U008489,CMP_SOC,2026-09-20,False,25-34,Izmir
C001534,U008493,CMP_SOC,2026-07-22,False,18-24,Istanbul
C001535,U008494,CMP_SOC,2026-09-28,False,25-34,Istanbul
C001536,U008502,CMP_SOC,2026-07-04,False,45-54,Istanbul
C001537,U008503,CMP_SOC,2026-08-31,True,25-34,Istanbul
C001538,U008505,CMP_SOC,2026-09-15,False,35-44,Istanbul
C001539,U008506,CMP_SOC,2026-08-23,False,18-24,Bursa
C001540,U008507,CMP_SOC,2026-08-16,False,55+,Istanbul
C001541,U008509,CMP_SOC,2026-07-23,False,35-44,Other
C001542,U008511,CMP_SOC,2026-09-20,False,35-44,Kocaeli
C001543,U008521,CMP_SOC,2026-08-01,False,18-24,Istanbul
C001544,U008528,CMP_SOC,2026-08-18,False,25-34,Kocaeli
C001545,U008536,CMP_SOC,2026-08-23,False,25-34,Other
C001546,U008546,CMP_SOC,2026-09-19,False,18-24,Istanbul
C001547,U008547,CMP_SOC,2026-09-05,False,35-44,Istanbul
C001548,U008548,CMP_SOC,2026-07-20,False,25-34,Istanbul
C001549,U008553,CMP_SOC,2026-08-19,False,18-24,Istanbul
C001550,U008560,CMP_SOC,2026-07-26,False,18-24,Istanbul
C001551,U008562,CMP_SOC,2026-07-27,False,25-34,Izmir
C001552,U008563,CMP_SOC,2026-07-14,False,25-34,Istanbul
C001553,U008564,CMP_SOC,2026-07-11,False,18-24,Other
C001554,U008567,CMP_SOC,2026-09-27,False,35-44,Bursa
C001555,U008575,CMP_SOC,2026-09-20,False,45-54,Istanbul
C001556,U008577,CMP_SOC,2026-07-22,False,35-44,Izmir
C001557,U008581,CMP_SOC,2026-07-15,True,55+,Kocaeli
C001558,U008584,CMP_SOC,2026-07-28,True,45-54,Gaziantep
C001559,U008587,CMP_SOC,2026-08-19,False,45-54,Istanbul
C001560,U008590,CMP_SOC,2026-07-03,True,45-54,Ankara
C001561,U008593,CMP_SOC,2026-07-12,False,25-34,Istanbul
C001562,U008594,CMP_SOC,2026-09-01,False,35-44,Izmir
C001563,U008597,CMP_SOC,2026-08-06,False,45-54,Istanbul
C001564,U008608,CMP_SOC,2026-09-25,False,55+,Other
C001565,U008629,CMP_SOC,2026-08-20,True,55+,Istanbul
C001566,U008639,CMP_SOC,2026-07-29,False,25-34,Ankara
C001567,U008642,CMP_SOC,2026-09-18,True,45-54,Gaziantep
C001568,U008643,CMP_SOC,2026-08-03,False,45-54,Istanbul
C001569,U008645,CMP_SOC,2026-08-22,False,25-34,Other
C001570,U008660,CMP_SOC,2026-07-24,False,55+,Ankara
C001571,U008661,CMP_SOC,2026-09-16,False,55+,Ankara
C001572,U008665,CMP_SOC,2026-07-09,False,35-44,Ankara
C001573,U008674,CMP_SOC,2026-08-23,False,25-34,Istanbul
C001574,U008683,CMP_SOC,2026-09-20,True,45-54,Izmir
C001575,U008684,CMP_SOC,2026-07-31,True,25-34,Ankara
C001576,U008688,CMP_SOC,2026-07-28,False,18-24,Istanbul
C001577,U008693,CMP_SOC,2026-07-31,False,35-44,Konya
C001578,U008706,CMP_SOC,2026-08-04,False,45-54,Istanbul
C001579,U008713,CMP_SOC,2026-08-19,True,25-34,Istanbul
C001580,U008714,CMP_SOC,2026-09-01,False,25-34,Ankara
C001581,U008715,CMP_SOC,2026-09-07,True,18-24,Istanbul
C001582,U008724,CMP_SOC,2026-07-31,False,18-24,Izmir
C001583,U008733,CMP_SOC,2026-07-13,False,25-34,Ankara
C001584,U008735,CMP_SOC,2026-09-15,True,45-54,Istanbul
C001585,U008740,CMP_SOC,2026-07-12,False,45-54,Istanbul
C001586,U008742,CMP_SOC,2026-09-07,False,25-34,Konya
C001587,U008745,CMP_SOC,2026-09-18,True,45-54,Other
C001588,U008747,CMP_SOC,2026-09-25,False,25-34,Other
C001589,U008752,CMP_SOC,2026-08-24,False,25-34,Istanbul
C001590,U008755,CMP_SOC,2026-09-13,False,18-24,Ankara
C001591,U008761,CMP_SOC,2026-09-16,False,35-44,Istanbul
C001592,U008768,CMP_SOC,2026-09-11,False,35-44,Other
C001593,U008771,CMP_SOC,2026-07-08,False,25-34,Konya
C001594,U008772,CMP_SOC,2026-09-10,False,18-24,Konya
C001595,U008774,CMP_SOC,2026-08-18,False,25-34,Istanbul
C001596,U008775,CMP_SOC,2026-09-11,False,25-34,Izmir
C001597,U008784,CMP_SOC,2026-09-02,True,18-24,Ankara
C001598,U008790,CMP_SOC,2026-07-20,False,35-44,Bursa
C001599,U008799,CMP_SOC,2026-08-03,True,18-24,Konya
C001600,U008808,CMP_SOC,2026-07-27,False,18-24,Istanbul
C001601,U008811,CMP_SOC,2026-07-10,False,55+,Istanbul
C001602,U008815,CMP_SOC,2026-09-09,False,25-34,Konya
C001603,U008817,CMP_SOC,2026-09-17,False,25-34,Istanbul
C001604,U008825,CMP_SOC,2026-09-17,False,45-54,Ankara
C001605,U008840,CMP_SOC,2026-09-15,True,25-34,Other
C001606,U008846,CMP_SOC,2026-07-08,False,18-24,Izmir
C001607,U008852,CMP_SOC,2026-07-09,True,35-44,Istanbul
C001608,U008856,CMP_SOC,2026-09-04,False,35-44,Kocaeli
C001609,U008868,CMP_SOC,2026-07-19,False,18-24,Antalya
C001610,U008874,CMP_SOC,2026-09-08,True,25-34,Istanbul
C001611,U008879,CMP_SOC,2026-08-06,False,25-34,Ankara
C001612,U008898,CMP_SOC,2026-08-12,False,18-24,Istanbul
C001613,U008900,CMP_SOC,2026-08-14,True,25-34,Istanbul
C001614,U008902,CMP_SOC,2026-08-31,False,45-54,Istanbul
C001615,U008914,CMP_SOC,2026-08-09,False,45-54,Ankara
C001616,U008918,CMP_SOC,2026-07-18,True,25-34,Istanbul
C001617,U008923,CMP_SOC,2026-09-06,True,25-34,Other
C001618,U008924,CMP_SOC,2026-09-29,False,45-54,Istanbul
C001619,U008926,CMP_SOC,2026-07-31,True,18-24,Istanbul
C001620,U008927,CMP_SOC,2026-08-02,False,45-54,Kocaeli
C001621,U008951,CMP_SOC,2026-09-09,False,18-24,Istanbul
C001622,U008954,CMP_SOC,2026-09-07,True,18-24,Konya
C001623,U008959,CMP_SOC,2026-08-14,False,25-34,Izmir
C001624,U008966,CMP_SOC,2026-09-03,False,18-24,Istanbul
C001625,U008972,CMP_SOC,2026-09-27,False,35-44,Istanbul
C001626,U008975,CMP_SOC,2026-08-02,False,25-34,Other
C001627,U008980,CMP_SOC,2026-07-11,False,18-24,Istanbul
C001628,U008982,CMP_SOC,2026-09-13,False,35-44,Ankara
C001629,U008984,CMP_SOC,2026-08-02,True,18-24,Istanbul
C001630,U009002,CMP_SOC,2026-09-02,False,45-54,Kocaeli
C001631,U009005,CMP_SOC,2026-09-03,False,25-34,Ankara
C001632,U009013,CMP_SOC,2026-08-16,False,35-44,Other
C001633,U009014,CMP_SOC,2026-08-24,True,45-54,Other
C001634,U009019,CMP_SOC,2026-07-16,False,45-54,Other
C001635,U009022,CMP_SOC,2026-09-01,True,25-34,Bursa
C001636,U009026,CMP_SOC,2026-07-12,False,45-54,Ankara
C001637,U009036,CMP_SOC,2026-07-06,True,25-34,Antalya
C001638,U009039,CMP_SOC,2026-08-03,False,25-34,Ankara
C001639,U009041,CMP_SOC,2026-09-22,False,25-34,Istanbul
C001640,U009042,CMP_SOC,2026-09-19,True,25-34,Bursa
C001641,U009045,CMP_SOC,2026-07-10,False,35-44,Other
C001642,U009046,CMP_SOC,2026-09-07,True,25-34,Kocaeli
C001643,U009053,CMP_SOC,2026-07-18,False,25-34,Other
C001644,U009057,CMP_SOC,2026-07-08,False,25-34,Konya
C001645,U009062,CMP_SOC,2026-07-05,False,18-24,Kayseri
C001646,U009065,CMP_SOC,2026-09-11,False,18-24,Bursa
C001647,U009082,CMP_SOC,2026-09-13,False,25-34,Istanbul
C001648,U009086,CMP_SOC,2026-08-19,False,35-44,Ankara
C001649,U009087,CMP_SOC,2026-08-09,False,25-34,Bursa
C001650,U009088,CMP_SOC,2026-08-16,False,45-54,Istanbul
C001651,U009089,CMP_SOC,2026-07-15,False,25-34,Gaziantep
C001652,U009091,CMP_SOC,2026-07-04,False,35-44,Istanbul
C001653,U009092,CMP_SOC,2026-07-07,False,18-24,Kayseri
C001654,U009098,CMP_SOC,2026-07-12,False,18-24,Izmir
C001655,U009111,CMP_SOC,2026-09-25,False,35-44,Istanbul
C001656,U009113,CMP_SOC,2026-09-29,False,35-44,Gaziantep
C001657,U009115,CMP_SOC,2026-09-30,False,25-34,Other
C001658,U009118,CMP_SOC,2026-09-09,False,25-34,Ankara
C001659,U009119,CMP_SOC,2026-08-27,False,25-34,Izmir
C001660,U009128,CMP_SOC,2026-07-10,True,45-54,Kayseri
C001661,U009132,CMP_SOC,2026-09-10,False,45-54,Istanbul
C001662,U009133,CMP_SOC,2026-07-27,True,25-34,Istanbul
C001663,U009145,CMP_SOC,2026-08-27,False,35-44,Istanbul
C001664,U009148,CMP_SOC,2026-07-24,False,25-34,Istanbul
C001665,U009151,CMP_SOC,2026-08-22,False,25-34,Antalya
C001666,U009153,CMP_SOC,2026-08-12,False,25-34,Istanbul
C001667,U009156,CMP_SOC,2026-07-24,True,18-24,Istanbul
C001668,U009157,CMP_SOC,2026-07-10,False,35-44,Ankara
C001669,U009159,CMP_SOC,2026-07-19,False,25-34,Other
C001670,U009163,CMP_SOC,2026-08-15,False,18-24,Istanbul
C001671,U009170,CMP_SOC,2026-09-22,False,35-44,Gaziantep
C001672,U009171,CMP_SOC,2026-08-14,False,18-24,Izmir
C001673,U009172,CMP_SOC,2026-08-16,False,25-34,Konya
C001674,U009173,CMP_SOC,2026-08-09,False,25-34,Bursa
C001675,U009184,CMP_SOC,2026-09-25,False,25-34,Istanbul
C001676,U009185,CMP_SOC,2026-08-27,False,25-34,Konya
C001677,U009186,CMP_SOC,2026-09-04,True,25-34,Istanbul
C001678,U009197,CMP_SOC,2026-09-03,False,18-24,Istanbul
C001679,U009203,CMP_SOC,2026-08-06,True,35-44,Other
C001680,U009204,CMP_SOC,2026-09-01,True,18-24,Istanbul
C001681,U009214,CMP_SOC,2026-09-08,False,55+,Other
C001682,U009226,CMP_SOC,2026-07-27,False,18-24,Istanbul
C001683,U009228,CMP_SOC,2026-08-16,False,18-24,Ankara
C001684,U009239,CMP_SOC,2026-07-23,False,25-34,Ankara
C001685,U009240,CMP_SOC,2026-07-19,False,25-34,Istanbul
C001686,U009246,CMP_SOC,2026-09-28,False,25-34,Istanbul
C001687,U009248,CMP_SOC,2026-07-08,False,35-44,Istanbul
C001688,U009256,CMP_SOC,2026-08-16,False,18-24,Ankara
C001689,U009257,CMP_SOC,2026-09-19,False,18-24,Konya
C001690,U009261,CMP_SOC,2026-08-29,False,55+,Istanbul
C001691,U009271,CMP_SOC,2026-08-27,False,25-34,Other
C001692,U009274,CMP_SOC,2026-08-17,False,18-24,Istanbul
C001693,U009276,CMP_SOC,2026-07-26,False,25-34,Istanbul
C001694,U009283,CMP_SOC,2026-08-12,False,35-44,Other
C001695,U009286,CMP_SOC,2026-09-21,False,35-44,Izmir
C001696,U009290,CMP_SOC,2026-07-14,False,55+,Istanbul
C001697,U009312,CMP_SOC,2026-07-14,False,25-34,Istanbul
C001698,U009313,CMP_SOC,2026-07-22,False,35-44,Ankara
C001699,U009314,CMP_SOC,2026-08-29,False,35-44,Gaziantep
C001700,U009319,CMP_SOC,2026-08-07,False,35-44,Izmir
C001701,U009321,CMP_SOC,2026-08-09,False,18-24,Ankara
C001702,U009322,CMP_SOC,2026-07-23,False,18-24,Istanbul
C001703,U009323,CMP_SOC,2026-09-26,False,18-24,Ankara
C001704,U009327,CMP_SOC,2026-07-12,False,35-44,Konya
C001705,U009331,CMP_SOC,2026-07-22,False,18-24,Istanbul
C001706,U009341,CMP_SOC,2026-09-20,False,35-44,Istanbul
C001707,U009342,CMP_SOC,2026-08-16,False,35-44,Other
C001708,U009347,CMP_SOC,2026-07-11,False,18-24,Other
C001709,U009353,CMP_SOC,2026-08-01,False,25-34,Konya
C001710,U009358,CMP_SOC,2026-09-20,False,25-34,Istanbul
C001711,U009364,CMP_SOC,2026-07-11,True,45-54,Istanbul
C001712,U009377,CMP_SOC,2026-09-03,False,25-34,Istanbul
C001713,U009379,CMP_SOC,2026-07-12,False,45-54,Istanbul
C001714,U009382,CMP_SOC,2026-07-12,False,18-24,Istanbul
C001715,U009389,CMP_SOC,2026-07-21,False,18-24,Istanbul
C001716,U009391,CMP_SOC,2026-09-10,True,25-34,Izmir
C001717,U009398,CMP_SOC,2026-08-02,False,18-24,Other
C001718,U009399,CMP_SOC,2026-09-21,True,25-34,Other
C001719,U009400,CMP_SOC,2026-09-14,False,18-24,Istanbul
C001720,U009405,CMP_SOC,2026-09-05,False,25-34,Izmir
C001721,U009411,CMP_SOC,2026-09-15,True,25-34,Ankara
C001722,U009420,CMP_SOC,2026-08-26,False,25-34,Istanbul
C001723,U009444,CMP_SOC,2026-07-20,False,18-24,Other
C001724,U009455,CMP_SOC,2026-07-28,False,45-54,Istanbul
C001725,U009464,CMP_SOC,2026-08-31,False,45-54,Istanbul
C001726,U009468,CMP_SOC,2026-08-25,False,55+,Antalya
C001727,U009488,CMP_SOC,2026-07-08,True,45-54,Istanbul
C001728,U009491,CMP_SOC,2026-08-18,False,18-24,Izmir
C001729,U009493,CMP_SOC,2026-09-27,False,18-24,Ankara
C001730,U009497,CMP_SOC,2026-07-16,False,25-34,Istanbul
C001731,U009502,CMP_SOC,2026-07-02,True,25-34,Konya
C001732,U009503,CMP_SOC,2026-07-25,False,18-24,Istanbul
C001733,U009510,CMP_SOC,2026-08-14,False,25-34,Other
C001734,U009511,CMP_SOC,2026-08-25,False,18-24,Other
C001735,U009517,CMP_SOC,2026-07-19,False,55+,Istanbul
C001736,U009520,CMP_SOC,2026-08-09,False,55+,Istanbul
C001737,U009523,CMP_SOC,2026-09-25,False,18-24,Istanbul
C001738,U009524,CMP_SOC,2026-08-24,False,25-34,Istanbul
C001739,U009534,CMP_SOC,2026-09-04,False,25-34,Kayseri
C001740,U009537,CMP_SOC,2026-09-22,False,25-34,Other
C001741,U009539,CMP_SOC,2026-08-06,False,45-54,Other
C001742,U009541,CMP_SOC,2026-07-28,False,18-24,Ankara
C001743,U009547,CMP_SOC,2026-08-02,False,18-24,Istanbul
C001744,U009552,CMP_SOC,2026-09-21,False,18-24,Other
C001745,U009553,CMP_SOC,2026-08-08,False,35-44,Bursa
C001746,U009564,CMP_SOC,2026-08-03,False,18-24,Istanbul
C001747,U009576,CMP_SOC,2026-08-05,False,25-34,Istanbul
C001748,U009584,CMP_SOC,2026-09-13,True,25-34,Istanbul
C001749,U009590,CMP_SOC,2026-07-20,True,18-24,Istanbul
C001750,U009603,CMP_SOC,2026-07-10,True,25-34,Istanbul
C001751,U009605,CMP_SOC,2026-07-07,False,25-34,Other
C001752,U009607,CMP_SOC,2026-09-17,False,25-34,Istanbul
C001753,U009608,CMP_SOC,2026-09-24,True,18-24,Ankara
C001754,U009616,CMP_SOC,2026-09-16,True,25-34,Other
C001755,U009628,CMP_SOC,2026-08-25,False,18-24,Istanbul
C001756,U009629,CMP_SOC,2026-09-27,True,55+,Kocaeli
C001757,U009643,CMP_SOC,2026-08-28,False,18-24,Istanbul
C001758,U009655,CMP_SOC,2026-08-14,False,25-34,Other
C001759,U009657,CMP_SOC,2026-09-23,True,45-54,Other
C001760,U009686,CMP_SOC,2026-08-10,False,18-24,Ankara
C001761,U009690,CMP_SOC,2026-07-10,False,35-44,Istanbul
C001762,U009697,CMP_SOC,2026-08-01,False,25-34,Istanbul
C001763,U009704,CMP_SOC,2026-09-09,False,35-44,Istanbul
C001764,U009707,CMP_SOC,2026-09-12,False,18-24,Ankara
C001765,U009712,CMP_SOC,2026-09-15,True,35-44,Ankara
C001766,U009719,CMP_SOC,2026-09-09,False,18-24,Istanbul
C001767,U009721,CMP_SOC,2026-07-29,True,18-24,Bursa
C001768,U009722,CMP_SOC,2026-07-06,True,25-34,Istanbul
C001769,U009723,CMP_SOC,2026-09-19,False,25-34,Other
C001770,U009728,CMP_SOC,2026-07-19,False,35-44,Istanbul
C001771,U009729,CMP_SOC,2026-07-14,False,25-34,Kayseri
C001772,U009730,CMP_SOC,2026-09-27,False,25-34,Istanbul
C001773,U009733,CMP_SOC,2026-08-18,True,18-24,Kayseri
C001774,U009734,CMP_SOC,2026-07-20,False,25-34,Istanbul
C001775,U009737,CMP_SOC,2026-08-22,False,18-24,Istanbul
C001776,U009738,CMP_SOC,2026-08-03,True,45-54,Other
C001777,U009739,CMP_SOC,2026-09-18,False,18-24,Izmir
C001778,U009768,CMP_SOC,2026-07-26,False,25-34,Other
C001779,U009783,CMP_SOC,2026-08-04,True,25-34,Kayseri
C001780,U009785,CMP_SOC,2026-07-27,True,18-24,Konya
C001781,U009788,CMP_SOC,2026-07-19,False,18-24,Antalya
C001782,U009791,CMP_SOC,2026-09-03,True,18-24,Other
C001783,U009796,CMP_SOC,2026-07-18,False,18-24,Istanbul
C001784,U009801,CMP_SOC,2026-08-22,False,18-24,Istanbul
C001785,U009802,CMP_SOC,2026-08-18,False,25-34,Bursa
C001786,U009806,CMP_SOC,2026-09-29,False,35-44,Other
C001787,U009808,CMP_SOC,2026-08-04,False,25-34,Izmir
C001788,U009810,CMP_SOC,2026-08-18,False,25-34,Istanbul
C001789,U009812,CMP_SOC,2026-08-13,False,18-24,Ankara
C001790,U009820,CMP_SOC,2026-08-18,False,25-34,Ankara
C001791,U009825,CMP_SOC,2026-09-06,True,25-34,Istanbul
C001792,U009841,CMP_SOC,2026-08-04,False,25-34,Other
C001793,U009844,CMP_SOC,2026-08-01,True,25-34,Istanbul
C001794,U009845,CMP_SOC,2026-09-08,True,25-34,Istanbul
C001795,U009859,CMP_SOC,2026-07-11,False,18-24,Bursa
C001796,U009869,CMP_SOC,2026-09-23,True,18-24,Other
C001797,U009876,CMP_SOC,2026-08-17,True,18-24,Other
C001798,U009884,CMP_SOC,2026-08-06,False,18-24,Other
C001799,U009886,CMP_SOC,2026-08-09,False,25-34,Istanbul
C001800,U009887,CMP_SOC,2026-09-21,True,35-44,Istanbul
C001801,U009890,CMP_SOC,2026-09-18,False,35-44,Other
C001802,U009895,CMP_SOC,2026-07-16,False,35-44,Ankara
C001803,U009899,CMP_SOC,2026-09-10,False,25-34,Istanbul
C001804,U009902,CMP_SOC,2026-08-23,True,18-24,Istanbul
C001805,U009913,CMP_SOC,2026-07-05,False,18-24,Istanbul
C001806,U009920,CMP_SOC,2026-08-11,False,35-44,Izmir
C001807,U009928,CMP_SOC,2026-07-30,False,18-24,Ankara
C001808,U009938,CMP_SOC,2026-09-15,False,55+,Konya
C001809,U009949,CMP_SOC,2026-09-15,False,25-34,Istanbul
C001810,U009950,CMP_SOC,2026-07-02,True,25-34,Ankara
C001811,U009953,CMP_SOC,2026-07-07,False,25-34,Istanbul
C001812,U009954,CMP_SOC,2026-07-10,True,25-34,Antalya
C001813,U009960,CMP_SOC,2026-07-18,False,18-24,Istanbul
C001814,U009976,CMP_SOC,2026-08-18,False,18-24,Istanbul
C001815,U009980,CMP_SOC,2026-09-19,True,25-34,Kocaeli
C001816,U009985,CMP_SOC,2026-09-05,False,35-44,Kayseri
C001817,U009988,CMP_SOC,2026-09-16,True,25-34,Other
C001818,U010001,CMP_SOC,2026-07-06,False,45-54,Istanbul
C001819,U010002,CMP_SOC,2026-08-09,False,25-34,Istanbul
C001820,U010015,CMP_SOC,2026-09-15,False,25-34,Istanbul
C001821,U010017,CMP_SOC,2026-07-20,True,25-34,Istanbul
C001822,U010020,CMP_SOC,2026-07-03,False,35-44,Other
C001823,U010023,CMP_SOC,2026-07-25,False,25-34,Other
C001824,U010034,CMP_SOC,2026-09-06,False,35-44,Bursa
C001825,U010035,CMP_SOC,2026-09-18,False,25-34,Other
C001826,U010037,CMP_SOC,2026-08-26,False,45-54,Izmir
C001827,U010039,CMP_SOC,2026-08-04,False,25-34,Istanbul
C001828,U010047,CMP_SOC,2026-09-27,False,35-44,Bursa
C001829,U010058,CMP_SOC,2026-08-08,False,18-24,Istanbul
C001830,U010062,CMP_SOC,2026-07-16,True,35-44,Other
C001831,U010068,CMP_SOC,2026-09-02,False,25-34,Istanbul
C001832,U010072,CMP_SOC,2026-09-04,False,18-24,Konya
C001833,U010075,CMP_SOC,2026-07-07,False,35-44,Other
C001834,U010080,CMP_SOC,2026-07-28,False,35-44,Izmir
C001835,U010083,CMP_SOC,2026-08-23,False,18-24,Istanbul
C001836,U010086,CMP_SOC,2026-08-26,False,25-34,Konya
C001837,U010088,CMP_SOC,2026-09-19,False,25-34,Konya
C001838,U010093,CMP_SOC,2026-07-27,False,18-24,Ankara
C001839,U010096,CMP_SOC,2026-07-28,False,25-34,Other
C001840,U010105,CMP_SOC,2026-09-23,False,35-44,Izmir
C001841,U010108,CMP_SOC,2026-09-29,False,35-44,Istanbul
C001842,U010119,CMP_SOC,2026-08-08,False,25-34,Kocaeli
C001843,U010121,CMP_SOC,2026-07-07,False,35-44,Istanbul
C001844,U010128,CMP_SOC,2026-09-05,True,25-34,Antalya
C001845,U010132,CMP_SOC,2026-07-05,False,25-34,Istanbul
C001846,U010148,CMP_SOC,2026-09-01,False,35-44,Istanbul
C001847,U010154,CMP_SOC,2026-07-26,False,25-34,Istanbul
C001848,U010165,CMP_SOC,2026-08-09,True,18-24,Izmir
C001849,U010168,CMP_SOC,2026-08-10,False,25-34,Istanbul
C001850,U010177,CMP_SOC,2026-08-16,False,18-24,Istanbul
C001851,U010178,CMP_SOC,2026-08-19,True,18-24,Istanbul
C001852,U010185,CMP_SOC,2026-09-18,False,25-34,Istanbul
C001853,U010190,CMP_SOC,2026-07-25,False,25-34,Istanbul
C001854,U010192,CMP_SOC,2026-08-04,False,45-54,Ankara
C001855,U010196,CMP_SOC,2026-08-16,False,25-34,Antalya
C001856,U010203,CMP_SOC,2026-08-25,False,25-34,Other
C001857,U010211,CMP_SOC,2026-09-15,False,18-24,Istanbul
C001858,U010226,CMP_SOC,2026-07-03,False,25-34,Bursa
C001859,U010236,CMP_SOC,2026-07-20,False,35-44,Kocaeli
C001860,U010239,CMP_SOC,2026-08-17,True,25-34,Istanbul
C001861,U010243,CMP_SOC,2026-09-09,False,35-44,Istanbul
C001862,U010245,CMP_SOC,2026-07-08,False,18-24,Ankara
C001863,U010249,CMP_SOC,2026-07-13,True,25-34,Istanbul
C001864,U010267,CMP_SOC,2026-08-29,True,35-44,Ankara
C001865,U010270,CMP_SOC,2026-08-28,True,45-54,Izmir
C001866,U010275,CMP_SOC,2026-09-01,False,25-34,Other
C001867,U010282,CMP_SOC,2026-09-04,False,25-34,Istanbul
C001868,U010285,CMP_SOC,2026-09-09,True,18-24,Other
C001869,U010286,CMP_SOC,2026-08-31,False,45-54,Izmir
C001870,U010304,CMP_SOC,2026-08-04,False,25-34,Gaziantep
C001871,U010309,CMP_SOC,2026-07-07,False,18-24,Antalya
C001872,U010325,CMP_SOC,2026-07-23,False,25-34,Other
C001873,U010329,CMP_SOC,2026-07-19,True,45-54,Other
C001874,U010334,CMP_SOC,2026-08-01,True,35-44,Ankara
C001875,U010337,CMP_SOC,2026-09-03,False,25-34,Other
C001876,U010346,CMP_SOC,2026-09-20,False,25-34,Istanbul
C001877,U010347,CMP_SOC,2026-07-17,False,18-24,Izmir
C001878,U010353,CMP_SOC,2026-09-14,False,18-24,Istanbul
C001879,U010360,CMP_SOC,2026-08-31,False,35-44,Bursa
C001880,U010363,CMP_SOC,2026-09-27,False,25-34,Other
C001881,U010365,CMP_SOC,2026-09-20,False,18-24,Bursa
C001882,U010378,CMP_SOC,2026-09-03,False,35-44,Istanbul
C001883,U010379,CMP_SOC,2026-08-22,False,35-44,Istanbul
C001884,U010388,CMP_SOC,2026-08-17,True,18-24,Kocaeli
C001885,U010395,CMP_SOC,2026-08-16,False,25-34,Other
C001886,U010396,CMP_SOC,2026-09-19,False,25-34,Kocaeli
C001887,U010397,CMP_SOC,2026-08-25,False,45-54,Istanbul
C001888,U010403,CMP_SOC,2026-08-29,False,25-34,Ankara
C001889,U010404,CMP_SOC,2026-08-23,False,45-54,Bursa
C001890,U010408,CMP_SOC,2026-08-23,False,35-44,Izmir
C001891,U010412,CMP_SOC,2026-09-04,False,25-34,Istanbul
C001892,U010414,CMP_SOC,2026-09-16,False,55+,Bursa
C001893,U010434,CMP_SOC,2026-07-04,False,25-34,Bursa
C001894,U010455,CMP_SOC,2026-08-06,False,35-44,Ankara
C001895,U010456,CMP_SOC,2026-07-13,False,35-44,Ankara
C001896,U010457,CMP_SOC,2026-09-20,False,35-44,Ankara
C001897,U010459,CMP_SOC,2026-07-25,False,35-44,Izmir
C001898,U010463,CMP_SOC,2026-08-23,False,45-54,Istanbul
C001899,U010466,CMP_SOC,2026-08-27,True,18-24,Other
C001900,U010476,CMP_SOC,2026-08-20,True,18-24,Ankara
C001901,U010477,CMP_SOC,2026-08-01,False,55+,Istanbul
C001902,U010479,CMP_SOC,2026-08-17,True,18-24,Istanbul
C001903,U010481,CMP_SOC,2026-09-23,True,35-44,Ankara
C001904,U010483,CMP_SOC,2026-07-19,False,18-24,Istanbul
C001905,U010492,CMP_SOC,2026-07-14,False,18-24,Konya
C001906,U010494,CMP_SOC,2026-07-19,False,25-34,Istanbul
C001907,U010497,CMP_SOC,2026-08-06,False,45-54,Istanbul
C001908,U010498,CMP_SOC,2026-07-05,False,18-24,Istanbul
C001909,U010500,CMP_SOC,2026-07-05,False,25-34,Istanbul
C001910,U010505,CMP_SOC,2026-08-04,False,45-54,Other
C001911,U010511,CMP_SOC,2026-07-27,False,18-24,Istanbul
C001912,U010514,CMP_SOC,2026-09-12,False,25-34,Istanbul
C001913,U010525,CMP_SOC,2026-07-15,False,25-34,Other
C001914,U010532,CMP_SOC,2026-08-14,False,25-34,Istanbul
C001915,U010538,CMP_SOC,2026-09-28,False,18-24,Istanbul
C001916,U010544,CMP_SOC,2026-08-14,False,25-34,Istanbul
C001917,U010547,CMP_SOC,2026-09-25,False,18-24,Other
C001918,U010554,CMP_SOC,2026-07-03,False,55+,Izmir
C001919,U010561,CMP_SOC,2026-09-16,True,35-44,Konya
C001920,U010563,CMP_SOC,2026-09-17,True,25-34,Istanbul
C001921,U010573,CMP_SOC,2026-08-14,False,18-24,Istanbul
C001922,U010576,CMP_SOC,2026-07-09,False,25-34,Ankara
C001923,U010579,CMP_SOC,2026-09-12,False,25-34,Istanbul
C001924,U010589,CMP_SOC,2026-09-02,True,25-34,Ankara
C001925,U010595,CMP_SOC,2026-09-04,False,45-54,Istanbul
C001926,U010598,CMP_SOC,2026-09-08,True,25-34,Izmir
C001927,U010603,CMP_SOC,2026-08-27,False,18-24,Antalya
C001928,U010627,CMP_SOC,2026-07-15,True,25-34,Izmir
C001929,U010631,CMP_SOC,2026-09-11,False,18-24,Istanbul
C001930,U010632,CMP_SOC,2026-07-14,False,18-24,Bursa
C001931,U010635,CMP_SOC,2026-07-30,True,25-34,Other
C001932,U010637,CMP_SOC,2026-07-08,True,25-34,Istanbul
C001933,U010640,CMP_SOC,2026-07-11,False,35-44,Istanbul
C001934,U010642,CMP_SOC,2026-08-04,False,25-34,Istanbul
C001935,U010646,CMP_SOC,2026-07-03,False,35-44,Gaziantep
C001936,U010648,CMP_SOC,2026-08-28,False,18-24,Antalya
C001937,U010650,CMP_SOC,2026-07-04,True,35-44,Izmir
C001938,U010653,CMP_SOC,2026-08-28,False,25-34,Istanbul
C001939,U010659,CMP_SOC,2026-09-07,False,35-44,Other
C001940,U010660,CMP_SOC,2026-08-17,False,25-34,Istanbul
C001941,U010661,CMP_SOC,2026-07-05,False,55+,Izmir
C001942,U010662,CMP_SOC,2026-08-28,False,25-34,Istanbul
C001943,U010664,CMP_SOC,2026-09-20,True,25-34,Other
C001944,U010666,CMP_SOC,2026-08-11,False,25-34,Kayseri
C001945,U010668,CMP_SOC,2026-07-16,False,35-44,Istanbul
C001946,U010677,CMP_SOC,2026-07-14,False,18-24,Istanbul
C001947,U010679,CMP_SOC,2026-09-05,False,25-34,Istanbul
C001948,U010683,CMP_SOC,2026-09-19,False,18-24,Istanbul
C001949,U010685,CMP_SOC,2026-07-18,False,45-54,Istanbul
C001950,U010692,CMP_SOC,2026-09-11,False,18-24,Other
C001951,U010701,CMP_SOC,2026-08-27,False,45-54,Ankara
C001952,U010709,CMP_SOC,2026-09-19,True,18-24,Istanbul
C001953,U010710,CMP_SOC,2026-09-04,True,25-34,Izmir
C001954,U010718,CMP_SOC,2026-07-13,False,45-54,Gaziantep
C001955,U010733,CMP_SOC,2026-09-06,False,18-24,Bursa
C001956,U010735,CMP_SOC,2026-08-12,False,18-24,Istanbul
C001957,U010739,CMP_SOC,2026-08-12,False,35-44,Ankara
C001958,U010768,CMP_SOC,2026-08-14,False,25-34,Istanbul
C001959,U010769,CMP_SOC,2026-08-14,False,25-34,Kayseri
C001960,U010775,CMP_SOC,2026-09-08,False,25-34,Istanbul
C001961,U010784,CMP_SOC,2026-09-10,False,45-54,Other
C001962,U010785,CMP_SOC,2026-07-20,False,25-34,Other
C001963,U010787,CMP_SOC,2026-08-28,False,18-24,Istanbul
C001964,U010790,CMP_SOC,2026-08-03,False,25-34,Izmir
C001965,U010796,CMP_SOC,2026-09-19,False,25-34,Other
C001966,U010798,CMP_SOC,2026-09-01,False,35-44,Istanbul
C001967,U010799,CMP_SOC,2026-08-14,True,18-24,Istanbul
C001968,U010804,CMP_SOC,2026-08-01,False,45-54,Ankara
C001969,U010807,CMP_SOC,2026-07-13,False,35-44,Istanbul
C001970,U010819,CMP_SOC,2026-09-07,False,35-44,Kocaeli
C001971,U010825,CMP_SOC,2026-08-21,False,18-24,Ankara
C001972,U010827,CMP_SOC,2026-08-11,False,45-54,Istanbul
C001973,U010831,CMP_SOC,2026-09-24,False,18-24,Other
C001974,U010833,CMP_SOC,2026-07-30,False,25-34,Istanbul
C001975,U010837,CMP_SOC,2026-07-01,False,35-44,Ankara
C001976,U010841,CMP_SOC,2026-08-10,False,35-44,Istanbul
C001977,U010844,CMP_SOC,2026-08-06,False,35-44,Bursa
C001978,U010850,CMP_SOC,2026-08-16,False,45-54,Other
C001979,U010854,CMP_SOC,2026-09-06,False,35-44,Other
C001980,U010855,CMP_SOC,2026-07-05,False,25-34,Istanbul
C001981,U010856,CMP_SOC,2026-08-19,False,35-44,Other
C001982,U010870,CMP_SOC,2026-09-06,False,55+,Ankara
C001983,U010873,CMP_SOC,2026-08-23,True,18-24,Istanbul
C001984,U010878,CMP_SOC,2026-07-14,True,35-44,Kocaeli
C001985,U010889,CMP_SOC,2026-08-10,True,35-44,Istanbul
C001986,U010897,CMP_SOC,2026-08-05,False,25-34,Istanbul
C001987,U010900,CMP_SOC,2026-09-06,False,35-44,Ankara
C001988,U010902,CMP_SOC,2026-09-02,False,18-24,Istanbul
C001989,U010911,CMP_SOC,2026-09-06,False,25-34,Konya
C001990,U010915,CMP_SOC,2026-09-08,True,18-24,Ankara
C001991,U010926,CMP_SOC,2026-09-09,False,18-24,Istanbul
C001992,U010932,CMP_SOC,2026-07-05,True,25-34,Ankara
C001993,U010936,CMP_SOC,2026-09-20,False,25-34,Istanbul
C001994,U010950,CMP_SOC,2026-09-08,False,18-24,Istanbul
C001995,U010952,CMP_SOC,2026-07-11,False,35-44,Istanbul
C001996,U010973,CMP_SOC,2026-08-12,False,18-24,Ankara
C001997,U010977,CMP_SOC,2026-09-21,False,35-44,Ankara
C001998,U010978,CMP_SOC,2026-09-21,False,25-34,Istanbul
C001999,U010979,CMP_SOC,2026-07-05,False,45-54,Istanbul
C002000,U010986,CMP_SOC,2026-07-14,False,45-54,Istanbul
C002001,U011017,CMP_SOC,2026-09-21,False,25-34,Istanbul
C002002,U011019,CMP_SOC,2026-08-22,False,18-24,Other
C002003,U011021,CMP_SOC,2026-09-04,False,18-24,Ankara
C002004,U011023,CMP_SOC,2026-07-16,True,25-34,Istanbul
C002005,U011037,CMP_SOC,2026-07-11,False,18-24,Other
C002006,U011049,CMP_SOC,2026-08-20,False,18-24,Istanbul
C002007,U011051,CMP_SOC,2026-07-06,False,25-34,Istanbul
C002008,U011054,CMP_SOC,2026-08-28,False,18-24,Istanbul
C002009,U011055,CMP_SOC,2026-09-06,False,25-34,Other
C002010,U011067,CMP_SOC,2026-08-22,True,18-24,Konya
C002011,U011082,CMP_SOC,2026-08-11,False,55+,Istanbul
C002012,U011085,CMP_SOC,2026-08-28,False,25-34,Istanbul
C002013,U011093,CMP_SOC,2026-08-09,False,18-24,Ankara
C002014,U011108,CMP_SOC,2026-08-01,True,35-44,Izmir
C002015,U011119,CMP_SOC,2026-08-06,False,25-34,Istanbul
C002016,U011121,CMP_SOC,2026-08-23,False,18-24,Istanbul
C002017,U011125,CMP_SOC,2026-08-16,False,55+,Istanbul
C002018,U011141,CMP_SOC,2026-07-25,False,35-44,Other
C002019,U011155,CMP_SOC,2026-09-29,False,35-44,Istanbul
C002020,U011160,CMP_SOC,2026-07-09,False,18-24,Other
C002021,U011162,CMP_SOC,2026-08-10,False,25-34,Kocaeli
C002022,U011172,CMP_SOC,2026-07-05,False,18-24,Istanbul
C002023,U011175,CMP_SOC,2026-09-20,True,18-24,Istanbul
C002024,U011176,CMP_SOC,2026-08-26,False,35-44,Ankara
C002025,U011179,CMP_SOC,2026-09-27,True,55+,Istanbul
C002026,U011183,CMP_SOC,2026-07-19,False,18-24,Istanbul
C002027,U011186,CMP_SOC,2026-07-26,False,55+,Konya
C002028,U011190,CMP_SOC,2026-08-07,True,25-34,Bursa
C002029,U011191,CMP_SOC,2026-08-22,False,18-24,Antalya
C002030,U011210,CMP_SOC,2026-09-15,False,45-54,Ankara
C002031,U011216,CMP_SOC,2026-09-21,False,35-44,Ankara
C002032,U011223,CMP_SOC,2026-09-10,False,18-24,Istanbul
C002033,U011237,CMP_SOC,2026-07-28,False,55+,Bursa
C002034,U011245,CMP_SOC,2026-09-25,True,25-34,Ankara
C002035,U011247,CMP_SOC,2026-09-10,False,25-34,Ankara
C002036,U011249,CMP_SOC,2026-07-06,False,18-24,Other
C002037,U011256,CMP_SOC,2026-09-05,False,35-44,Ankara
C002038,U011259,CMP_SOC,2026-08-19,False,18-24,Ankara
C002039,U011269,CMP_SOC,2026-08-15,False,18-24,Other
C002040,U011275,CMP_SOC,2026-09-13,True,25-34,Konya
C002041,U011279,CMP_SOC,2026-07-29,False,35-44,Other
C002042,U011281,CMP_SOC,2026-09-11,False,35-44,Istanbul
C002043,U011296,CMP_SOC,2026-08-17,True,18-24,Izmir
C002044,U011306,CMP_SOC,2026-09-02,False,25-34,Istanbul
C002045,U011307,CMP_SOC,2026-08-12,True,35-44,Other
C002046,U011310,CMP_SOC,2026-08-31,False,18-24,Istanbul
C002047,U011321,CMP_SOC,2026-08-10,True,25-34,Istanbul
C002048,U011324,CMP_SOC,2026-08-16,False,18-24,Antalya
C002049,U011326,CMP_SOC,2026-09-27,True,35-44,Istanbul
C002050,U011328,CMP_SOC,2026-07-23,True,25-34,Izmir
C002051,U011330,CMP_SOC,2026-07-02,False,35-44,Izmir
C002052,U011331,CMP_SOC,2026-07-27,False,18-24,Other
C002053,U011332,CMP_SOC,2026-09-09,False,45-54,Istanbul
C002054,U011335,CMP_SOC,2026-09-26,True,25-34,Kayseri
C002055,U011339,CMP_SOC,2026-08-06,True,25-34,Istanbul
C002056,U011351,CMP_SOC,2026-09-22,False,18-24,Istanbul
C002057,U011361,CMP_SOC,2026-09-02,False,35-44,Istanbul
C002058,U011363,CMP_SOC,2026-09-28,False,25-34,Other
C002059,U011364,CMP_SOC,2026-07-15,True,25-34,Istanbul
C002060,U011366,CMP_SOC,2026-09-25,False,25-34,Konya
C002061,U011372,CMP_SOC,2026-07-15,False,25-34,Other
C002062,U011375,CMP_SOC,2026-09-20,False,55+,Bursa
C002063,U011386,CMP_SOC,2026-09-24,False,35-44,Istanbul
C002064,U011392,CMP_SOC,2026-08-19,False,25-34,Istanbul
C002065,U011414,CMP_SOC,2026-07-30,False,18-24,Kocaeli
C002066,U011418,CMP_SOC,2026-07-06,False,45-54,Ankara
C002067,U011419,CMP_SOC,2026-09-06,False,25-34,Bursa
C002068,U011421,CMP_SOC,2026-09-24,False,18-24,Istanbul
C002069,U011436,CMP_SOC,2026-08-25,True,25-34,Kayseri
C002070,U011452,CMP_SOC,2026-08-16,False,35-44,Other
C002071,U011455,CMP_SOC,2026-08-28,False,35-44,Istanbul
C002072,U011464,CMP_SOC,2026-07-24,True,45-54,Izmir
C002073,U011469,CMP_SOC,2026-08-10,False,18-24,Istanbul
C002074,U011477,CMP_SOC,2026-07-07,False,55+,Kocaeli
C002075,U011485,CMP_SOC,2026-09-03,False,25-34,Other
C002076,U011487,CMP_SOC,2026-08-05,False,18-24,Izmir
C002077,U011488,CMP_SOC,2026-08-21,False,35-44,Istanbul
C002078,U011489,CMP_SOC,2026-09-11,False,18-24,Istanbul
C002079,U011492,CMP_SOC,2026-09-02,False,18-24,Konya
C002080,U011495,CMP_SOC,2026-07-10,False,45-54,Istanbul
C002081,U011498,CMP_SOC,2026-09-13,False,25-34,Istanbul
C002082,U011503,CMP_SOC,2026-08-27,False,35-44,Ankara
C002083,U011504,CMP_SOC,2026-08-22,False,45-54,Izmir
C002084,U011512,CMP_SOC,2026-08-18,True,25-34,Konya
C002085,U011513,CMP_SOC,2026-08-08,False,35-44,Bursa
C002086,U011519,CMP_SOC,2026-08-18,True,45-54,Konya
C002087,U011522,CMP_SOC,2026-09-18,False,18-24,Ankara
C002088,U011528,CMP_SOC,2026-07-30,False,25-34,Istanbul
C002089,U011537,CMP_SOC,2026-09-04,False,35-44,Istanbul
C002090,U011539,CMP_SOC,2026-09-07,False,45-54,Istanbul
C002091,U011541,CMP_SOC,2026-09-08,True,25-34,Istanbul
C002092,U011544,CMP_SOC,2026-07-19,False,25-34,Istanbul
C002093,U011549,CMP_SOC,2026-09-06,False,18-24,Other
C002094,U011550,CMP_SOC,2026-09-09,False,18-24,Bursa
C002095,U011556,CMP_SOC,2026-08-29,False,25-34,Konya
C002096,U011561,CMP_SOC,2026-07-14,False,25-34,Other
C002097,U011563,CMP_SOC,2026-09-19,False,18-24,Gaziantep
C002098,U011566,CMP_SOC,2026-08-06,False,25-34,Izmir
C002099,U011573,CMP_SOC,2026-07-21,False,18-24,Istanbul
C002100,U011575,CMP_SOC,2026-07-10,True,45-54,Ankara
C002101,U011576,CMP_SOC,2026-08-16,False,35-44,Ankara
C002102,U011578,CMP_SOC,2026-07-21,False,18-24,Gaziantep
C002103,U011580,CMP_SOC,2026-08-23,False,35-44,Ankara
C002104,U011582,CMP_SOC,2026-08-29,False,35-44,Other
C002105,U011586,CMP_SOC,2026-08-28,False,35-44,Istanbul
C002106,U011599,CMP_SOC,2026-09-13,False,45-54,Ankara
C002107,U011604,CMP_SOC,2026-08-07,False,25-34,Konya
C002108,U011607,CMP_SOC,2026-07-04,False,35-44,Ankara
C002109,U011613,CMP_SOC,2026-07-23,False,35-44,Bursa
C002110,U011616,CMP_SOC,2026-08-10,False,18-24,Istanbul
C002111,U011631,CMP_SOC,2026-07-08,True,18-24,Izmir
C002112,U011637,CMP_SOC,2026-08-12,False,25-34,Konya
C002113,U011646,CMP_SOC,2026-07-28,True,18-24,Bursa
C002114,U011648,CMP_SOC,2026-09-28,False,35-44,Istanbul
C002115,U011655,CMP_SOC,2026-08-16,True,18-24,Ankara
C002116,U011668,CMP_SOC,2026-09-05,False,18-24,Izmir
C002117,U011669,CMP_SOC,2026-07-28,False,35-44,Istanbul
C002118,U011671,CMP_SOC,2026-07-27,False,45-54,Izmir
C002119,U011673,CMP_SOC,2026-07-21,True,25-34,Istanbul
C002120,U011674,CMP_SOC,2026-09-22,True,45-54,Istanbul
C002121,U011679,CMP_SOC,2026-07-04,True,18-24,Other
C002122,U011680,CMP_SOC,2026-09-29,False,35-44,Other
C002123,U011681,CMP_SOC,2026-07-15,True,25-34,Istanbul
C002124,U011683,CMP_SOC,2026-09-16,True,18-24,Istanbul
C002125,U011688,CMP_SOC,2026-08-19,False,45-54,Ankara
C002126,U011690,CMP_SOC,2026-07-16,False,35-44,Other
C002127,U011691,CMP_SOC,2026-07-02,False,25-34,Ankara
C002128,U011698,CMP_SOC,2026-08-01,False,18-24,Other
C002129,U011710,CMP_SOC,2026-07-22,False,35-44,Istanbul
C002130,U011720,CMP_SOC,2026-07-07,False,45-54,Other
C002131,U011724,CMP_SOC,2026-08-30,False,35-44,Istanbul
C002132,U011727,CMP_SOC,2026-08-16,False,25-34,Other
C002133,U011729,CMP_SOC,2026-08-01,True,25-34,Izmir
C002134,U011731,CMP_SOC,2026-09-05,False,45-54,Gaziantep
C002135,U011735,CMP_SOC,2026-08-16,True,25-34,Konya
C002136,U011741,CMP_SOC,2026-07-24,False,25-34,Antalya
C002137,U011744,CMP_SOC,2026-08-01,False,18-24,Other
C002138,U011748,CMP_SOC,2026-08-21,False,45-54,Ankara
C002139,U011759,CMP_SOC,2026-08-29,True,18-24,Istanbul
C002140,U011760,CMP_SOC,2026-08-29,False,25-34,Istanbul
C002141,U011766,CMP_SOC,2026-09-09,False,25-34,Istanbul
C002142,U011775,CMP_SOC,2026-07-26,False,25-34,Izmir
C002143,U011778,CMP_SOC,2026-07-07,False,45-54,Other
C002144,U011783,CMP_SOC,2026-08-23,False,18-24,Kayseri
C002145,U011806,CMP_SOC,2026-07-12,False,25-34,Other
C002146,U011809,CMP_SOC,2026-07-10,False,35-44,Other
C002147,U011811,CMP_SOC,2026-09-28,True,18-24,Istanbul
C002148,U011814,CMP_SOC,2026-09-12,False,35-44,Izmir
C002149,U011828,CMP_SOC,2026-09-08,True,35-44,Istanbul
C002150,U011829,CMP_SOC,2026-08-25,False,18-24,Istanbul
C002151,U011836,CMP_SOC,2026-08-07,True,35-44,Ankara
C002152,U011841,CMP_SOC,2026-08-31,False,18-24,Istanbul
C002153,U011843,CMP_SOC,2026-08-19,False,25-34,Istanbul
C002154,U011849,CMP_SOC,2026-09-27,False,25-34,Other
C002155,U011854,CMP_SOC,2026-08-03,False,18-24,Istanbul
C002156,U011855,CMP_SOC,2026-09-11,False,18-24,Kayseri
C002157,U011857,CMP_SOC,2026-07-18,True,25-34,Izmir
C002158,U011860,CMP_SOC,2026-08-08,True,25-34,Istanbul
C002159,U011872,CMP_SOC,2026-09-29,True,25-34,Istanbul
C002160,U011875,CMP_SOC,2026-08-12,False,18-24,Antalya
C002161,U011879,CMP_SOC,2026-09-14,False,25-34,Istanbul
C002162,U011880,CMP_SOC,2026-09-11,False,18-24,Ankara
C002163,U011890,CMP_SOC,2026-08-19,False,55+,Izmir
C002164,U011893,CMP_SOC,2026-08-30,False,18-24,Istanbul
C002165,U011905,CMP_SOC,2026-09-27,False,35-44,Istanbul
C002166,U011907,CMP_SOC,2026-08-24,False,45-54,Gaziantep
C002167,U011912,CMP_SOC,2026-08-01,False,45-54,Istanbul
C002168,U011917,CMP_SOC,2026-09-22,False,25-34,Izmir
C002169,U011921,CMP_SOC,2026-07-28,False,18-24,Other
C002170,U011926,CMP_SOC,2026-08-13,True,25-34,Istanbul
C002171,U011953,CMP_SOC,2026-08-30,True,35-44,Istanbul
C002172,U011958,CMP_SOC,2026-07-31,False,35-44,Ankara
C002173,U011962,CMP_SOC,2026-09-17,False,45-54,Ankara
C002174,U011965,CMP_SOC,2026-08-19,True,45-54,Kocaeli
C002175,U011980,CMP_SOC,2026-08-21,False,18-24,Ankara
C002176,U011985,CMP_SOC,2026-09-18,False,25-34,Bursa
C002177,U011988,CMP_SOC,2026-08-09,False,25-34,Izmir
C002178,U011991,CMP_SOC,2026-08-20,False,18-24,Bursa
C002179,U011992,CMP_SOC,2026-08-12,False,25-34,Konya
C002180,U012001,CMP_SOC,2026-09-03,False,35-44,Istanbul
C002181,U012007,CMP_SOC,2026-08-02,True,35-44,Ankara
C002182,U012012,CMP_SOC,2026-08-28,False,35-44,Other
C002183,U012017,CMP_SOC,2026-09-27,False,35-44,Ankara
C002184,U012018,CMP_SOC,2026-07-26,True,18-24,Konya
C002185,U012021,CMP_SOC,2026-08-19,False,25-34,Kocaeli
C002186,U012029,CMP_SOC,2026-08-23,False,25-34,Istanbul
C002187,U012037,CMP_SOC,2026-09-18,False,18-24,Istanbul
C002188,U012041,CMP_SOC,2026-08-09,False,25-34,Istanbul
C002189,U012046,CMP_SOC,2026-08-16,False,18-24,Other
C002190,U012049,CMP_SOC,2026-08-24,False,25-34,Other
C002191,U012055,CMP_SOC,2026-09-10,False,35-44,Istanbul
C002192,U012058,CMP_SOC,2026-09-04,True,18-24,Bursa
C002193,U012059,CMP_SOC,2026-09-08,True,45-54,Istanbul
C002194,U012079,CMP_SOC,2026-09-02,False,25-34,Antalya
C002195,U012080,CMP_SOC,2026-09-18,False,18-24,Other
C002196,U012084,CMP_SOC,2026-09-10,False,35-44,Istanbul
C002197,U012089,CMP_SOC,2026-07-27,False,18-24,Antalya
C002198,U012090,CMP_SOC,2026-09-07,False,35-44,Istanbul
C002199,U012096,CMP_SOC,2026-08-20,False,18-24,Kayseri
C002200,U012099,CMP_SOC,2026-09-10,False,25-34,Ankara
C002201,U012105,CMP_SOC,2026-09-13,False,25-34,Bursa
C002202,U012108,CMP_SOC,2026-09-22,False,18-24,Konya
C002203,U012125,CMP_SOC,2026-09-04,False,25-34,Other
C002204,U012138,CMP_SOC,2026-09-20,False,35-44,Other
C002205,U012144,CMP_SOC,2026-09-05,False,45-54,Antalya
C002206,U012145,CMP_SOC,2026-08-09,True,25-34,Ankara
C002207,U012155,CMP_SOC,2026-07-26,False,18-24,Konya
C002208,U012164,CMP_SOC,2026-08-19,False,18-24,Istanbul
C002209,U012177,CMP_SOC,2026-08-13,True,25-34,Istanbul
C002210,U012182,CMP_SOC,2026-09-25,False,18-24,Other
C002211,U012185,CMP_SOC,2026-07-31,False,35-44,Kocaeli
C002212,U012192,CMP_SOC,2026-07-21,False,25-34,Other
C002213,U012197,CMP_SOC,2026-08-06,False,18-24,Other
C002214,U012199,CMP_SOC,2026-07-22,False,35-44,Istanbul
C002215,U012203,CMP_SOC,2026-07-10,False,25-34,Istanbul
C002216,U012206,CMP_SOC,2026-08-16,False,55+,Istanbul
C002217,U012210,CMP_SOC,2026-07-22,False,18-24,Istanbul
C002218,U012211,CMP_SOC,2026-08-22,True,25-34,Bursa
C002219,U012213,CMP_SOC,2026-07-26,False,18-24,Ankara
C002220,U012227,CMP_SOC,2026-09-13,False,25-34,Istanbul
C002221,U012228,CMP_SOC,2026-08-26,True,45-54,Istanbul
C002222,U012230,CMP_SOC,2026-07-09,False,25-34,Istanbul
C002223,U012232,CMP_SOC,2026-08-18,False,25-34,Istanbul
C002224,U012237,CMP_SOC,2026-08-03,True,18-24,Konya
C002225,U012239,CMP_SOC,2026-09-20,False,18-24,Bursa
C002226,U012241,CMP_SOC,2026-09-23,False,55+,Istanbul
C002227,U012242,CMP_SOC,2026-09-10,True,25-34,Other
C002228,U012245,CMP_SOC,2026-09-04,False,25-34,Other
C002229,U012263,CMP_SOC,2026-08-03,False,18-24,Istanbul
C002230,U012266,CMP_SOC,2026-09-11,True,25-34,Istanbul
C002231,U012283,CMP_SOC,2026-08-30,False,18-24,Ankara
C002232,U012289,CMP_SOC,2026-07-15,False,18-24,Other
C002233,U012298,CMP_SOC,2026-07-22,True,45-54,Ankara
C002234,U012300,CMP_SOC,2026-07-22,False,35-44,Istanbul
C002235,U012309,CMP_SOC,2026-08-29,False,25-34,Bursa
C002236,U012321,CMP_SOC,2026-07-08,True,25-34,Istanbul
C002237,U012324,CMP_SOC,2026-08-26,False,25-34,Other
C002238,U012329,CMP_SOC,2026-09-12,False,18-24,Istanbul
C002239,U012333,CMP_SOC,2026-07-28,False,18-24,Ankara
C002240,U012342,CMP_SOC,2026-09-27,False,18-24,Konya
C002241,U012344,CMP_SOC,2026-09-02,False,25-34,Other
C002242,U012352,CMP_SOC,2026-09-11,False,35-44,Istanbul
C002243,U012354,CMP_SOC,2026-07-25,False,45-54,Ankara
C002244,U012357,CMP_SOC,2026-07-23,True,35-44,Ankara
C002245,U012366,CMP_SOC,2026-08-24,True,18-24,Istanbul
C002246,U012370,CMP_SOC,2026-08-21,False,18-24,Izmir
C002247,U012385,CMP_SOC,2026-07-10,False,45-54,Konya
C002248,U012395,CMP_SOC,2026-09-12,False,35-44,Istanbul
C002249,U012401,CMP_SOC,2026-07-30,False,18-24,Istanbul
C002250,U012406,CMP_SOC,2026-07-14,False,25-34,Istanbul
C002251,U012407,CMP_SOC,2026-09-23,False,35-44,Istanbul
C002252,U012416,CMP_SOC,2026-07-21,True,25-34,Istanbul
C002253,U012424,CMP_SOC,2026-07-15,True,55+,Ankara
C002254,U012427,CMP_SOC,2026-09-12,False,25-34,Other
C002255,U012432,CMP_SOC,2026-08-23,False,18-24,Istanbul
C002256,U012444,CMP_SOC,2026-09-26,False,25-34,Istanbul
C002257,U012447,CMP_SOC,2026-09-21,False,35-44,Istanbul
C002258,U012458,CMP_SOC,2026-07-10,False,35-44,Other
C002259,U012459,CMP_SOC,2026-09-14,False,18-24,Bursa
C002260,U012480,CMP_SOC,2026-07-19,False,25-34,Istanbul
C002261,U012496,CMP_SOC,2026-07-18,True,25-34,Ankara
C002262,U012501,CMP_SOC,2026-07-27,True,35-44,Istanbul
C002263,U012515,CMP_SOC,2026-09-04,False,25-34,Istanbul
C002264,U012522,CMP_SOC,2026-08-01,False,25-34,Ankara
C002265,U012526,CMP_SOC,2026-09-15,False,35-44,Gaziantep
C002266,U012534,CMP_SOC,2026-09-28,False,45-54,Ankara
C002267,U012546,CMP_SOC,2026-07-07,False,18-24,Istanbul
C002268,U012549,CMP_SOC,2026-09-21,False,25-34,Kocaeli
C002269,U012553,CMP_SOC,2026-09-07,False,45-54,Izmir
C002270,U012559,CMP_SOC,2026-08-07,False,18-24,Bursa
C002271,U012563,CMP_SOC,2026-07-29,False,18-24,Istanbul
C002272,U012578,CMP_SOC,2026-09-02,False,18-24,Izmir
C002273,U012581,CMP_SOC,2026-09-28,True,25-34,Ankara
C002274,U012582,CMP_SOC,2026-08-22,False,18-24,Antalya
C002275,U012591,CMP_SOC,2026-08-24,True,18-24,Istanbul
C002276,U012592,CMP_SOC,2026-08-17,True,18-24,Istanbul
C002277,U012596,CMP_SOC,2026-08-14,False,25-34,Ankara
C002278,U012601,CMP_SOC,2026-09-30,False,25-34,Istanbul
C002279,U012603,CMP_SOC,2026-08-16,False,35-44,Other
C002280,U012609,CMP_SOC,2026-07-20,False,55+,Istanbul
C002281,U012622,CMP_SOC,2026-08-07,False,35-44,Konya
C002282,U012644,CMP_SOC,2026-09-13,False,18-24,Kocaeli
C002283,U012647,CMP_SOC,2026-09-14,False,55+,Istanbul
C002284,U012650,CMP_SOC,2026-09-28,True,25-34,Ankara
C002285,U012654,CMP_SOC,2026-08-23,True,18-24,Istanbul
C002286,U012663,CMP_SOC,2026-08-02,False,25-34,Ankara
C002287,U012680,CMP_SOC,2026-07-05,False,25-34,Gaziantep
C002288,U012685,CMP_SOC,2026-07-31,False,25-34,Istanbul
C002289,U012691,CMP_SOC,2026-08-06,False,25-34,Bursa
C002290,U012705,CMP_SOC,2026-09-05,False,25-34,Istanbul
C002291,U012714,CMP_SOC,2026-08-31,False,25-34,Istanbul
C002292,U012722,CMP_SOC,2026-07-17,True,18-24,Istanbul
C002293,U012725,CMP_SOC,2026-09-16,False,25-34,Kocaeli
C002294,U012733,CMP_SOC,2026-08-31,False,25-34,Izmir
C002295,U012741,CMP_SOC,2026-08-16,False,25-34,Kayseri
C002296,U012745,CMP_SOC,2026-07-29,False,18-24,Bursa
C002297,U012747,CMP_SOC,2026-08-18,False,35-44,Ankara
C002298,U012761,CMP_SOC,2026-09-11,False,25-34,Istanbul
C002299,U012762,CMP_SOC,2026-07-22,False,55+,Istanbul
C002300,U012765,CMP_SOC,2026-07-10,False,45-54,Gaziantep
C002301,U012771,CMP_SOC,2026-07-20,False,25-34,Istanbul
C002302,U012783,CMP_SOC,2026-08-13,False,55+,Other
C002303,U012794,CMP_SOC,2026-08-04,False,25-34,Izmir
C002304,U012796,CMP_SOC,2026-09-08,True,18-24,Istanbul
C002305,U012803,CMP_SOC,2026-07-13,False,25-34,Istanbul
C002306,U012814,CMP_SOC,2026-09-15,False,45-54,Istanbul
C002307,U012825,CMP_SOC,2026-09-13,False,18-24,Other
C002308,U012826,CMP_SOC,2026-07-25,False,18-24,Istanbul
C002309,U012830,CMP_SOC,2026-08-24,False,35-44,Other
C002310,U012835,CMP_SOC,2026-07-21,False,25-34,Istanbul
C002311,U012836,CMP_SOC,2026-09-26,False,45-54,Istanbul
C002312,U012846,CMP_SOC,2026-08-13,False,25-34,Istanbul
C002313,U012867,CMP_SOC,2026-09-08,False,25-34,Istanbul
C002314,U012868,CMP_SOC,2026-08-28,True,25-34,Istanbul
C002315,U012881,CMP_SOC,2026-08-05,False,25-34,Istanbul
C002316,U012882,CMP_SOC,2026-07-25,False,18-24,Istanbul
C002317,U012885,CMP_SOC,2026-09-16,True,25-34,Istanbul
C002318,U012912,CMP_SOC,2026-07-25,False,35-44,Other
C002319,U012914,CMP_SOC,2026-08-15,False,25-34,Gaziantep
C002320,U012919,CMP_SOC,2026-09-16,False,35-44,Ankara
C002321,U012920,CMP_SOC,2026-08-30,True,18-24,Ankara
C002322,U012923,CMP_SOC,2026-07-14,True,35-44,Other
C002323,U012924,CMP_SOC,2026-08-08,False,35-44,Istanbul
C002324,U012932,CMP_SOC,2026-09-08,False,35-44,Istanbul
C002325,U012938,CMP_SOC,2026-07-21,False,18-24,Other
C002326,U012955,CMP_SOC,2026-07-13,False,18-24,Ankara
C002327,U012956,CMP_SOC,2026-09-05,False,25-34,Other
C002328,U012957,CMP_SOC,2026-08-24,False,35-44,Antalya
C002329,U012966,CMP_SOC,2026-09-06,False,55+,Istanbul
C002330,U012972,CMP_SOC,2026-08-30,False,18-24,Istanbul
C002331,U012981,CMP_SOC,2026-07-21,False,18-24,Istanbul
C002332,U012983,CMP_SOC,2026-08-25,False,18-24,Istanbul
C002333,U012985,CMP_SOC,2026-08-13,False,35-44,Istanbul
C002334,U012986,CMP_SOC,2026-07-07,False,18-24,Other
C002335,U012991,CMP_SOC,2026-08-13,False,55+,Kocaeli
C002336,U012993,CMP_SOC,2026-07-09,False,35-44,Istanbul
C002337,U012997,CMP_SOC,2026-09-06,False,25-34,Gaziantep
C002338,U013011,CMP_SOC,2026-09-26,False,25-34,Istanbul
C002339,U013013,CMP_SOC,2026-09-11,False,18-24,Kayseri
C002340,U013014,CMP_SOC,2026-07-13,False,25-34,Konya
C002341,U013017,CMP_SOC,2026-09-14,False,35-44,Istanbul
C002342,U013019,CMP_SOC,2026-07-06,False,25-34,Other
C002343,U013029,CMP_SOC,2026-09-29,False,18-24,Istanbul
C002344,U013031,CMP_SOC,2026-08-15,False,25-34,Istanbul
C002345,U013035,CMP_SOC,2026-07-06,False,35-44,Other
C002346,U013038,CMP_SOC,2026-07-19,False,18-24,Istanbul
C002347,U013041,CMP_SOC,2026-08-15,False,45-54,Other
C002348,U013044,CMP_SOC,2026-08-02,True,18-24,Bursa
C002349,U013049,CMP_SOC,2026-08-20,False,25-34,Other
C002350,U013051,CMP_SOC,2026-09-24,False,18-24,Other
C002351,U013055,CMP_SOC,2026-08-31,False,25-34,Kocaeli
C002352,U013058,CMP_SOC,2026-08-25,False,18-24,Istanbul
C002353,U013079,CMP_SOC,2026-08-11,False,55+,Other
C002354,U013089,CMP_SOC,2026-08-11,False,18-24,Bursa
C002355,U013101,CMP_SOC,2026-08-02,False,25-34,Istanbul
C002356,U013105,CMP_SOC,2026-08-27,False,45-54,Konya
C002357,U013108,CMP_SOC,2026-08-08,False,18-24,Izmir
C002358,U013112,CMP_SOC,2026-09-14,False,45-54,Other
C002359,U013113,CMP_SOC,2026-09-24,False,25-34,Konya
C002360,U013116,CMP_SOC,2026-08-30,False,18-24,Other
C002361,U013135,CMP_SOC,2026-07-05,False,25-34,Other
C002362,U013140,CMP_SOC,2026-09-14,True,45-54,Istanbul
C002363,U013141,CMP_SOC,2026-07-06,False,45-54,Gaziantep
C002364,U013154,CMP_SOC,2026-07-19,False,35-44,Istanbul
C002365,U013157,CMP_SOC,2026-07-04,False,25-34,Istanbul
C002366,U013168,CMP_SOC,2026-07-18,False,35-44,Istanbul
C002367,U013177,CMP_SOC,2026-09-05,True,35-44,Other
C002368,U013178,CMP_SOC,2026-09-04,False,18-24,Konya
C002369,U013183,CMP_SOC,2026-07-18,False,25-34,Other
C002370,U013188,CMP_SOC,2026-08-31,True,25-34,Kocaeli
C002371,U013191,CMP_SOC,2026-08-30,False,18-24,Other
C002372,U013194,CMP_SOC,2026-09-28,False,25-34,Istanbul
C002373,U013199,CMP_SOC,2026-08-05,False,18-24,Istanbul
C002374,U013202,CMP_SOC,2026-07-16,False,25-34,Antalya
C002375,U013203,CMP_SOC,2026-07-18,False,35-44,Istanbul
C002376,U013204,CMP_SOC,2026-09-06,False,55+,Other
C002377,U013217,CMP_SOC,2026-09-20,False,35-44,Ankara
C002378,U013219,CMP_SOC,2026-07-31,False,18-24,Gaziantep
C002379,U013225,CMP_SOC,2026-09-27,False,18-24,Konya
C002380,U013226,CMP_SOC,2026-07-19,False,35-44,Istanbul
C002381,U013231,CMP_SOC,2026-09-30,False,25-34,Other
C002382,U013233,CMP_SOC,2026-07-15,True,18-24,Ankara
C002383,U013241,CMP_SOC,2026-07-17,False,25-34,Konya
C002384,U013253,CMP_SOC,2026-08-11,False,35-44,Istanbul
C002385,U013254,CMP_SOC,2026-09-27,False,25-34,Istanbul
C002386,U013257,CMP_SOC,2026-07-26,False,25-34,Istanbul
C002387,U013265,CMP_SOC,2026-09-03,False,25-34,Istanbul
C002388,U013271,CMP_SOC,2026-08-23,True,25-34,Ankara
C002389,U013274,CMP_SOC,2026-09-18,False,25-34,Izmir
C002390,U013275,CMP_SOC,2026-09-06,False,35-44,Istanbul
C002391,U013284,CMP_SOC,2026-07-24,False,55+,Ankara
C002392,U013295,CMP_SOC,2026-09-18,False,35-44,Istanbul
C002393,U013298,CMP_SOC,2026-08-02,False,45-54,Istanbul
C002394,U013302,CMP_SOC,2026-08-06,False,18-24,Istanbul
C002395,U013306,CMP_SOC,2026-09-19,False,35-44,Istanbul
C002396,U013307,CMP_SOC,2026-08-18,True,25-34,Ankara
C002397,U013315,CMP_SOC,2026-07-21,False,35-44,Istanbul
C002398,U013316,CMP_SOC,2026-08-22,True,45-54,Ankara
C002399,U013317,CMP_SOC,2026-09-27,False,25-34,Konya
C002400,U013321,CMP_SOC,2026-07-30,False,55+,Istanbul
C002401,U013325,CMP_SOC,2026-08-20,False,18-24,Istanbul
C002402,U013335,CMP_SOC,2026-07-17,True,45-54,Antalya
C002403,U013336,CMP_SOC,2026-07-15,False,18-24,Bursa
C002404,U013337,CMP_SOC,2026-07-09,True,25-34,Istanbul
C002405,U013340,CMP_SOC,2026-08-07,False,18-24,Istanbul
C002406,U013342,CMP_SOC,2026-08-31,False,25-34,Konya
C002407,U013346,CMP_SOC,2026-07-06,True,55+,Istanbul
C002408,U013353,CMP_SOC,2026-08-07,False,45-54,Kayseri
C002409,U013354,CMP_SOC,2026-09-12,True,18-24,Istanbul
C002410,U013355,CMP_SOC,2026-08-02,False,25-34,Izmir
C002411,U013369,CMP_SOC,2026-09-04,True,25-34,Other
C002412,U013371,CMP_SOC,2026-08-22,False,25-34,Istanbul
C002413,U013374,CMP_SOC,2026-09-24,False,25-34,Other
C002414,U013385,CMP_SOC,2026-07-12,False,35-44,Other
C002415,U013389,CMP_SOC,2026-09-17,False,25-34,Istanbul
C002416,U013394,CMP_SOC,2026-08-18,False,25-34,Istanbul
C002417,U013395,CMP_SOC,2026-09-06,False,35-44,Other
C002418,U013396,CMP_SOC,2026-08-13,False,18-24,Istanbul
C002419,U013398,CMP_SOC,2026-08-25,False,35-44,Istanbul
C002420,U013400,CMP_SOC,2026-08-20,False,25-34,Izmir
C002421,U013406,CMP_SOC,2026-09-02,False,25-34,Antalya
C002422,U013412,CMP_SOC,2026-07-01,False,25-34,Izmir
C002423,U013423,CMP_SOC,2026-08-02,True,18-24,Other
C002424,U013426,CMP_SOC,2026-08-13,False,25-34,Izmir
C002425,U013432,CMP_SOC,2026-09-16,False,35-44,Izmir
C002426,U013448,CMP_SOC,2026-07-20,False,25-34,Izmir
C002427,U013449,CMP_SOC,2026-08-08,False,25-34,Kocaeli
C002428,U013453,CMP_SOC,2026-08-24,False,25-34,Ankara
C002429,U013455,CMP_SOC,2026-08-31,True,45-54,Izmir
C002430,U013458,CMP_SOC,2026-07-23,False,25-34,Istanbul
C002431,U013462,CMP_SOC,2026-08-27,False,35-44,Other
C002432,U013463,CMP_SOC,2026-08-02,False,25-34,Istanbul
C002433,U013470,CMP_SOC,2026-09-10,False,18-24,Istanbul
C002434,U013474,CMP_SOC,2026-08-22,False,25-34,Bursa
C002435,U013477,CMP_SOC,2026-07-06,True,35-44,Kayseri
C002436,U013479,CMP_SOC,2026-07-29,False,35-44,Istanbul
C002437,U013481,CMP_SOC,2026-09-27,False,25-34,Izmir
C002438,U013491,CMP_SOC,2026-09-05,True,18-24,Bursa
C002439,U013494,CMP_SOC,2026-07-24,True,18-24,Izmir
C002440,U013500,CMP_SOC,2026-08-31,False,18-24,Istanbul
C002441,U013502,CMP_SOC,2026-08-07,False,25-34,Istanbul
C002442,U013503,CMP_SOC,2026-08-27,False,35-44,Kocaeli
C002443,U013508,CMP_SOC,2026-09-18,True,35-44,Ankara
C002444,U013516,CMP_SOC,2026-08-30,False,45-54,Other
C002445,U013535,CMP_SOC,2026-08-18,False,35-44,Istanbul
C002446,U013541,CMP_SOC,2026-07-30,False,35-44,Other
C002447,U013545,CMP_SOC,2026-08-25,True,18-24,Bursa
C002448,U013546,CMP_SOC,2026-08-26,True,18-24,Kayseri
C002449,U013555,CMP_SOC,2026-09-17,False,18-24,Istanbul
C002450,U013560,CMP_SOC,2026-09-24,False,35-44,Istanbul
C002451,U013568,CMP_SOC,2026-07-07,True,25-34,Istanbul
C002452,U013586,CMP_SOC,2026-08-25,False,55+,Istanbul
C002453,U013587,CMP_SOC,2026-07-19,False,25-34,Kocaeli
C002454,U013596,CMP_SOC,2026-07-11,True,35-44,Istanbul
C002455,U013604,CMP_SOC,2026-08-30,False,25-34,Istanbul
C002456,U013607,CMP_SOC,2026-09-14,False,25-34,Kocaeli
C002457,U013610,CMP_SOC,2026-07-29,False,55+,Other
C002458,U013623,CMP_SOC,2026-08-03,False,25-34,Istanbul
C002459,U013624,CMP_SOC,2026-07-26,False,25-34,Other
C002460,U013632,CMP_SOC,2026-07-16,False,18-24,Istanbul
C002461,U013634,CMP_SOC,2026-07-29,True,25-34,Istanbul
C002462,U013638,CMP_SOC,2026-08-08,True,18-24,Other
C002463,U013651,CMP_SOC,2026-07-28,False,25-34,Istanbul
C002464,U013664,CMP_SOC,2026-08-23,True,55+,Ankara
C002465,U013668,CMP_SOC,2026-07-23,False,18-24,Istanbul
C002466,U013675,CMP_SOC,2026-08-29,False,25-34,Ankara
C002467,U013695,CMP_SOC,2026-08-09,False,18-24,Istanbul
C002468,U013696,CMP_SOC,2026-09-22,False,18-24,Istanbul
C002469,U013705,CMP_SOC,2026-07-17,True,45-54,Istanbul
C002470,U013706,CMP_SOC,2026-09-17,False,18-24,Konya
C002471,U013710,CMP_SOC,2026-07-26,False,35-44,Konya
C002472,U013712,CMP_SOC,2026-07-20,True,25-34,Izmir
C002473,U013714,CMP_SOC,2026-08-16,False,45-54,Bursa
C002474,U013722,CMP_SOC,2026-09-10,False,25-34,Izmir
C002475,U013723,CMP_SOC,2026-07-03,False,25-34,Other
C002476,U013733,CMP_SOC,2026-07-17,False,25-34,Istanbul
C002477,U013742,CMP_SOC,2026-07-08,False,18-24,Ankara
C002478,U013744,CMP_SOC,2026-09-05,False,25-34,Antalya
C002479,U013765,CMP_SOC,2026-07-07,True,25-34,Istanbul
C002480,U013768,CMP_SOC,2026-09-22,True,18-24,Bursa
C002481,U013775,CMP_SOC,2026-09-08,False,35-44,Istanbul
C002482,U013788,CMP_SOC,2026-09-08,False,18-24,Kayseri
C002483,U013806,CMP_SOC,2026-07-13,False,25-34,Other
C002484,U013820,CMP_SOC,2026-08-29,False,45-54,Izmir
C002485,U013824,CMP_SOC,2026-09-19,True,18-24,Konya
C002486,U013826,CMP_SOC,2026-09-15,False,18-24,Istanbul
C002487,U013840,CMP_SOC,2026-08-30,False,35-44,Istanbul
C002488,U013842,CMP_SOC,2026-08-08,False,25-34,Other
C002489,U013848,CMP_SOC,2026-08-28,False,25-34,Istanbul
C002490,U013859,CMP_SOC,2026-08-30,False,35-44,Ankara
C002491,U013864,CMP_SOC,2026-07-10,True,25-34,Istanbul
C002492,U013866,CMP_SOC,2026-07-02,True,18-24,Konya
C002493,U013870,CMP_SOC,2026-07-07,False,18-24,Kayseri
C002494,U013886,CMP_SOC,2026-08-08,False,35-44,Izmir
C002495,U013887,CMP_SOC,2026-08-18,True,25-34,Other
C002496,U013890,CMP_SOC,2026-09-12,False,55+,Ankara
C002497,U013896,CMP_SOC,2026-09-03,False,25-34,Izmir
C002498,U013907,CMP_SOC,2026-08-25,False,25-34,Kayseri
C002499,U013909,CMP_SOC,2026-08-06,False,18-24,Ankara
C002500,U013913,CMP_SOC,2026-09-13,False,25-34,Istanbul
C002501,U013916,CMP_SOC,2026-07-19,True,18-24,Istanbul
C002502,U013918,CMP_SOC,2026-09-02,False,25-34,Istanbul
C002503,U013921,CMP_SOC,2026-09-24,True,25-34,Ankara
C002504,U013927,CMP_SOC,2026-08-03,False,25-34,Izmir
C002505,U013928,CMP_SOC,2026-08-23,False,18-24,Istanbul
C002506,U013932,CMP_SOC,2026-07-26,False,18-24,Istanbul
C002507,U013933,CMP_SOC,2026-09-04,True,35-44,Istanbul
C002508,U013936,CMP_SOC,2026-09-18,False,18-24,Other
C002509,U013946,CMP_SOC,2026-09-14,True,25-34,Istanbul
C002510,U013947,CMP_SOC,2026-09-15,False,35-44,Ankara
C002511,U013950,CMP_SOC,2026-07-15,False,45-54,Istanbul
C002512,U013959,CMP_SOC,2026-09-24,True,25-34,Kocaeli
C002513,U013965,CMP_SOC,2026-09-22,False,25-34,Other
C002514,U013971,CMP_SOC,2026-07-25,False,18-24,Other
C002515,U013972,CMP_SOC,2026-08-02,False,35-44,Istanbul
C002516,U013973,CMP_SOC,2026-09-25,False,18-24,Ankara
C002517,U013976,CMP_SOC,2026-07-17,False,45-54,Istanbul
C002518,U013983,CMP_SOC,2026-07-20,False,35-44,Other
C002519,U013997,CMP_SOC,2026-09-12,False,45-54,Gaziantep
C002520,U014005,CMP_SOC,2026-08-24,False,18-24,Kayseri
C002521,U014006,CMP_SOC,2026-09-02,False,25-34,Konya
C002522,U014007,CMP_SOC,2026-09-12,False,35-44,Istanbul
C002523,U014021,CMP_SOC,2026-07-17,False,45-54,Istanbul
C002524,U014033,CMP_SOC,2026-08-18,False,25-34,Istanbul
C002525,U014034,CMP_SOC,2026-07-10,True,55+,Antalya
C002526,U014036,CMP_SOC,2026-09-11,False,55+,Izmir
C002527,U014038,CMP_SOC,2026-07-31,False,18-24,Antalya
C002528,U014039,CMP_SOC,2026-08-20,False,18-24,Ankara
C002529,U014044,CMP_SOC,2026-09-12,False,25-34,Istanbul
C002530,U014055,CMP_SOC,2026-08-25,False,18-24,Izmir
C002531,U014060,CMP_SOC,2026-07-17,False,18-24,Antalya
C002532,U014066,CMP_SOC,2026-07-10,False,25-34,Ankara
C002533,U014087,CMP_SOC,2026-08-06,False,35-44,Istanbul
C002534,U014091,CMP_SOC,2026-09-18,False,25-34,Istanbul
C002535,U014095,CMP_SOC,2026-08-08,False,25-34,Istanbul
C002536,U014099,CMP_SOC,2026-09-20,False,25-34,Istanbul
C002537,U014102,CMP_SOC,2026-09-11,False,25-34,Istanbul
C002538,U014109,CMP_SOC,2026-09-15,False,25-34,Antalya
C002539,U014116,CMP_SOC,2026-08-20,True,25-34,Ankara
C002540,U014117,CMP_SOC,2026-08-03,False,18-24,Istanbul
C002541,U014118,CMP_SOC,2026-08-14,False,18-24,Kayseri
C002542,U014122,CMP_SOC,2026-08-15,True,25-34,Ankara
C002543,U014123,CMP_SOC,2026-07-30,False,25-34,Konya
C002544,U014128,CMP_SOC,2026-08-14,False,18-24,Other
C002545,U014133,CMP_SOC,2026-08-11,False,25-34,Istanbul
C002546,U014137,CMP_SOC,2026-08-09,False,25-34,Other
C002547,U014147,CMP_SOC,2026-07-28,True,25-34,Antalya
C002548,U014155,CMP_SOC,2026-07-18,False,25-34,Kayseri
C002549,U014162,CMP_SOC,2026-07-31,False,25-34,Istanbul
C002550,U014165,CMP_SOC,2026-07-05,False,25-34,Izmir
C002551,U014167,CMP_SOC,2026-08-16,False,25-34,Izmir
C002552,U014173,CMP_SOC,2026-09-02,False,25-34,Izmir
C002553,U014178,CMP_SOC,2026-09-03,False,25-34,Istanbul
C002554,U014183,CMP_SOC,2026-09-01,False,35-44,Istanbul
C002555,U014185,CMP_SOC,2026-08-07,False,35-44,Istanbul
C002556,U014201,CMP_SOC,2026-08-14,False,25-34,Istanbul
C002557,U014204,CMP_SOC,2026-09-23,False,18-24,Istanbul
C002558,U014208,CMP_SOC,2026-07-30,False,35-44,Kocaeli
C002559,U014210,CMP_SOC,2026-09-26,False,35-44,Kocaeli
C002560,U014213,CMP_SOC,2026-09-04,False,25-34,Istanbul
C002561,U014220,CMP_SOC,2026-08-09,False,25-34,Konya
C002562,U014233,CMP_SOC,2026-09-03,False,35-44,Antalya
C002563,U014241,CMP_SOC,2026-07-11,False,18-24,Other
C002564,U014263,CMP_SOC,2026-08-04,False,18-24,Other
C002565,U014277,CMP_SOC,2026-07-20,True,18-24,Other
C002566,U014278,CMP_SOC,2026-07-09,False,35-44,Konya
C002567,U014288,CMP_SOC,2026-09-30,False,25-34,Istanbul
C002568,U014291,CMP_SOC,2026-07-22,True,45-54,Gaziantep
C002569,U014302,CMP_SOC,2026-07-24,True,25-34,Gaziantep
C002570,U014310,CMP_SOC,2026-09-20,False,25-34,Other
C002571,U014314,CMP_SOC,2026-08-07,True,55+,Istanbul
C002572,U014315,CMP_SOC,2026-08-31,False,18-24,Istanbul
C002573,U014318,CMP_SOC,2026-09-29,False,18-24,Istanbul
C002574,U014331,CMP_SOC,2026-09-16,False,18-24,Ankara
C002575,U014342,CMP_SOC,2026-08-13,False,18-24,Istanbul
C002576,U014344,CMP_SOC,2026-08-17,False,18-24,Gaziantep
C002577,U014348,CMP_SOC,2026-07-26,False,55+,Kocaeli
C002578,U014350,CMP_SOC,2026-07-17,False,25-34,Gaziantep
C002579,U014351,CMP_SOC,2026-09-13,False,18-24,Istanbul
C002580,U014365,CMP_SOC,2026-09-15,False,25-34,Konya
C002581,U014369,CMP_SOC,2026-08-04,True,55+,Kocaeli
C002582,U014372,CMP_SOC,2026-08-06,False,25-34,Istanbul
C002583,U014377,CMP_SOC,2026-09-26,False,18-24,Other
C002584,U014382,CMP_SOC,2026-07-27,False,18-24,Antalya
C002585,U014383,CMP_SOC,2026-09-28,False,35-44,Istanbul
C002586,U014386,CMP_SOC,2026-07-18,False,35-44,Istanbul
C002587,U014397,CMP_SOC,2026-08-30,False,55+,Istanbul
C002588,U014401,CMP_SOC,2026-09-19,False,25-34,Bursa
C002589,U014402,CMP_SOC,2026-08-18,False,25-34,Istanbul
C002590,U014405,CMP_SOC,2026-08-04,False,18-24,Izmir
C002591,U014407,CMP_SOC,2026-08-01,False,18-24,Ankara
C002592,U014408,CMP_SOC,2026-08-04,False,25-34,Ankara
C002593,U014417,CMP_SOC,2026-07-15,False,45-54,Gaziantep
C002594,U014419,CMP_SOC,2026-08-07,False,18-24,Kocaeli
C002595,U014421,CMP_SOC,2026-07-06,False,25-34,Other
C002596,U014424,CMP_SOC,2026-09-17,False,25-34,Bursa
C002597,U014429,CMP_SOC,2026-09-14,True,18-24,Istanbul
C002598,U014435,CMP_SOC,2026-09-24,True,35-44,Istanbul
C002599,U014440,CMP_SOC,2026-08-26,False,55+,Istanbul
C002600,U014447,CMP_SOC,2026-09-14,False,18-24,Izmir
C002601,U014455,CMP_SOC,2026-09-27,True,25-34,Other
C002602,U014459,CMP_SOC,2026-09-11,True,18-24,Istanbul
C002603,U014461,CMP_SOC,2026-09-12,False,35-44,Other
C002604,U014463,CMP_SOC,2026-08-23,False,18-24,Other
C002605,U014468,CMP_SOC,2026-07-09,False,18-24,Izmir
C002606,U014471,CMP_SOC,2026-08-01,False,18-24,Istanbul
C002607,U014475,CMP_SOC,2026-08-16,False,25-34,Istanbul
C002608,U014481,CMP_SOC,2026-09-12,True,18-24,Istanbul
C002609,U014486,CMP_SOC,2026-08-14,False,25-34,Istanbul
C002610,U014488,CMP_SOC,2026-08-08,False,25-34,Ankara
C002611,U014495,CMP_SOC,2026-08-14,False,45-54,Konya
C002612,U014512,CMP_SOC,2026-07-23,False,55+,Other
C002613,U014513,CMP_SOC,2026-07-10,True,25-34,Other
C002614,U014517,CMP_SOC,2026-08-03,False,18-24,Other
C002615,U014522,CMP_SOC,2026-07-04,False,35-44,Istanbul
C002616,U014523,CMP_SOC,2026-07-28,False,45-54,Konya
C002617,U014524,CMP_SOC,2026-08-22,False,35-44,Istanbul
C002618,U014529,CMP_SOC,2026-09-06,False,18-24,Izmir
C002619,U014536,CMP_SOC,2026-09-27,True,25-34,Ankara
C002620,U014540,CMP_SOC,2026-07-30,False,18-24,Istanbul
C002621,U014553,CMP_SOC,2026-07-28,False,35-44,Konya
C002622,U014566,CMP_SOC,2026-09-06,False,35-44,Ankara
C002623,U014574,CMP_SOC,2026-09-19,False,25-34,Ankara
C002624,U014579,CMP_SOC,2026-09-20,False,55+,Istanbul
C002625,U014584,CMP_SOC,2026-09-05,True,25-34,Other
C002626,U014593,CMP_SOC,2026-09-10,False,18-24,Bursa
C002627,U014595,CMP_SOC,2026-07-23,False,35-44,Istanbul
C002628,U014600,CMP_SOC,2026-09-02,False,18-24,Ankara
C002629,U014602,CMP_SOC,2026-08-23,False,35-44,Istanbul
C002630,U014606,CMP_SOC,2026-09-24,False,18-24,Istanbul
C002631,U014615,CMP_SOC,2026-09-19,True,25-34,Ankara
C002632,U014616,CMP_SOC,2026-07-05,False,25-34,Antalya
C002633,U014621,CMP_SOC,2026-09-01,False,25-34,Ankara
C002634,U014622,CMP_SOC,2026-07-13,False,25-34,Istanbul
C002635,U014623,CMP_SOC,2026-08-04,False,18-24,Istanbul
C002636,U014627,CMP_SOC,2026-07-19,False,25-34,Istanbul
C002637,U014631,CMP_SOC,2026-07-29,True,18-24,Istanbul
C002638,U014642,CMP_SOC,2026-07-20,False,25-34,Istanbul
C002639,U014651,CMP_SOC,2026-09-07,False,35-44,Istanbul
C002640,U014653,CMP_SOC,2026-07-23,False,25-34,Ankara
C002641,U014663,CMP_SOC,2026-09-18,False,25-34,Izmir
C002642,U014669,CMP_SOC,2026-08-01,True,35-44,Ankara
C002643,U014673,CMP_SOC,2026-07-07,False,18-24,Istanbul
C002644,U014676,CMP_SOC,2026-07-27,False,25-34,Bursa
C002645,U014678,CMP_SOC,2026-07-05,False,18-24,Antalya
C002646,U014688,CMP_SOC,2026-07-08,False,35-44,Istanbul
C002647,U014692,CMP_SOC,2026-07-20,True,35-44,Istanbul
C002648,U014695,CMP_SOC,2026-09-04,False,45-54,Bursa
C002649,U014696,CMP_SOC,2026-09-27,False,18-24,Other
C002650,U014707,CMP_SOC,2026-09-09,True,25-34,Istanbul
C002651,U014709,CMP_SOC,2026-08-04,False,25-34,Istanbul
C002652,U014713,CMP_SOC,2026-08-21,False,25-34,Ankara
C002653,U014718,CMP_SOC,2026-09-29,False,18-24,Kocaeli
C002654,U014729,CMP_SOC,2026-07-18,True,18-24,Istanbul
C002655,U014735,CMP_SOC,2026-07-06,False,25-34,Ankara
C002656,U014739,CMP_SOC,2026-07-26,False,18-24,Istanbul
C002657,U014747,CMP_SOC,2026-07-10,False,18-24,Istanbul
C002658,U014760,CMP_SOC,2026-09-05,False,35-44,Istanbul
C002659,U014768,CMP_SOC,2026-07-09,False,18-24,Istanbul
C002660,U014771,CMP_SOC,2026-07-15,False,18-24,Istanbul
C002661,U014779,CMP_SOC,2026-08-23,False,25-34,Istanbul
C002662,U014780,CMP_SOC,2026-08-09,True,35-44,Kocaeli
C002663,U014782,CMP_SOC,2026-09-05,False,25-34,Konya
C002664,U014786,CMP_SOC,2026-08-28,False,25-34,Gaziantep
C002665,U014792,CMP_SOC,2026-09-05,False,18-24,Konya
C002666,U014795,CMP_SOC,2026-08-17,False,45-54,Istanbul
C002667,U014797,CMP_SOC,2026-09-26,True,35-44,Istanbul
C002668,U014803,CMP_SOC,2026-08-26,False,18-24,Istanbul
C002669,U014808,CMP_SOC,2026-07-16,False,35-44,Ankara
C002670,U014813,CMP_SOC,2026-09-01,True,18-24,Ankara
C002671,U014814,CMP_SOC,2026-09-24,False,45-54,Ankara
C002672,U014817,CMP_SOC,2026-08-31,False,18-24,Bursa
C002673,U014818,CMP_SOC,2026-07-13,True,25-34,Other
C002674,U014832,CMP_SOC,2026-07-12,False,18-24,Other
C002675,U014836,CMP_SOC,2026-09-14,False,25-34,Istanbul
C002676,U014837,CMP_SOC,2026-07-10,False,18-24,Istanbul
C002677,U014838,CMP_SOC,2026-07-06,False,18-24,Istanbul
C002678,U014844,CMP_SOC,2026-08-14,False,35-44,Ankara
C002679,U014858,CMP_SOC,2026-08-17,False,18-24,Kayseri
C002680,U014870,CMP_SOC,2026-08-10,False,25-34,Konya
C002681,U014872,CMP_SOC,2026-09-16,False,25-34,Ankara
C002682,U014873,CMP_SOC,2026-09-16,False,25-34,Istanbul
C002683,U014875,CMP_SOC,2026-08-01,False,25-34,Other
C002684,U014891,CMP_SOC,2026-08-18,False,25-34,Kocaeli
C002685,U014893,CMP_SOC,2026-08-13,True,55+,Istanbul
C002686,U014895,CMP_SOC,2026-08-09,False,25-34,Other
C002687,U014903,CMP_SOC,2026-07-06,True,25-34,Ankara
C002688,U014909,CMP_SOC,2026-08-09,True,18-24,Other
C002689,U014913,CMP_SOC,2026-08-08,False,18-24,Istanbul
C002690,U014915,CMP_SOC,2026-09-12,True,25-34,Other
C002691,U014941,CMP_SOC,2026-08-13,False,35-44,Istanbul
C002692,U014944,CMP_SOC,2026-07-13,False,25-34,Ankara
C002693,U014945,CMP_SOC,2026-07-03,False,18-24,Other
C002694,U014948,CMP_SOC,2026-09-19,False,18-24,Izmir
C002695,U014950,CMP_SOC,2026-07-22,False,25-34,Istanbul
C002696,U014952,CMP_SOC,2026-07-14,False,25-34,Istanbul
C002697,U014954,CMP_SOC,2026-08-24,True,45-54,Izmir
C002698,U014958,CMP_SOC,2026-07-12,False,25-34,Istanbul
C002699,U014959,CMP_SOC,2026-08-02,False,25-34,Istanbul
C002700,U014970,CMP_SOC,2026-09-19,False,25-34,Istanbul
C002701,U014972,CMP_SOC,2026-07-27,False,18-24,Other
C002702,U014975,CMP_SOC,2026-08-24,False,35-44,Istanbul
C002703,U014983,CMP_SOC,2026-09-05,False,25-34,Istanbul
C002704,U014986,CMP_SOC,2026-07-31,True,35-44,Istanbul
C002705,U014990,CMP_SOC,2026-09-30,False,25-34,Izmir
C002706,U015003,CMP_SOC,2026-07-31,True,18-24,Istanbul
C002707,U015006,CMP_SOC,2026-08-23,False,25-34,Antalya
C002708,U015008,CMP_SOC,2026-07-06,False,25-34,Other
C002709,U015010,CMP_SOC,2026-08-23,False,45-54,Izmir
C002710,U015013,CMP_SOC,2026-07-12,False,18-24,Istanbul
C002711,U015018,CMP_SOC,2026-07-14,False,25-34,Other
C002712,U015021,CMP_SOC,2026-09-17,True,25-34,Ankara
C002713,U015023,CMP_SOC,2026-09-08,False,18-24,Istanbul
C002714,U015027,CMP_SOC,2026-09-21,True,45-54,Antalya
C002715,U015031,CMP_SOC,2026-07-05,False,25-34,Other
C002716,U015032,CMP_SOC,2026-09-20,False,35-44,Istanbul
C002717,U015034,CMP_SOC,2026-08-20,True,35-44,Gaziantep
C002718,U015047,CMP_SOC,2026-09-08,False,25-34,Istanbul
C002719,U015053,CMP_SOC,2026-08-26,False,45-54,Izmir
C002720,U015057,CMP_SOC,2026-09-12,False,25-34,Istanbul
C002721,U015059,CMP_SOC,2026-07-07,False,25-34,Ankara
C002722,U015060,CMP_SOC,2026-08-04,False,18-24,Other
C002723,U015065,CMP_SOC,2026-09-29,True,45-54,Konya
C002724,U015066,CMP_SOC,2026-09-30,False,18-24,Istanbul
C002725,U015067,CMP_SOC,2026-07-15,False,45-54,Izmir
C002726,U015070,CMP_SOC,2026-08-01,False,25-34,Antalya
C002727,U015075,CMP_SOC,2026-08-27,False,18-24,Other
C002728,U015083,CMP_SOC,2026-09-13,False,25-34,Antalya
C002729,U015092,CMP_SOC,2026-07-16,True,18-24,Ankara
C002730,U015093,CMP_SOC,2026-09-05,False,25-34,Other
C002731,U015105,CMP_SOC,2026-07-14,False,45-54,Ankara
C002732,U015110,CMP_SOC,2026-07-20,False,25-34,Istanbul
C002733,U015116,CMP_SOC,2026-08-08,True,18-24,Istanbul
C002734,U015130,CMP_SOC,2026-07-03,False,18-24,Other
C002735,U015131,CMP_SOC,2026-07-04,False,25-34,Other
C002736,U015137,CMP_SOC,2026-08-23,False,25-34,Istanbul
C002737,U015146,CMP_SOC,2026-08-20,False,25-34,Istanbul
C002738,U015151,CMP_SOC,2026-09-18,True,18-24,Other
C002739,U015153,CMP_SOC,2026-09-15,False,18-24,Istanbul
C002740,U015155,CMP_SOC,2026-09-08,False,18-24,Istanbul
C002741,U015174,CMP_SOC,2026-07-13,False,25-34,Konya
C002742,U015176,CMP_SOC,2026-09-18,False,25-34,Other
C002743,U015186,CMP_SOC,2026-07-07,True,18-24,Konya
C002744,U015190,CMP_SOC,2026-09-25,True,25-34,Istanbul
C002745,U015194,CMP_SOC,2026-08-09,False,45-54,Istanbul
C002746,U015197,CMP_SOC,2026-08-16,False,25-34,Other
C002747,U015212,CMP_SOC,2026-07-15,False,25-34,Istanbul
C002748,U015215,CMP_SOC,2026-07-22,False,25-34,Izmir
C002749,U015217,CMP_SOC,2026-09-17,False,35-44,Istanbul
C002750,U015218,CMP_SOC,2026-07-15,True,18-24,Istanbul
C002751,U015229,CMP_SOC,2026-07-28,False,25-34,Istanbul
C002752,U015243,CMP_SOC,2026-07-29,False,18-24,Izmir
C002753,U015245,CMP_SOC,2026-08-05,False,25-34,Ankara
C002754,U015248,CMP_SOC,2026-09-17,False,45-54,Kocaeli
C002755,U015249,CMP_SOC,2026-08-13,False,35-44,Izmir
C002756,U015250,CMP_SOC,2026-09-08,False,35-44,Istanbul
C002757,U015259,CMP_SOC,2026-08-04,False,35-44,Other
C002758,U015260,CMP_SOC,2026-07-05,False,18-24,Konya
C002759,U015268,CMP_SOC,2026-08-08,False,25-34,Bursa
C002760,U015272,CMP_SOC,2026-09-29,False,35-44,Other
C002761,U015273,CMP_SOC,2026-07-07,False,25-34,Konya
C002762,U015284,CMP_SOC,2026-07-28,False,25-34,Istanbul
C002763,U015287,CMP_SOC,2026-07-20,False,25-34,Istanbul
C002764,U015291,CMP_SOC,2026-09-05,False,25-34,Other
C002765,U015292,CMP_SOC,2026-08-26,False,25-34,Istanbul
C002766,U015293,CMP_SOC,2026-08-13,False,18-24,Kayseri
C002767,U015302,CMP_SOC,2026-08-26,False,25-34,Istanbul
C002768,U015312,CMP_SOC,2026-08-11,False,25-34,Istanbul
C002769,U015313,CMP_SOC,2026-07-30,True,18-24,Other
C002770,U015315,CMP_SOC,2026-08-18,True,35-44,Kayseri
C002771,U015319,CMP_SOC,2026-08-09,False,18-24,Istanbul
C002772,U015321,CMP_SOC,2026-07-15,True,18-24,Istanbul
C002773,U015339,CMP_SOC,2026-09-02,False,25-34,Istanbul
C002774,U015341,CMP_SOC,2026-08-16,False,45-54,Other
C002775,U015343,CMP_SOC,2026-07-20,False,25-34,Other
C002776,U015345,CMP_SOC,2026-09-09,False,35-44,Other
C002777,U015350,CMP_SOC,2026-08-14,False,45-54,Istanbul
C002778,U015352,CMP_SOC,2026-07-17,False,18-24,Istanbul
C002779,U015353,CMP_SOC,2026-07-05,False,45-54,Istanbul
C002780,U015357,CMP_SOC,2026-09-18,False,35-44,Izmir
C002781,U015364,CMP_SOC,2026-09-06,False,18-24,Ankara
C002782,U015393,CMP_SOC,2026-07-30,True,35-44,Istanbul
C002783,U015400,CMP_SOC,2026-09-12,False,45-54,Istanbul
C002784,U015404,CMP_SOC,2026-08-14,False,18-24,Ankara
C002785,U015406,CMP_SOC,2026-08-23,True,25-34,Ankara
C002786,U015415,CMP_SOC,2026-08-17,False,25-34,Istanbul
C002787,U015417,CMP_SOC,2026-07-25,False,18-24,Istanbul
C002788,U015420,CMP_SOC,2026-07-03,False,18-24,Bursa
C002789,U015421,CMP_SOC,2026-07-20,False,18-24,Bursa
C002790,U015436,CMP_SOC,2026-08-08,False,25-34,Istanbul
C002791,U015439,CMP_SOC,2026-09-14,True,25-34,Kayseri
C002792,U015449,CMP_SOC,2026-08-12,False,45-54,Istanbul
C002793,U015456,CMP_SOC,2026-09-27,True,25-34,Ankara
C002794,U015461,CMP_SOC,2026-07-05,True,35-44,Izmir
C002795,U015469,CMP_SOC,2026-07-05,True,18-24,Kayseri
C002796,U015472,CMP_SOC,2026-08-12,False,35-44,Kocaeli
C002797,U015473,CMP_SOC,2026-09-14,False,18-24,Istanbul
C002798,U015476,CMP_SOC,2026-07-16,False,18-24,Izmir
C002799,U015481,CMP_SOC,2026-07-09,False,55+,Istanbul
C002800,U015483,CMP_SOC,2026-09-07,False,25-34,Gaziantep
C002801,U015488,CMP_SOC,2026-07-04,False,25-34,Ankara
C002802,U015490,CMP_SOC,2026-08-03,False,18-24,Istanbul
C002803,U015521,CMP_SOC,2026-09-06,False,25-34,Other
C002804,U015529,CMP_SOC,2026-09-02,True,25-34,Ankara
C002805,U015534,CMP_SOC,2026-09-26,True,35-44,Istanbul
C002806,U015538,CMP_SOC,2026-07-20,False,18-24,Istanbul
C002807,U015542,CMP_SOC,2026-08-12,False,25-34,Izmir
C002808,U015550,CMP_SOC,2026-07-10,False,35-44,Other
C002809,U015553,CMP_SOC,2026-07-10,False,18-24,Istanbul
C002810,U015557,CMP_SOC,2026-08-01,False,35-44,Istanbul
C002811,U015558,CMP_SOC,2026-09-29,True,35-44,Istanbul
C002812,U015569,CMP_SOC,2026-09-23,False,18-24,Istanbul
C002813,U015570,CMP_SOC,2026-08-08,False,18-24,Other
C002814,U015579,CMP_SOC,2026-09-30,True,18-24,Gaziantep
C002815,U015585,CMP_SOC,2026-09-17,True,18-24,Other
C002816,U015587,CMP_SOC,2026-09-13,False,25-34,Kocaeli
C002817,U015588,CMP_SOC,2026-07-11,False,55+,Istanbul
C002818,U015595,CMP_SOC,2026-09-04,False,25-34,Izmir
C002819,U015597,CMP_SOC,2026-07-06,False,18-24,Gaziantep
C002820,U015603,CMP_SOC,2026-07-27,False,45-54,Bursa
C002821,U015608,CMP_SOC,2026-07-04,True,18-24,Bursa
C002822,U015610,CMP_SOC,2026-08-31,False,18-24,Ankara
C002823,U015616,CMP_SOC,2026-07-22,True,35-44,Kayseri
C002824,U015618,CMP_SOC,2026-09-22,False,25-34,Istanbul
C002825,U015623,CMP_SOC,2026-09-21,False,18-24,Ankara
C002826,U015624,CMP_SOC,2026-09-07,True,18-24,Other
C002827,U015634,CMP_SOC,2026-08-28,False,18-24,Ankara
C002828,U015635,CMP_SOC,2026-07-22,True,55+,Ankara
C002829,U015640,CMP_SOC,2026-09-23,False,25-34,Other
C002830,U015642,CMP_SOC,2026-08-02,False,25-34,Istanbul
C002831,U015648,CMP_SOC,2026-08-15,False,25-34,Izmir
C002832,U015651,CMP_SOC,2026-08-21,False,18-24,Other
C002833,U015654,CMP_SOC,2026-09-06,False,35-44,Ankara
C002834,U015665,CMP_SOC,2026-08-23,False,25-34,Istanbul
C002835,U015674,CMP_SOC,2026-08-15,True,18-24,Other
C002836,U015675,CMP_SOC,2026-07-15,True,18-24,Other
C002837,U015676,CMP_SOC,2026-08-05,False,18-24,Istanbul
C002838,U015678,CMP_SOC,2026-08-21,False,45-54,Istanbul
C002839,U015681,CMP_SOC,2026-09-24,False,18-24,Istanbul
C002840,U015685,CMP_SOC,2026-07-24,False,18-24,Istanbul
C002841,U015689,CMP_SOC,2026-07-07,False,25-34,Istanbul
C002842,U015692,CMP_SOC,2026-07-09,True,55+,Istanbul
C002843,U015698,CMP_SOC,2026-08-30,False,25-34,Istanbul
C002844,U015706,CMP_SOC,2026-09-06,False,25-34,Istanbul
C002845,U015708,CMP_SOC,2026-07-02,False,25-34,Izmir
C002846,U015714,CMP_SOC,2026-07-05,True,35-44,Other
C002847,U015717,CMP_SOC,2026-08-01,True,18-24,Istanbul
C002848,U015724,CMP_SOC,2026-09-15,True,18-24,Other
C002849,U015731,CMP_SOC,2026-09-15,False,18-24,Konya
C002850,U015734,CMP_SOC,2026-09-20,False,18-24,Bursa
C002851,U015738,CMP_SOC,2026-07-01,False,25-34,Istanbul
C002852,U015743,CMP_SOC,2026-07-28,False,25-34,Ankara
C002853,U015754,CMP_SOC,2026-08-05,False,25-34,Other
C002854,U015757,CMP_SOC,2026-09-10,False,35-44,Bursa
C002855,U015766,CMP_SOC,2026-09-02,False,25-34,Konya
C002856,U015774,CMP_SOC,2026-07-11,False,35-44,Istanbul
C002857,U015777,CMP_SOC,2026-07-26,False,18-24,Other
C002858,U015778,CMP_SOC,2026-08-30,True,18-24,Istanbul
C002859,U015785,CMP_SOC,2026-07-24,False,55+,Istanbul
C002860,U015787,CMP_SOC,2026-08-05,True,25-34,Istanbul
C002861,U015796,CMP_SOC,2026-07-06,False,18-24,Kocaeli
C002862,U015798,CMP_SOC,2026-09-14,False,18-24,Other
C002863,U015800,CMP_SOC,2026-07-26,False,25-34,Konya
C002864,U015803,CMP_SOC,2026-09-18,True,45-54,Other
C002865,U015806,CMP_SOC,2026-09-14,False,45-54,Kayseri
C002866,U015808,CMP_SOC,2026-09-29,False,18-24,Istanbul
C002867,U015812,CMP_SOC,2026-09-29,False,18-24,Ankara
C002868,U015813,CMP_SOC,2026-08-27,False,25-34,Istanbul
C002869,U015820,CMP_SOC,2026-08-30,True,45-54,Istanbul
C002870,U015821,CMP_SOC,2026-09-07,True,35-44,Istanbul
C002871,U015826,CMP_SOC,2026-09-28,False,35-44,Other
C002872,U015830,CMP_SOC,2026-08-04,False,55+,Konya
C002873,U015834,CMP_SOC,2026-08-23,True,18-24,Bursa
C002874,U015843,CMP_SOC,2026-07-30,True,18-24,Izmir
C002875,U015846,CMP_SOC,2026-07-20,False,25-34,Izmir
C002876,U015848,CMP_SOC,2026-08-30,False,18-24,Bursa
C002877,U015850,CMP_SOC,2026-07-25,False,25-34,Istanbul
C002878,U015853,CMP_SOC,2026-07-22,False,18-24,Other
C002879,U015873,CMP_SOC,2026-09-15,False,25-34,Istanbul
C002880,U015874,CMP_SOC,2026-09-26,False,18-24,Istanbul
C002881,U015881,CMP_SOC,2026-08-27,False,35-44,Istanbul
C002882,U015887,CMP_SOC,2026-07-11,True,25-34,Istanbul
C002883,U015894,CMP_SOC,2026-07-04,False,55+,Istanbul
C002884,U015919,CMP_SOC,2026-09-15,False,18-24,Ankara
C002885,U015922,CMP_SOC,2026-09-19,False,18-24,Istanbul
C002886,U015924,CMP_SOC,2026-08-09,False,25-34,Konya
C002887,U015927,CMP_SOC,2026-09-24,False,35-44,Istanbul
C002888,U015930,CMP_SOC,2026-09-19,False,25-34,Istanbul
C002889,U015931,CMP_SOC,2026-09-23,False,35-44,Istanbul
C002890,U015932,CMP_SOC,2026-07-14,False,25-34,Ankara
C002891,U015938,CMP_SOC,2026-09-11,False,18-24,Izmir
C002892,U015939,CMP_SOC,2026-08-10,False,18-24,Other
C002893,U015941,CMP_SOC,2026-07-06,False,45-54,Izmir
C002894,U015946,CMP_SOC,2026-07-07,False,35-44,Istanbul
C002895,U015951,CMP_SOC,2026-07-22,False,45-54,Antalya
C002896,U015952,CMP_SOC,2026-08-30,False,25-34,Ankara
C002897,U015955,CMP_SOC,2026-09-26,True,55+,Istanbul
C002898,U015964,CMP_SOC,2026-07-16,False,25-34,Istanbul
C002899,U015973,CMP_SOC,2026-07-13,False,18-24,Konya
C002900,U015977,CMP_SOC,2026-09-26,True,45-54,Istanbul
C002901,U015979,CMP_SOC,2026-09-07,True,25-34,Istanbul
C002902,U015995,CMP_SOC,2026-07-18,True,18-24,Izmir
C002903,U016000,CMP_SOC,2026-07-13,False,25-34,Ankara
C002904,U016007,CMP_SOC,2026-07-17,False,18-24,Izmir
C002905,U016014,CMP_SOC,2026-09-10,False,18-24,Kocaeli
C002906,U016019,CMP_SOC,2026-07-31,False,18-24,Konya
C002907,U016022,CMP_SOC,2026-08-24,False,35-44,Istanbul
C002908,U016026,CMP_SOC,2026-08-17,True,25-34,Istanbul
C002909,U016028,CMP_SOC,2026-09-13,False,18-24,Istanbul
C002910,U016042,CMP_SOC,2026-08-24,False,18-24,Other
C002911,U016046,CMP_SOC,2026-09-14,False,35-44,Other
C002912,U016050,CMP_SOC,2026-09-28,False,35-44,Istanbul
C002913,U016062,CMP_SOC,2026-09-29,True,25-34,Ankara
C002914,U016064,CMP_SOC,2026-07-19,True,18-24,Istanbul
C002915,U016066,CMP_SOC,2026-09-16,False,18-24,Istanbul
C002916,U016067,CMP_SOC,2026-07-23,False,18-24,Bursa
C002917,U016069,CMP_SOC,2026-09-24,True,18-24,Istanbul
C002918,U016081,CMP_SOC,2026-08-31,False,25-34,Ankara
C002919,U016090,CMP_SOC,2026-08-04,False,18-24,Izmir
C002920,U016101,CMP_SOC,2026-07-14,False,18-24,Konya
C002921,U016104,CMP_SOC,2026-07-06,False,25-34,Istanbul
C002922,U016105,CMP_SOC,2026-09-24,False,25-34,Izmir
C002923,U016133,CMP_SOC,2026-07-04,False,35-44,Istanbul
C002924,U016135,CMP_SOC,2026-08-15,True,25-34,Ankara
C002925,U016149,CMP_SOC,2026-09-10,False,45-54,Ankara
C002926,U016161,CMP_SOC,2026-07-19,False,35-44,Other
C002927,U016165,CMP_SOC,2026-08-24,False,35-44,Kocaeli
C002928,U016179,CMP_SOC,2026-09-07,False,25-34,Konya
C002929,U016183,CMP_SOC,2026-07-26,True,25-34,Istanbul
C002930,U016188,CMP_SOC,2026-07-11,False,25-34,Ankara
C002931,U016204,CMP_SOC,2026-09-26,True,18-24,Other
C002932,U016208,CMP_SOC,2026-08-23,False,18-24,Istanbul
C002933,U016217,CMP_SOC,2026-07-10,False,25-34,Istanbul
C002934,U016218,CMP_SOC,2026-09-27,False,55+,Istanbul
C002935,U016219,CMP_SOC,2026-08-11,False,25-34,Ankara
C002936,U016222,CMP_SOC,2026-08-30,False,18-24,Istanbul
C002937,U016226,CMP_SOC,2026-09-29,False,18-24,Ankara
C002938,U016242,CMP_SOC,2026-08-25,True,25-34,Istanbul
C002939,U016255,CMP_SOC,2026-07-21,True,18-24,Istanbul
C002940,U016257,CMP_SOC,2026-08-27,False,25-34,Bursa
C002941,U016262,CMP_SOC,2026-07-07,False,25-34,Istanbul
C002942,U016263,CMP_SOC,2026-07-30,True,18-24,Istanbul
C002943,U016269,CMP_SOC,2026-08-05,True,25-34,Istanbul
C002944,U016294,CMP_SOC,2026-08-26,False,55+,Konya
C002945,U016296,CMP_SOC,2026-09-13,False,25-34,Izmir
C002946,U016297,CMP_SOC,2026-09-08,False,55+,Ankara
C002947,U016302,CMP_SOC,2026-07-21,True,25-34,Istanbul
C002948,U016305,CMP_SOC,2026-07-26,True,18-24,Istanbul
C002949,U016317,CMP_SOC,2026-07-07,True,25-34,Istanbul
C002950,U016321,CMP_SOC,2026-08-22,True,25-34,Ankara
C002951,U016323,CMP_SOC,2026-09-23,True,18-24,Ankara
C002952,U016326,CMP_SOC,2026-08-14,False,35-44,Bursa
C002953,U016331,CMP_SOC,2026-09-20,True,35-44,Antalya
C002954,U016342,CMP_SOC,2026-08-23,False,18-24,Ankara
C002955,U016346,CMP_SOC,2026-07-29,False,45-54,Ankara
C002956,U016348,CMP_SOC,2026-07-29,False,45-54,Istanbul
C002957,U016350,CMP_SOC,2026-09-11,False,18-24,Izmir
C002958,U016351,CMP_SOC,2026-07-26,False,18-24,Istanbul
C002959,U016353,CMP_SOC,2026-07-14,False,18-24,Istanbul
C002960,U016354,CMP_SOC,2026-09-24,False,18-24,Istanbul
C002961,U016357,CMP_SOC,2026-07-16,True,18-24,Izmir
C002962,U016368,CMP_SOC,2026-08-10,False,18-24,Kocaeli
C002963,U016371,CMP_SOC,2026-07-20,False,18-24,Istanbul
C002964,U016376,CMP_SOC,2026-08-25,False,25-34,Bursa
C002965,U016377,CMP_SOC,2026-09-29,False,18-24,Gaziantep
C002966,U016378,CMP_SOC,2026-07-22,False,18-24,Ankara
C002967,U016393,CMP_SOC,2026-09-22,False,25-34,Ankara
C002968,U016397,CMP_SOC,2026-08-19,False,25-34,Ankara
C002969,U016398,CMP_SOC,2026-09-21,False,55+,Izmir
C002970,U016407,CMP_SOC,2026-07-07,False,18-24,Istanbul
C002971,U016416,CMP_SOC,2026-08-27,False,45-54,Istanbul
C002972,U016436,CMP_SOC,2026-07-11,False,35-44,Istanbul
C002973,U016442,CMP_SOC,2026-08-26,False,18-24,Istanbul
C002974,U016450,CMP_SOC,2026-07-25,False,25-34,Istanbul
C002975,U016455,CMP_SOC,2026-09-01,False,35-44,Istanbul
C002976,U016464,CMP_SOC,2026-09-11,False,45-54,Istanbul
C002977,U016465,CMP_SOC,2026-07-17,False,25-34,Other
C002978,U016483,CMP_SOC,2026-08-09,True,35-44,Other
C002979,U016496,CMP_SOC,2026-09-20,False,25-34,Istanbul
C002980,U016497,CMP_SOC,2026-09-08,False,55+,Istanbul
C002981,U016502,CMP_SOC,2026-09-28,False,35-44,Istanbul
C002982,U016506,CMP_SOC,2026-08-26,False,25-34,Istanbul
C002983,U016507,CMP_SOC,2026-08-31,False,18-24,Bursa
C002984,U016511,CMP_SOC,2026-09-11,False,25-34,Istanbul
C002985,U016522,CMP_SOC,2026-08-26,False,35-44,Gaziantep
C002986,U016523,CMP_SOC,2026-08-03,False,25-34,Istanbul
C002987,U016528,CMP_SOC,2026-09-12,False,55+,Konya
C002988,U016530,CMP_SOC,2026-08-08,False,25-34,Istanbul
C002989,U016531,CMP_SOC,2026-08-14,False,35-44,Bursa
C002990,U016533,CMP_SOC,2026-08-09,False,18-24,Ankara
C002991,U016541,CMP_SOC,2026-07-14,False,25-34,Istanbul
C002992,U016542,CMP_SOC,2026-08-28,False,18-24,Ankara
C002993,U016548,CMP_SOC,2026-07-04,False,25-34,Kayseri
C002994,U016549,CMP_SOC,2026-07-19,True,18-24,Istanbul
C002995,U016550,CMP_SOC,2026-09-19,False,18-24,Istanbul
C002996,U016562,CMP_SOC,2026-07-07,False,18-24,Bursa
C002997,U016568,CMP_SOC,2026-08-16,False,35-44,Kocaeli
C002998,U016569,CMP_SOC,2026-08-07,False,25-34,Istanbul
C002999,U016575,CMP_SOC,2026-07-23,False,25-34,Bursa
C003000,U016576,CMP_SOC,2026-09-27,False,18-24,Istanbul
C003001,U016586,CMP_SOC,2026-09-15,False,45-54,Istanbul
C003002,U016588,CMP_SOC,2026-08-01,False,25-34,Istanbul
C003003,U016589,CMP_SOC,2026-09-20,False,18-24,Istanbul
C003004,U016596,CMP_SOC,2026-09-29,True,18-24,Istanbul
C003005,U016598,CMP_SOC,2026-09-05,False,45-54,Istanbul
C003006,U016611,CMP_SOC,2026-07-18,False,45-54,Izmir
C003007,U016618,CMP_SOC,2026-09-22,False,25-34,Konya
C003008,U016619,CMP_SOC,2026-07-28,False,25-34,Istanbul
C003009,U016623,CMP_SOC,2026-07-23,False,18-24,Ankara
C003010,U016624,CMP_SOC,2026-07-10,False,35-44,Kayseri
C003011,U016626,CMP_SOC,2026-09-27,False,18-24,Istanbul
C003012,U016631,CMP_SOC,2026-07-07,True,25-34,Antalya
C003013,U016634,CMP_SOC,2026-07-20,False,25-34,Bursa
C003014,U016635,CMP_SOC,2026-08-09,False,18-24,Antalya
C003015,U016647,CMP_SOC,2026-08-07,True,18-24,Istanbul
C003016,U016649,CMP_SOC,2026-07-05,False,18-24,Gaziantep
C003017,U016653,CMP_SOC,2026-09-23,True,25-34,Izmir
C003018,U016654,CMP_SOC,2026-09-28,False,35-44,Other
C003019,U016656,CMP_SOC,2026-07-31,False,35-44,Istanbul
C003020,U016658,CMP_SOC,2026-07-19,False,35-44,Other
C003021,U016674,CMP_SOC,2026-07-04,False,35-44,Istanbul
C003022,U016678,CMP_SOC,2026-08-17,False,25-34,Istanbul
C003023,U016681,CMP_SOC,2026-07-29,False,18-24,Other
C003024,U016683,CMP_SOC,2026-09-01,False,25-34,Ankara
C003025,U016695,CMP_SOC,2026-08-01,False,25-34,Other
C003026,U016702,CMP_SOC,2026-07-31,False,18-24,Ankara
C003027,U016705,CMP_SOC,2026-07-14,False,18-24,Antalya
C003028,U016707,CMP_SOC,2026-08-08,False,25-34,Istanbul
C003029,U016710,CMP_SOC,2026-08-23,False,55+,Istanbul
C003030,U016713,CMP_SOC,2026-09-12,False,35-44,Istanbul
C003031,U016714,CMP_SOC,2026-08-30,False,25-34,Other
C003032,U016716,CMP_SOC,2026-07-02,False,45-54,Bursa
C003033,U016719,CMP_SOC,2026-08-26,False,18-24,Ankara
C003034,U016734,CMP_SOC,2026-07-15,False,55+,Izmir
C003035,U016736,CMP_SOC,2026-07-26,False,35-44,Istanbul
C003036,U016737,CMP_SOC,2026-08-23,False,45-54,Kocaeli
C003037,U016740,CMP_SOC,2026-09-03,False,35-44,Ankara
C003038,U016744,CMP_SOC,2026-09-29,False,35-44,Istanbul
C003039,U016749,CMP_SOC,2026-09-03,False,18-24,Istanbul
C003040,U016767,CMP_SOC,2026-08-31,False,35-44,Izmir
C003041,U016778,CMP_SOC,2026-07-01,False,25-34,Kayseri
C003042,U016790,CMP_SOC,2026-09-19,True,25-34,Istanbul
C003043,U016800,CMP_SOC,2026-09-12,False,25-34,Ankara
C003044,U016804,CMP_SOC,2026-09-24,False,25-34,Other
C003045,U016808,CMP_SOC,2026-08-07,True,25-34,Istanbul
C003046,U016812,CMP_SOC,2026-08-15,True,18-24,Istanbul
C003047,U016813,CMP_SOC,2026-08-23,False,18-24,Istanbul
C003048,U016816,CMP_SOC,2026-08-24,False,18-24,Istanbul
C003049,U016822,CMP_SOC,2026-09-06,True,25-34,Istanbul
C003050,U016823,CMP_SOC,2026-09-25,False,25-34,Bursa
C003051,U016828,CMP_SOC,2026-09-06,False,25-34,Ankara
C003052,U016848,CMP_SOC,2026-08-26,False,18-24,Other
C003053,U016851,CMP_SOC,2026-08-31,True,18-24,Ankara
C003054,U016854,CMP_SOC,2026-08-12,True,35-44,Istanbul
C003055,U016855,CMP_SOC,2026-08-03,False,18-24,Istanbul
C003056,U016860,CMP_SOC,2026-07-27,False,25-34,Istanbul
C003057,U016863,CMP_SOC,2026-08-01,False,35-44,Istanbul
C003058,U016874,CMP_SOC,2026-09-20,True,45-54,Ankara
C003059,U016895,CMP_SOC,2026-07-17,False,25-34,Kayseri
C003060,U016901,CMP_SOC,2026-08-28,False,35-44,Kayseri
C003061,U016914,CMP_SOC,2026-07-31,False,25-34,Other
C003062,U016921,CMP_SOC,2026-08-27,False,18-24,Istanbul
C003063,U016922,CMP_SOC,2026-08-01,False,18-24,Gaziantep
C003064,U016923,CMP_SOC,2026-07-14,False,25-34,Istanbul
C003065,U016936,CMP_SOC,2026-08-29,True,25-34,Izmir
C003066,U016944,CMP_SOC,2026-07-07,False,18-24,Istanbul
C003067,U016948,CMP_SOC,2026-08-13,False,18-24,Istanbul
C003068,U016957,CMP_SOC,2026-08-25,False,25-34,Ankara
C003069,U016968,CMP_SOC,2026-08-10,False,18-24,Ankara
C003070,U016972,CMP_SOC,2026-07-24,False,25-34,Bursa
C003071,U016977,CMP_SOC,2026-07-21,False,18-24,Ankara
C003072,U016982,CMP_SOC,2026-08-02,True,25-34,Bursa
C003073,U016989,CMP_SOC,2026-09-17,False,18-24,Istanbul
C003074,U017003,CMP_SOC,2026-07-19,False,18-24,Konya
C003075,U017004,CMP_SOC,2026-09-27,False,25-34,Konya
C003076,U017010,CMP_SOC,2026-08-21,False,25-34,Istanbul
C003077,U017011,CMP_SOC,2026-08-09,True,35-44,Istanbul
C003078,U017019,CMP_SOC,2026-08-16,False,18-24,Bursa
C003079,U017026,CMP_SOC,2026-08-02,False,25-34,Other
C003080,U017028,CMP_SOC,2026-09-23,True,25-34,Istanbul
C003081,U017040,CMP_SOC,2026-08-30,False,18-24,Gaziantep
C003082,U017042,CMP_SOC,2026-08-06,False,18-24,Istanbul
C003083,U017043,CMP_SOC,2026-07-15,True,25-34,Istanbul
C003084,U017052,CMP_SOC,2026-08-12,False,35-44,Istanbul
C003085,U017053,CMP_SOC,2026-09-02,False,25-34,Other
C003086,U017054,CMP_SOC,2026-09-11,False,35-44,Kayseri
C003087,U017065,CMP_SOC,2026-07-19,False,18-24,Other
C003088,U017066,CMP_SOC,2026-07-28,False,25-34,Istanbul
C003089,U017069,CMP_SOC,2026-07-14,False,25-34,Istanbul
C003090,U017075,CMP_SOC,2026-07-11,False,18-24,Kocaeli
C003091,U017078,CMP_SOC,2026-08-31,True,18-24,Ankara
C003092,U017079,CMP_SOC,2026-09-21,False,25-34,Konya
C003093,U017082,CMP_SOC,2026-08-03,False,18-24,Other
C003094,U017087,CMP_SOC,2026-08-12,False,45-54,Istanbul
C003095,U017098,CMP_SOC,2026-09-30,False,25-34,Kayseri
C003096,U017101,CMP_SOC,2026-09-11,False,25-34,Other
C003097,U017110,CMP_SOC,2026-07-15,True,18-24,Izmir
C003098,U017114,CMP_SOC,2026-09-01,False,25-34,Ankara
C003099,U017116,CMP_SOC,2026-07-10,False,35-44,Istanbul
C003100,U017117,CMP_SOC,2026-07-12,False,25-34,Istanbul
C003101,U017120,CMP_SOC,2026-07-08,False,55+,Istanbul
C003102,U017124,CMP_SOC,2026-08-22,False,18-24,Istanbul
C003103,U017127,CMP_SOC,2026-08-24,False,35-44,Istanbul
C003104,U017143,CMP_SOC,2026-08-28,True,18-24,Bursa
C003105,U017144,CMP_SOC,2026-08-16,False,18-24,Istanbul
C003106,U017160,CMP_SOC,2026-08-06,True,18-24,Ankara
C003107,U017165,CMP_SOC,2026-07-17,False,25-34,Istanbul
C003108,U017168,CMP_SOC,2026-07-06,True,18-24,Istanbul
C003109,U017183,CMP_SOC,2026-09-11,False,25-34,Istanbul
C003110,U017186,CMP_SOC,2026-08-26,False,25-34,Istanbul
C003111,U017198,CMP_SOC,2026-07-27,False,35-44,Antalya
C003112,U017205,CMP_SOC,2026-09-14,False,35-44,Izmir
C003113,U017208,CMP_SOC,2026-07-16,False,18-24,Istanbul
C003114,U017211,CMP_SOC,2026-07-13,True,18-24,Other
C003115,U017218,CMP_SOC,2026-09-10,False,25-34,Istanbul
C003116,U017222,CMP_SOC,2026-07-27,False,18-24,Izmir
C003117,U017241,CMP_SOC,2026-08-14,True,25-34,Istanbul
C003118,U017244,CMP_SOC,2026-07-27,True,18-24,Istanbul
C003119,U017250,CMP_SOC,2026-08-28,False,25-34,Istanbul
C003120,U017256,CMP_SOC,2026-08-09,False,25-34,Istanbul
C003121,U017261,CMP_SOC,2026-09-24,False,25-34,Bursa
C003122,U017265,CMP_SOC,2026-08-01,False,18-24,Ankara
C003123,U017270,CMP_SOC,2026-07-17,False,18-24,Gaziantep
C003124,U017274,CMP_SOC,2026-09-11,False,35-44,Istanbul
C003125,U017277,CMP_SOC,2026-07-08,False,25-34,Istanbul
C003126,U017278,CMP_SOC,2026-07-24,False,55+,Istanbul
C003127,U017296,CMP_SOC,2026-08-29,False,18-24,Istanbul
C003128,U017300,CMP_SOC,2026-09-10,False,25-34,Kocaeli
C003129,U017312,CMP_SOC,2026-09-11,False,35-44,Izmir
C003130,U017315,CMP_SOC,2026-09-24,True,25-34,Istanbul
C003131,U017319,CMP_SOC,2026-08-22,True,25-34,Istanbul
C003132,U017322,CMP_SOC,2026-09-19,False,35-44,Kayseri
C003133,U017329,CMP_SOC,2026-08-30,True,35-44,Ankara
C003134,U017331,CMP_SOC,2026-09-23,False,25-34,Istanbul
C003135,U017350,CMP_SOC,2026-07-03,False,35-44,Istanbul
C003136,U017354,CMP_SOC,2026-09-18,False,25-34,Istanbul
C003137,U017358,CMP_SOC,2026-07-02,False,35-44,Istanbul
C003138,U017360,CMP_SOC,2026-08-22,True,18-24,Istanbul
C003139,U017364,CMP_SOC,2026-09-01,False,18-24,Istanbul
C003140,U017367,CMP_SOC,2026-08-03,False,55+,Ankara
C003141,U017369,CMP_SOC,2026-07-23,True,55+,Istanbul
C003142,U017388,CMP_SOC,2026-08-02,False,18-24,Istanbul
C003143,U017392,CMP_SOC,2026-09-09,False,25-34,Istanbul
C003144,U017397,CMP_SOC,2026-09-21,False,55+,Istanbul
C003145,U017401,CMP_SOC,2026-08-24,False,18-24,Istanbul
C003146,U017402,CMP_SOC,2026-08-22,False,35-44,Antalya
C003147,U017406,CMP_SOC,2026-08-18,False,18-24,Istanbul
C003148,U017411,CMP_SOC,2026-08-09,False,25-34,Izmir
C003149,U017413,CMP_SOC,2026-09-25,False,25-34,Istanbul
C003150,U017425,CMP_SOC,2026-07-11,True,25-34,Istanbul
C003151,U017426,CMP_SOC,2026-07-10,False,55+,Kocaeli
C003152,U017427,CMP_SOC,2026-08-12,True,35-44,Antalya
C003153,U017430,CMP_SOC,2026-08-31,False,25-34,Kayseri
C003154,U017432,CMP_SOC,2026-08-17,True,35-44,Ankara
C003155,U017436,CMP_SOC,2026-09-21,False,25-34,Ankara
C003156,U017438,CMP_SOC,2026-08-04,False,25-34,Izmir
C003157,U017441,CMP_SOC,2026-07-19,False,18-24,Kayseri
C003158,U017447,CMP_SOC,2026-09-05,False,35-44,Istanbul
C003159,U017452,CMP_SOC,2026-07-22,False,25-34,Istanbul
C003160,U017456,CMP_SOC,2026-07-20,True,25-34,Gaziantep
C003161,U017468,CMP_SOC,2026-07-06,False,18-24,Bursa
C003162,U017470,CMP_SOC,2026-07-10,False,18-24,Other
C003163,U017473,CMP_SOC,2026-08-04,True,35-44,Kayseri
C003164,U017477,CMP_SOC,2026-09-16,False,45-54,Istanbul
C003165,U017479,CMP_SOC,2026-08-19,False,55+,Istanbul
C003166,U017483,CMP_SOC,2026-09-01,False,18-24,Izmir
C003167,U017484,CMP_SOC,2026-09-07,True,35-44,Istanbul
C003168,U017487,CMP_SOC,2026-09-08,False,18-24,Istanbul
C003169,U017532,CMP_SOC,2026-09-15,False,25-34,Istanbul
C003170,U017536,CMP_SOC,2026-09-22,False,35-44,Other
C003171,U017547,CMP_SOC,2026-07-29,True,18-24,Kayseri
C003172,U017548,CMP_SOC,2026-08-17,False,18-24,Istanbul
C003173,U017549,CMP_SOC,2026-09-05,False,25-34,Other
C003174,U017559,CMP_SOC,2026-09-02,True,25-34,Ankara
C003175,U017566,CMP_SOC,2026-09-18,False,25-34,Ankara
C003176,U017570,CMP_SOC,2026-07-19,False,35-44,Ankara
C003177,U017574,CMP_SOC,2026-08-02,False,25-34,Antalya
C003178,U017575,CMP_SOC,2026-09-15,False,35-44,Istanbul
C003179,U017576,CMP_SOC,2026-07-07,False,45-54,Istanbul
C003180,U017577,CMP_SOC,2026-08-27,False,25-34,Izmir
C003181,U017578,CMP_SOC,2026-07-18,False,25-34,Ankara
C003182,U017584,CMP_SOC,2026-08-20,False,25-34,Other
C003183,U017589,CMP_SOC,2026-08-16,False,35-44,Other
C003184,U017590,CMP_SOC,2026-09-02,False,25-34,Other
C003185,U017591,CMP_SOC,2026-07-10,False,25-34,Izmir
C003186,U017607,CMP_SOC,2026-09-03,False,18-24,Istanbul
C003187,U017609,CMP_SOC,2026-07-25,True,35-44,Other
C003188,U017611,CMP_SOC,2026-08-25,False,25-34,Istanbul
C003189,U017613,CMP_SOC,2026-09-28,False,25-34,Istanbul
C003190,U017615,CMP_SOC,2026-07-21,False,35-44,Ankara
C003191,U017619,CMP_SOC,2026-07-29,False,45-54,Ankara
C003192,U017620,CMP_SOC,2026-09-23,False,18-24,Istanbul
C003193,U017621,CMP_SOC,2026-08-16,False,35-44,Other
C003194,U017632,CMP_SOC,2026-07-13,False,18-24,Izmir
C003195,U017633,CMP_SOC,2026-07-06,False,25-34,Istanbul
C003196,U017642,CMP_SOC,2026-07-04,False,25-34,Other
C003197,U017655,CMP_SOC,2026-09-11,False,25-34,Gaziantep
C003198,U017656,CMP_SOC,2026-08-21,False,35-44,Antalya
C003199,U017660,CMP_SOC,2026-07-22,False,35-44,Ankara
C003200,U017671,CMP_SOC,2026-07-15,False,25-34,Other
C003201,U017672,CMP_SOC,2026-09-20,False,18-24,Other
C003202,U017685,CMP_SOC,2026-08-12,False,55+,Istanbul
C003203,U017689,CMP_SOC,2026-08-06,False,18-24,Istanbul
C003204,U017697,CMP_SOC,2026-09-09,False,25-34,Bursa
C003205,U017698,CMP_SOC,2026-07-22,True,18-24,Istanbul
C003206,U017701,CMP_SOC,2026-08-09,False,25-34,Istanbul
C003207,U017708,CMP_SOC,2026-08-25,False,18-24,Other
C003208,U017714,CMP_SOC,2026-09-07,False,35-44,Izmir
C003209,U017715,CMP_SOC,2026-08-16,False,18-24,Other
C003210,U017722,CMP_SOC,2026-09-25,True,18-24,Ankara
C003211,U017724,CMP_SOC,2026-07-07,True,18-24,Izmir
C003212,U017728,CMP_SOC,2026-08-09,True,25-34,Ankara
C003213,U017732,CMP_SOC,2026-09-29,False,18-24,Istanbul
C003214,U017733,CMP_SOC,2026-08-11,False,25-34,Istanbul
C003215,U017751,CMP_SOC,2026-08-30,False,25-34,Istanbul
C003216,U017770,CMP_SOC,2026-08-16,True,25-34,Istanbul
C003217,U017774,CMP_SOC,2026-07-09,False,18-24,Ankara
C003218,U017776,CMP_SOC,2026-08-09,True,18-24,Istanbul
C003219,U017777,CMP_SOC,2026-09-21,False,45-54,Izmir
C003220,U017781,CMP_SOC,2026-08-11,False,25-34,Ankara
C003221,U017783,CMP_SOC,2026-08-02,False,35-44,Istanbul
C003222,U017795,CMP_SOC,2026-07-08,False,25-34,Kayseri
C003223,U017802,CMP_SOC,2026-07-06,True,18-24,Gaziantep
C003224,U017805,CMP_SOC,2026-07-15,False,45-54,Konya
C003225,U017806,CMP_SOC,2026-09-26,False,18-24,Bursa
C003226,U017807,CMP_SOC,2026-07-10,False,18-24,Konya
C003227,U017820,CMP_SOC,2026-09-15,True,35-44,Ankara
C003228,U017831,CMP_SOC,2026-07-27,False,18-24,Izmir
C003229,U017833,CMP_SOC,2026-07-05,False,18-24,Other
C003230,U017836,CMP_SOC,2026-08-24,False,35-44,Antalya
C003231,U017839,CMP_SOC,2026-08-23,False,25-34,Istanbul
C003232,U017840,CMP_SOC,2026-08-09,True,35-44,Istanbul
C003233,U017849,CMP_SOC,2026-09-20,True,18-24,Other
C003234,U017854,CMP_SOC,2026-09-23,False,25-34,Istanbul
C003235,U017858,CMP_SOC,2026-09-27,False,35-44,Istanbul
C003236,U017866,CMP_SOC,2026-07-18,False,25-34,Kocaeli
C003237,U017871,CMP_SOC,2026-09-21,False,25-34,Ankara
C003238,U017872,CMP_SOC,2026-09-17,False,18-24,Istanbul
C003239,U017880,CMP_SOC,2026-08-26,True,35-44,Konya
C003240,U017890,CMP_SOC,2026-08-02,False,25-34,Istanbul
C003241,U017891,CMP_SOC,2026-07-20,False,55+,Other
C003242,U017897,CMP_SOC,2026-07-30,False,35-44,Antalya
C003243,U017904,CMP_SOC,2026-07-29,False,25-34,Konya
C003244,U017916,CMP_SOC,2026-07-18,True,25-34,Istanbul
C003245,U017921,CMP_SOC,2026-07-13,False,25-34,Ankara
C003246,U017922,CMP_SOC,2026-07-04,False,35-44,Bursa
C003247,U017930,CMP_SOC,2026-07-07,False,18-24,Other
C003248,U017934,CMP_SOC,2026-08-03,False,45-54,Istanbul
C003249,U017945,CMP_SOC,2026-07-30,True,18-24,Istanbul
C003250,U017946,CMP_SOC,2026-08-11,False,25-34,Istanbul
C003251,U017948,CMP_SOC,2026-07-30,True,55+,Istanbul
C003252,U017961,CMP_SOC,2026-07-24,True,55+,Kayseri
C003253,U017962,CMP_SOC,2026-09-21,False,25-34,Konya
C003254,U017974,CMP_SOC,2026-07-29,False,35-44,Ankara
C003255,U017982,CMP_SOC,2026-08-29,False,25-34,Bursa
C003256,U017986,CMP_SOC,2026-09-02,False,18-24,Konya
C003257,U017988,CMP_SOC,2026-07-31,False,18-24,Ankara
C003258,U017997,CMP_SOC,2026-07-14,False,18-24,Istanbul
C003259,U018003,CMP_CRE,2026-07-21,False,18-24,Ankara
C003260,U018005,CMP_CRE,2026-09-18,False,25-34,Istanbul
C003261,U018006,CMP_CRE,2026-09-16,False,45-54,Istanbul
C003262,U018007,CMP_CRE,2026-07-31,True,25-34,Gaziantep
C003263,U018008,CMP_CRE,2026-07-22,False,55+,Ankara
C003264,U018012,CMP_CRE,2026-09-15,False,18-24,Other
C003265,U018013,CMP_CRE,2026-09-21,False,25-34,Konya
C003266,U018014,CMP_CRE,2026-09-18,False,18-24,Other
C003267,U018015,CMP_CRE,2026-08-07,False,18-24,Istanbul
C003268,U018018,CMP_CRE,2026-07-22,False,25-34,Other
C003269,U018021,CMP_CRE,2026-09-16,True,18-24,Other
C003270,U018022,CMP_CRE,2026-08-18,False,18-24,Other
C003271,U018023,CMP_CRE,2026-09-05,False,18-24,Istanbul
C003272,U018024,CMP_CRE,2026-09-28,False,18-24,Other
C003273,U018025,CMP_CRE,2026-08-20,False,25-34,Istanbul
C003274,U018028,CMP_CRE,2026-08-05,False,45-54,Istanbul
C003275,U018029,CMP_CRE,2026-08-08,False,18-24,Istanbul
C003276,U018040,CMP_CRE,2026-09-14,True,25-34,Istanbul
C003277,U018042,CMP_CRE,2026-07-28,False,18-24,Istanbul
C003278,U018046,CMP_CRE,2026-09-29,True,18-24,Istanbul
C003279,U018052,CMP_CRE,2026-08-09,False,18-24,Istanbul
C003280,U018063,CMP_CRE,2026-09-07,False,35-44,Gaziantep
C003281,U018070,CMP_CRE,2026-08-13,False,25-34,Other
C003282,U018077,CMP_CRE,2026-09-16,False,25-34,Istanbul
C003283,U018079,CMP_CRE,2026-09-07,True,45-54,Izmir
C003284,U018082,CMP_CRE,2026-08-03,False,45-54,Istanbul
C003285,U018087,CMP_CRE,2026-09-25,True,45-54,Other
C003286,U018088,CMP_CRE,2026-07-19,False,35-44,Istanbul
C003287,U018089,CMP_CRE,2026-07-20,False,18-24,Konya
C003288,U018090,CMP_CRE,2026-07-27,True,18-24,Istanbul
C003289,U018092,CMP_CRE,2026-07-07,False,25-34,Kocaeli
C003290,U018093,CMP_CRE,2026-09-15,False,18-24,Ankara
C003291,U018094,CMP_CRE,2026-08-19,False,35-44,Istanbul
C003292,U018100,CMP_CRE,2026-07-22,False,25-34,Istanbul
C003293,U018102,CMP_CRE,2026-09-16,False,18-24,Istanbul
C003294,U018103,CMP_CRE,2026-08-03,False,25-34,Other
C003295,U018104,CMP_CRE,2026-07-15,False,25-34,Istanbul
C003296,U018108,CMP_CRE,2026-07-29,False,25-34,Istanbul
C003297,U018111,CMP_CRE,2026-09-24,False,18-24,Other
C003298,U018121,CMP_CRE,2026-09-26,False,18-24,Istanbul
C003299,U018122,CMP_CRE,2026-08-16,False,18-24,Ankara
C003300,U018123,CMP_CRE,2026-07-25,False,18-24,Istanbul
C003301,U018128,CMP_CRE,2026-07-21,True,25-34,Ankara
C003302,U018129,CMP_CRE,2026-08-04,False,18-24,Istanbul
C003303,U018130,CMP_CRE,2026-07-07,False,25-34,Konya
C003304,U018132,CMP_CRE,2026-07-13,False,55+,Other
C003305,U018135,CMP_CRE,2026-07-23,False,35-44,Other
C003306,U018137,CMP_CRE,2026-08-20,False,25-34,Konya
C003307,U018138,CMP_CRE,2026-07-21,False,18-24,Istanbul
C003308,U018139,CMP_CRE,2026-09-16,False,25-34,Kocaeli
C003309,U018145,CMP_CRE,2026-09-09,False,18-24,Istanbul
C003310,U018148,CMP_CRE,2026-07-12,False,25-34,Istanbul
C003311,U018150,CMP_CRE,2026-08-02,False,45-54,Konya
C003312,U018151,CMP_CRE,2026-09-15,False,18-24,Istanbul
C003313,U018154,CMP_CRE,2026-08-06,False,18-24,Ankara
C003314,U018160,CMP_CRE,2026-08-06,False,25-34,Kayseri
C003315,U018161,CMP_CRE,2026-08-01,False,25-34,Other
C003316,U018162,CMP_CRE,2026-09-30,False,25-34,Antalya
C003317,U018164,CMP_CRE,2026-07-15,True,35-44,Other
C003318,U018167,CMP_CRE,2026-09-28,False,25-34,Bursa
C003319,U018168,CMP_CRE,2026-08-10,False,18-24,Istanbul
C003320,U018172,CMP_CRE,2026-07-23,False,18-24,Istanbul
C003321,U018174,CMP_CRE,2026-08-22,True,35-44,Izmir
C003322,U018175,CMP_CRE,2026-08-18,True,18-24,Kocaeli
C003323,U018176,CMP_CRE,2026-08-31,False,18-24,Other
C003324,U018178,CMP_CRE,2026-07-24,False,25-34,Antalya
C003325,U018180,CMP_CRE,2026-08-05,False,18-24,Other
C003326,U018181,CMP_CRE,2026-07-08,False,18-24,Istanbul
C003327,U018187,CMP_CRE,2026-08-14,True,35-44,Istanbul
C003328,U018191,CMP_CRE,2026-08-22,False,25-34,Other
C003329,U018193,CMP_CRE,2026-08-12,False,18-24,Ankara
C003330,U018202,CMP_CRE,2026-09-20,True,25-34,Ankara
C003331,U018203,CMP_CRE,2026-07-27,False,25-34,Izmir
C003332,U018205,CMP_CRE,2026-08-03,False,18-24,Istanbul
C003333,U018219,CMP_CRE,2026-08-20,False,18-24,Istanbul
C003334,U018224,CMP_CRE,2026-09-30,False,35-44,Ankara
C003335,U018225,CMP_CRE,2026-08-08,False,25-34,Kayseri
C003336,U018226,CMP_CRE,2026-08-08,True,18-24,Istanbul
C003337,U018229,CMP_CRE,2026-09-14,False,45-54,Bursa
C003338,U018232,CMP_CRE,2026-08-06,True,35-44,Konya
C003339,U018235,CMP_CRE,2026-08-31,True,25-34,Istanbul
C003340,U018236,CMP_CRE,2026-09-25,False,18-24,Izmir
C003341,U018237,CMP_CRE,2026-07-22,False,25-34,Istanbul
C003342,U018240,CMP_CRE,2026-08-31,False,25-34,Izmir
C003343,U018241,CMP_CRE,2026-09-02,False,25-34,Ankara
C003344,U018245,CMP_CRE,2026-09-18,True,18-24,Konya
C003345,U018249,CMP_CRE,2026-09-14,False,25-34,Kayseri
C003346,U018254,CMP_CRE,2026-09-28,False,18-24,Kocaeli
C003347,U018258,CMP_CRE,2026-08-31,False,18-24,Ankara
C003348,U018268,CMP_CRE,2026-07-26,False,18-24,Izmir
C003349,U018269,CMP_CRE,2026-08-08,False,25-34,Istanbul
C003350,U018270,CMP_CRE,2026-09-17,True,18-24,Kayseri
C003351,U018272,CMP_CRE,2026-08-20,False,18-24,Other
C003352,U018280,CMP_CRE,2026-08-22,False,18-24,Other
C003353,U018282,CMP_CRE,2026-09-09,False,25-34,Istanbul
C003354,U018294,CMP_CRE,2026-08-03,False,18-24,Other
C003355,U018296,CMP_CRE,2026-07-31,True,35-44,Istanbul
C003356,U018299,CMP_CRE,2026-07-09,False,35-44,Kayseri
C003357,U018300,CMP_CRE,2026-07-09,False,18-24,Ankara
C003358,U018307,CMP_CRE,2026-07-30,True,18-24,Ankara
C003359,U018310,CMP_CRE,2026-07-27,False,18-24,Other
C003360,U018311,CMP_CRE,2026-07-17,False,18-24,Istanbul
C003361,U018314,CMP_CRE,2026-09-05,False,35-44,Izmir
C003362,U018318,CMP_CRE,2026-09-26,False,18-24,Ankara
C003363,U018319,CMP_CRE,2026-07-09,False,25-34,Istanbul
C003364,U018324,CMP_CRE,2026-09-25,False,18-24,Gaziantep
C003365,U018330,CMP_CRE,2026-08-03,False,35-44,Istanbul
C003366,U018334,CMP_CRE,2026-08-20,False,18-24,Istanbul
C003367,U018335,CMP_CRE,2026-09-15,False,18-24,Ankara
C003368,U018336,CMP_CRE,2026-07-22,False,25-34,Izmir
C003369,U018337,CMP_CRE,2026-09-13,False,25-34,Antalya
C003370,U018339,CMP_CRE,2026-09-29,False,25-34,Bursa
C003371,U018340,CMP_CRE,2026-09-02,False,25-34,Istanbul
C003372,U018348,CMP_CRE,2026-08-04,False,25-34,Ankara
C003373,U018351,CMP_CRE,2026-08-22,False,25-34,Istanbul
C003374,U018352,CMP_CRE,2026-07-07,True,18-24,Bursa
C003375,U018357,CMP_CRE,2026-08-18,True,25-34,Istanbul
C003376,U018358,CMP_CRE,2026-09-24,False,18-24,Istanbul
C003377,U018360,CMP_CRE,2026-09-26,False,25-34,Other
C003378,U018369,CMP_CRE,2026-09-22,False,18-24,Istanbul
C003379,U018370,CMP_CRE,2026-07-24,False,25-34,Istanbul
C003380,U018371,CMP_CRE,2026-07-21,False,35-44,Other
C003381,U018372,CMP_CRE,2026-08-23,False,18-24,Istanbul
C003382,U018379,CMP_CRE,2026-08-19,False,25-34,Konya
C003383,U018381,CMP_CRE,2026-08-20,False,45-54,Ankara
C003384,U018387,CMP_CRE,2026-07-05,False,18-24,Konya
C003385,U018389,CMP_CRE,2026-08-18,True,25-34,Other
C003386,U018392,CMP_CRE,2026-09-24,True,55+,Istanbul
C003387,U018393,CMP_CRE,2026-09-18,False,18-24,Kayseri
C003388,U018394,CMP_CRE,2026-09-01,False,18-24,Ankara
C003389,U018398,CMP_CRE,2026-08-23,False,18-24,Kocaeli
C003390,U018399,CMP_CRE,2026-09-26,False,18-24,Konya
C003391,U018401,CMP_CRE,2026-07-27,False,18-24,Kayseri
C003392,U018405,CMP_CRE,2026-07-03,True,18-24,Bursa
C003393,U018406,CMP_CRE,2026-08-20,False,25-34,Istanbul
C003394,U018411,CMP_CRE,2026-09-02,False,45-54,Ankara
C003395,U018415,CMP_CRE,2026-07-20,True,25-34,Bursa
C003396,U018416,CMP_CRE,2026-09-18,True,18-24,Bursa
C003397,U018417,CMP_CRE,2026-09-26,False,18-24,Istanbul
C003398,U018422,CMP_CRE,2026-07-26,True,25-34,Ankara
C003399,U018424,CMP_CRE,2026-09-28,False,18-24,Other
C003400,U018425,CMP_CRE,2026-09-07,False,25-34,Antalya
C003401,U018426,CMP_CRE,2026-07-23,True,25-34,Antalya
C003402,U018427,CMP_CRE,2026-08-19,False,25-34,Ankara
C003403,U018428,CMP_CRE,2026-09-12,False,18-24,Istanbul
C003404,U018429,CMP_CRE,2026-09-01,False,18-24,Izmir
C003405,U018430,CMP_CRE,2026-07-06,False,25-34,Other
C003406,U018433,CMP_CRE,2026-07-09,False,25-34,Istanbul
C003407,U018434,CMP_CRE,2026-09-18,True,18-24,Konya
C003408,U018435,CMP_CRE,2026-08-18,False,18-24,Istanbul
C003409,U018436,CMP_CRE,2026-07-18,False,25-34,Istanbul
C003410,U018440,CMP_CRE,2026-07-24,False,35-44,Antalya
C003411,U018443,CMP_CRE,2026-07-07,False,45-54,Istanbul
C003412,U018445,CMP_CRE,2026-09-20,False,45-54,Istanbul
C003413,U018446,CMP_CRE,2026-09-27,False,25-34,Other
C003414,U018451,CMP_CRE,2026-09-26,False,25-34,Ankara
C003415,U018453,CMP_CRE,2026-09-15,False,18-24,Ankara
C003416,U018458,CMP_CRE,2026-09-22,False,45-54,Istanbul
C003417,U018462,CMP_CRE,2026-09-16,True,18-24,Ankara
C003418,U018465,CMP_CRE,2026-07-22,False,18-24,Bursa
C003419,U018466,CMP_CRE,2026-08-17,False,18-24,Gaziantep
C003420,U018473,CMP_CRE,2026-09-15,False,25-34,Ankara
C003421,U018474,CMP_CRE,2026-07-21,False,18-24,Istanbul
C003422,U018476,CMP_CRE,2026-08-03,False,45-54,Istanbul
C003423,U018478,CMP_CRE,2026-07-09,False,18-24,Other
C003424,U018480,CMP_CRE,2026-09-08,False,18-24,Istanbul
C003425,U018481,CMP_CRE,2026-08-16,False,18-24,Istanbul
C003426,U018482,CMP_CRE,2026-09-18,False,18-24,Istanbul
C003427,U018484,CMP_CRE,2026-08-22,False,18-24,Istanbul
C003428,U018485,CMP_CRE,2026-09-02,False,18-24,Istanbul
C003429,U018489,CMP_CRE,2026-07-31,False,55+,Ankara
C003430,U018496,CMP_CRE,2026-09-28,False,18-24,Izmir
C003431,U018501,CMP_CRE,2026-09-28,False,18-24,Other
C003432,U018505,CMP_CRE,2026-07-24,False,18-24,Other
C003433,U018508,CMP_CRE,2026-09-05,False,25-34,Izmir
C003434,U018517,CMP_CRE,2026-09-02,False,35-44,Ankara
C003435,U018523,CMP_CRE,2026-07-22,False,25-34,Istanbul
C003436,U018528,CMP_CRE,2026-09-17,False,35-44,Istanbul
C003437,U018530,CMP_CRE,2026-09-11,False,18-24,Other
C003438,U018531,CMP_CRE,2026-09-07,False,25-34,Antalya
C003439,U018538,CMP_CRE,2026-07-26,False,35-44,Kocaeli
C003440,U018544,CMP_CRE,2026-09-04,False,18-24,Ankara
C003441,U018546,CMP_CRE,2026-09-01,False,25-34,Istanbul
C003442,U018548,CMP_CRE,2026-07-02,False,25-34,Konya
C003443,U018550,CMP_CRE,2026-08-18,False,25-34,Ankara
C003444,U018551,CMP_CRE,2026-07-23,False,18-24,Istanbul
C003445,U018562,CMP_CRE,2026-07-10,False,18-24,Other
C003446,U018563,CMP_CRE,2026-09-25,False,25-34,Other
C003447,U018567,CMP_CRE,2026-08-16,False,18-24,Istanbul
C003448,U018570,CMP_CRE,2026-09-14,False,18-24,Ankara
C003449,U018574,CMP_CRE,2026-07-08,False,18-24,Bursa
C003450,U018584,CMP_CRE,2026-08-19,False,35-44,Istanbul
C003451,U018596,CMP_CRE,2026-08-07,False,25-34,Ankara
C003452,U018597,CMP_CRE,2026-09-20,False,35-44,Other
C003453,U018602,CMP_CRE,2026-08-22,False,25-34,Ankara
C003454,U018607,CMP_CRE,2026-08-18,False,25-34,Istanbul
C003455,U018609,CMP_CRE,2026-08-19,False,25-34,Kayseri
C003456,U018615,CMP_CRE,2026-08-17,False,55+,Kocaeli
C003457,U018616,CMP_CRE,2026-07-12,False,25-34,Other
C003458,U018628,CMP_CRE,2026-08-25,True,25-34,Istanbul
C003459,U018635,CMP_CRE,2026-07-09,False,18-24,Kayseri
C003460,U018644,CMP_CRE,2026-07-26,False,18-24,Istanbul
C003461,U018647,CMP_CRE,2026-09-17,False,18-24,Bursa
C003462,U018649,CMP_CRE,2026-08-06,False,35-44,Kayseri
C003463,U018650,CMP_CRE,2026-09-02,True,35-44,Istanbul
C003464,U018651,CMP_CRE,2026-09-09,False,45-54,Other
C003465,U018654,CMP_CRE,2026-09-25,True,45-54,Bursa
C003466,U018655,CMP_CRE,2026-08-20,False,25-34,Istanbul
C003467,U018657,CMP_CRE,2026-07-07,False,18-24,Izmir
C003468,U018660,CMP_CRE,2026-08-31,False,35-44,Istanbul
C003469,U018664,CMP_CRE,2026-07-24,False,18-24,Other
C003470,U018665,CMP_CRE,2026-07-14,False,25-34,Istanbul
C003471,U018669,CMP_CRE,2026-08-25,False,18-24,Ankara
C003472,U018673,CMP_CRE,2026-07-09,False,25-34,Izmir
C003473,U018675,CMP_CRE,2026-08-17,False,45-54,Istanbul
C003474,U018676,CMP_CRE,2026-09-14,True,25-34,Bursa
C003475,U018679,CMP_CRE,2026-08-07,False,18-24,Kocaeli
C003476,U018681,CMP_CRE,2026-09-25,False,18-24,Izmir
C003477,U018686,CMP_CRE,2026-08-27,False,18-24,Other
C003478,U018688,CMP_CRE,2026-08-08,False,18-24,Istanbul
C003479,U018689,CMP_CRE,2026-08-18,False,18-24,Istanbul
C003480,U018690,CMP_CRE,2026-09-01,False,18-24,Izmir
C003481,U018698,CMP_CRE,2026-09-06,False,45-54,Istanbul
C003482,U018699,CMP_CRE,2026-08-08,False,45-54,Gaziantep
C003483,U018709,CMP_CRE,2026-07-08,False,25-34,Kocaeli
C003484,U018718,CMP_CRE,2026-08-31,False,18-24,Istanbul
C003485,U018719,CMP_CRE,2026-09-01,False,18-24,Other
C003486,U018726,CMP_CRE,2026-08-21,False,35-44,Istanbul
C003487,U018729,CMP_CRE,2026-07-30,False,25-34,Ankara
C003488,U018732,CMP_CRE,2026-07-22,False,35-44,Konya
C003489,U018735,CMP_CRE,2026-09-26,False,18-24,Other
C003490,U018736,CMP_CRE,2026-09-28,False,25-34,Antalya
C003491,U018738,CMP_CRE,2026-08-08,False,18-24,Ankara
C003492,U018739,CMP_CRE,2026-08-29,False,18-24,Ankara
C003493,U018740,CMP_CRE,2026-07-10,True,25-34,Ankara
C003494,U018741,CMP_CRE,2026-09-10,True,18-24,Istanbul
C003495,U018746,CMP_CRE,2026-09-15,True,18-24,Kocaeli
C003496,U018747,CMP_CRE,2026-09-09,True,18-24,Izmir
C003497,U018752,CMP_CRE,2026-09-06,False,18-24,Gaziantep
C003498,U018753,CMP_CRE,2026-07-08,False,25-34,Kocaeli
C003499,U018758,CMP_CRE,2026-08-26,False,18-24,Antalya
C003500,U018760,CMP_CRE,2026-08-19,False,25-34,Istanbul
C003501,U018763,CMP_CRE,2026-07-26,False,35-44,Istanbul
C003502,U018764,CMP_CRE,2026-09-14,False,25-34,Kayseri
C003503,U018765,CMP_CRE,2026-07-02,False,25-34,Other
C003504,U018766,CMP_CRE,2026-09-26,False,25-34,Other
C003505,U018768,CMP_CRE,2026-09-29,False,18-24,Istanbul
C003506,U018770,CMP_CRE,2026-08-20,False,35-44,Other
C003507,U018771,CMP_CRE,2026-08-04,True,18-24,Other
C003508,U018777,CMP_CRE,2026-07-10,True,25-34,Istanbul
C003509,U018780,CMP_CRE,2026-07-07,False,18-24,Istanbul
C003510,U018781,CMP_CRE,2026-09-17,False,18-24,Other
C003511,U018782,CMP_CRE,2026-09-16,False,25-34,Ankara
C003512,U018783,CMP_CRE,2026-07-07,False,25-34,Istanbul
C003513,U018788,CMP_CRE,2026-08-07,False,18-24,Istanbul
C003514,U018797,CMP_CRE,2026-09-15,False,25-34,Istanbul
C003515,U018798,CMP_CRE,2026-08-24,False,35-44,Ankara
C003516,U018799,CMP_CRE,2026-09-30,False,25-34,Izmir
C003517,U018800,CMP_CRE,2026-08-23,False,18-24,Istanbul
C003518,U018808,CMP_CRE,2026-09-02,True,25-34,Konya
C003519,U018809,CMP_CRE,2026-07-11,False,18-24,Istanbul
C003520,U018812,CMP_CRE,2026-09-23,False,25-34,Other
C003521,U018813,CMP_CRE,2026-07-23,False,18-24,Kocaeli
C003522,U018817,CMP_CRE,2026-07-22,False,18-24,Kayseri
C003523,U018826,CMP_CRE,2026-09-20,False,25-34,Other
C003524,U018827,CMP_CRE,2026-07-31,True,25-34,Istanbul
C003525,U018835,CMP_CRE,2026-07-10,False,18-24,Istanbul
C003526,U018837,CMP_CRE,2026-08-07,False,18-24,Istanbul
C003527,U018839,CMP_CRE,2026-08-17,False,18-24,Ankara
C003528,U018842,CMP_CRE,2026-09-21,True,25-34,Istanbul
C003529,U018845,CMP_CRE,2026-07-02,False,18-24,Istanbul
C003530,U018847,CMP_CRE,2026-08-25,False,25-34,Izmir
C003531,U018853,CMP_CRE,2026-07-10,False,35-44,Istanbul
C003532,U018854,CMP_CRE,2026-08-03,False,25-34,Istanbul
C003533,U018855,CMP_CRE,2026-07-21,False,35-44,Other
C003534,U018856,CMP_CRE,2026-07-22,True,18-24,Istanbul
C003535,U018859,CMP_CRE,2026-09-26,True,45-54,Istanbul
C003536,U018862,CMP_CRE,2026-07-10,False,18-24,Antalya
C003537,U018863,CMP_CRE,2026-07-08,False,35-44,Other
C003538,U018864,CMP_CRE,2026-08-06,False,35-44,Istanbul
C003539,U018865,CMP_CRE,2026-08-04,False,25-34,Istanbul
C003540,U018868,CMP_CRE,2026-09-29,False,25-34,Istanbul
C003541,U018869,CMP_CRE,2026-08-31,False,25-34,Istanbul
C003542,U018871,CMP_CRE,2026-08-11,False,18-24,Istanbul
C003543,U018873,CMP_CRE,2026-07-21,False,25-34,Istanbul
C003544,U018874,CMP_CRE,2026-08-12,False,18-24,Kocaeli
C003545,U018877,CMP_CRE,2026-09-10,False,18-24,Ankara
C003546,U018878,CMP_CRE,2026-08-05,False,35-44,Istanbul
C003547,U018881,CMP_CRE,2026-08-17,False,25-34,Istanbul
C003548,U018882,CMP_CRE,2026-08-07,False,18-24,Kocaeli
C003549,U018883,CMP_CRE,2026-07-10,False,18-24,Istanbul
C003550,U018884,CMP_CRE,2026-08-31,False,25-34,Konya
C003551,U018885,CMP_CRE,2026-07-21,True,25-34,Other
C003552,U018888,CMP_CRE,2026-08-06,False,18-24,Istanbul
C003553,U018890,CMP_CRE,2026-09-03,False,18-24,Kocaeli
C003554,U018896,CMP_CRE,2026-09-18,False,18-24,Ankara
C003555,U018898,CMP_CRE,2026-08-05,False,45-54,Istanbul
C003556,U018899,CMP_CRE,2026-09-22,False,25-34,Other
C003557,U018903,CMP_CRE,2026-09-14,True,25-34,Other
C003558,U018905,CMP_CRE,2026-07-07,True,55+,Istanbul
C003559,U018909,CMP_CRE,2026-08-17,False,35-44,Gaziantep
C003560,U018913,CMP_CRE,2026-09-19,False,18-24,Istanbul
C003561,U018915,CMP_CRE,2026-09-02,True,18-24,Ankara
C003562,U018925,CMP_CRE,2026-07-21,False,18-24,Konya
C003563,U018926,CMP_CRE,2026-07-23,False,45-54,Izmir
C003564,U018931,CMP_CRE,2026-09-01,False,25-34,Istanbul
C003565,U018933,CMP_CRE,2026-09-19,False,18-24,Istanbul
C003566,U018934,CMP_CRE,2026-08-16,False,25-34,Konya
C003567,U018936,CMP_CRE,2026-08-08,False,25-34,Bursa
C003568,U018939,CMP_CRE,2026-07-23,False,18-24,Other
C003569,U018940,CMP_CRE,2026-09-14,False,18-24,Other
C003570,U018941,CMP_CRE,2026-09-04,False,25-34,Ankara
C003571,U018947,CMP_CRE,2026-08-08,False,25-34,Ankara
C003572,U018950,CMP_CRE,2026-07-04,False,25-34,Kocaeli
C003573,U018953,CMP_CRE,2026-07-07,True,18-24,Antalya
C003574,U018955,CMP_CRE,2026-07-21,False,25-34,Other
C003575,U018956,CMP_CRE,2026-08-17,False,18-24,Istanbul
C003576,U018957,CMP_CRE,2026-08-23,True,35-44,Other
C003577,U018958,CMP_CRE,2026-09-18,False,18-24,Bursa
C003578,U018962,CMP_CRE,2026-07-22,False,18-24,Istanbul
C003579,U018963,CMP_CRE,2026-09-07,False,18-24,Bursa
C003580,U018973,CMP_CRE,2026-09-04,False,18-24,Istanbul
C003581,U018979,CMP_CRE,2026-09-01,False,18-24,Izmir
C003582,U018982,CMP_CRE,2026-07-22,False,25-34,Istanbul
C003583,U018984,CMP_CRE,2026-07-23,False,25-34,Istanbul
C003584,U018985,CMP_CRE,2026-08-08,False,18-24,Istanbul
C003585,U018988,CMP_CRE,2026-07-10,False,25-34,Bursa
C003586,U018989,CMP_CRE,2026-09-14,True,18-24,Istanbul
C003587,U018993,CMP_CRE,2026-09-27,False,55+,Istanbul
C003588,U019004,CMP_CRE,2026-09-28,False,18-24,Istanbul
C003589,U019009,CMP_CRE,2026-07-08,False,18-24,Other
C003590,U019027,CMP_CRE,2026-09-19,False,25-34,Konya
C003591,U019028,CMP_CRE,2026-09-11,False,35-44,Istanbul
C003592,U019034,CMP_CRE,2026-09-01,False,35-44,Istanbul
C003593,U019036,CMP_CRE,2026-07-15,False,25-34,Istanbul
C003594,U019037,CMP_CRE,2026-09-01,False,45-54,Istanbul
C003595,U019039,CMP_CRE,2026-07-21,False,45-54,Other
C003596,U019042,CMP_CRE,2026-08-01,True,18-24,Istanbul
C003597,U019043,CMP_CRE,2026-07-06,False,25-34,Izmir
C003598,U019053,CMP_CRE,2026-08-17,False,25-34,Konya
C003599,U019054,CMP_CRE,2026-07-23,True,25-34,Istanbul
C003600,U019055,CMP_CRE,2026-08-15,False,25-34,Istanbul
C003601,U019057,CMP_CRE,2026-09-26,False,25-34,Istanbul
C003602,U019059,CMP_CRE,2026-08-03,False,35-44,Istanbul
C003603,U019067,CMP_CRE,2026-08-31,True,55+,Istanbul
C003604,U019078,CMP_CRE,2026-08-06,False,35-44,Izmir
C003605,U019080,CMP_CRE,2026-07-21,False,45-54,Other
C003606,U019081,CMP_CRE,2026-08-17,False,25-34,Ankara
C003607,U019082,CMP_CRE,2026-07-10,False,18-24,Other
C003608,U019084,CMP_CRE,2026-07-23,False,18-24,Ankara
C003609,U019086,CMP_CRE,2026-09-17,False,35-44,Istanbul
C003610,U019087,CMP_CRE,2026-07-26,False,18-24,Other
C003611,U019088,CMP_CRE,2026-09-01,False,25-34,Istanbul
C003612,U019089,CMP_CRE,2026-09-02,False,18-24,Other
C003613,U019091,CMP_CRE,2026-09-25,False,18-24,Istanbul
C003614,U019096,CMP_CRE,2026-08-28,True,18-24,Other
C003615,U019098,CMP_CRE,2026-08-14,True,18-24,Kayseri
C003616,U019104,CMP_CRE,2026-09-06,False,18-24,Other
C003617,U019110,CMP_CRE,2026-08-23,False,18-24,Istanbul
C003618,U019111,CMP_CRE,2026-09-12,True,18-24,Gaziantep
C003619,U019112,CMP_CRE,2026-08-19,False,25-34,Konya
C003620,U019114,CMP_CRE,2026-07-15,False,25-34,Other
C003621,U019117,CMP_CRE,2026-09-30,False,18-24,Ankara
C003622,U019119,CMP_CRE,2026-09-16,False,18-24,Ankara
C003623,U019122,CMP_CRE,2026-07-24,False,25-34,Gaziantep
C003624,U019133,CMP_CRE,2026-09-24,False,25-34,Kocaeli
C003625,U019140,CMP_CRE,2026-07-11,False,25-34,Ankara
C003626,U019142,CMP_CRE,2026-08-18,False,35-44,Ankara
C003627,U019143,CMP_CRE,2026-07-31,False,18-24,Istanbul
C003628,U019147,CMP_CRE,2026-07-13,False,18-24,Istanbul
C003629,U019148,CMP_CRE,2026-08-31,True,45-54,Kocaeli
C003630,U019149,CMP_CRE,2026-08-08,True,25-34,Istanbul
C003631,U019150,CMP_CRE,2026-07-10,False,35-44,Bursa
C003632,U019157,CMP_CRE,2026-07-10,False,18-24,Ankara
C003633,U019173,CMP_CRE,2026-09-16,False,25-34,Istanbul
C003634,U019176,CMP_CRE,2026-09-03,False,25-34,Ankara
C003635,U019177,CMP_CRE,2026-08-06,True,35-44,Izmir
C003636,U019178,CMP_CRE,2026-08-18,False,35-44,Kayseri
C003637,U019180,CMP_CRE,2026-09-03,False,25-34,Ankara
C003638,U019191,CMP_CRE,2026-09-09,False,25-34,Ankara
C003639,U019197,CMP_CRE,2026-07-12,True,18-24,Istanbul
C003640,U019199,CMP_CRE,2026-09-25,True,18-24,Ankara
C003641,U019206,CMP_CRE,2026-08-19,False,18-24,Other
C003642,U019216,CMP_CRE,2026-07-27,False,25-34,Other
C003643,U019224,CMP_CRE,2026-09-30,False,25-34,Istanbul
C003644,U019225,CMP_CRE,2026-09-27,False,25-34,Istanbul
C003645,U019226,CMP_CRE,2026-07-10,True,18-24,Other
C003646,U019228,CMP_CRE,2026-09-18,False,18-24,Istanbul
C003647,U019234,CMP_CRE,2026-08-05,True,18-24,Istanbul
C003648,U019235,CMP_CRE,2026-09-07,True,25-34,Ankara
C003649,U019241,CMP_CRE,2026-07-22,True,35-44,Other
C003650,U019247,CMP_CRE,2026-09-25,False,18-24,Izmir
C003651,U019248,CMP_CRE,2026-09-15,False,25-34,Konya
C003652,U019250,CMP_CRE,2026-08-02,False,35-44,Izmir
C003653,U019252,CMP_CRE,2026-07-07,True,25-34,Other
C003654,U019258,CMP_CRE,2026-09-26,False,35-44,Izmir
C003655,U019260,CMP_CRE,2026-08-08,False,18-24,Other
C003656,U019261,CMP_CRE,2026-07-22,False,35-44,Istanbul
C003657,U019265,CMP_CRE,2026-07-21,False,18-24,Izmir
C003658,U019266,CMP_CRE,2026-08-08,False,35-44,Istanbul
C003659,U019270,CMP_CRE,2026-07-10,False,25-34,Bursa
C003660,U019272,CMP_CRE,2026-09-02,False,18-24,Istanbul
C003661,U019280,CMP_CRE,2026-07-22,False,25-34,Other
C003662,U019286,CMP_CRE,2026-07-23,False,25-34,Istanbul
C003663,U019287,CMP_CRE,2026-08-22,False,18-24,Ankara
C003664,U019290,CMP_CRE,2026-08-03,False,18-24,Gaziantep
C003665,U019296,CMP_CRE,2026-08-08,False,18-24,Other
C003666,U019298,CMP_CRE,2026-07-09,False,35-44,Istanbul
C003667,U019305,CMP_CRE,2026-09-05,False,18-24,Other
C003668,U019307,CMP_CRE,2026-09-30,False,18-24,Istanbul
C003669,U019308,CMP_CRE,2026-08-19,False,35-44,Bursa
C003670,U019311,CMP_CRE,2026-07-21,False,18-24,Istanbul
C003671,U019316,CMP_CRE,2026-09-23,False,45-54,Ankara
C003672,U019317,CMP_CRE,2026-08-05,False,18-24,Izmir
C003673,U019321,CMP_CRE,2026-07-20,False,35-44,Istanbul
C003674,U019327,CMP_CRE,2026-08-07,False,18-24,Kayseri
C003675,U019328,CMP_CRE,2026-07-08,True,25-34,Istanbul
C003676,U019330,CMP_CRE,2026-07-07,False,25-34,Other
C003677,U019337,CMP_CRE,2026-09-28,False,18-24,Istanbul
C003678,U019344,CMP_CRE,2026-07-12,True,25-34,Ankara
C003679,U019345,CMP_CRE,2026-09-06,False,18-24,Kocaeli
C003680,U019350,CMP_CRE,2026-07-20,False,18-24,Ankara
C003681,U019354,CMP_CRE,2026-07-22,False,18-24,Bursa
C003682,U019356,CMP_CRE,2026-07-23,False,25-34,Other
C003683,U019358,CMP_CRE,2026-07-28,False,18-24,Istanbul
C003684,U019363,CMP_CRE,2026-09-03,False,25-34,Bursa
C003685,U019364,CMP_CRE,2026-08-09,False,25-34,Other
C003686,U019366,CMP_CRE,2026-07-09,False,18-24,Istanbul
C003687,U019368,CMP_CRE,2026-07-12,True,18-24,Istanbul
C003688,U019372,CMP_CRE,2026-07-26,False,18-24,Other
C003689,U019376,CMP_CRE,2026-07-29,False,18-24,Istanbul
C003690,U019379,CMP_CRE,2026-09-14,False,18-24,Bursa
C003691,U019380,CMP_CRE,2026-07-19,True,18-24,Istanbul
C003692,U019382,CMP_CRE,2026-09-26,False,25-34,Istanbul
C003693,U019387,CMP_CRE,2026-07-24,False,25-34,Ankara
C003694,U019392,CMP_CRE,2026-08-06,False,18-24,Other
C003695,U019393,CMP_CRE,2026-08-03,False,25-34,Ankara
C003696,U019401,CMP_CRE,2026-09-15,True,18-24,Istanbul
C003697,U019403,CMP_CRE,2026-09-15,False,35-44,Istanbul
C003698,U019404,CMP_CRE,2026-09-26,False,18-24,Istanbul
C003699,U019407,CMP_CRE,2026-09-08,False,25-34,Gaziantep
C003700,U019414,CMP_CRE,2026-08-26,False,18-24,Istanbul
C003701,U019418,CMP_CRE,2026-09-27,False,25-34,Istanbul
C003702,U019424,CMP_CRE,2026-09-15,False,18-24,Other
C003703,U019427,CMP_CRE,2026-09-28,True,35-44,Istanbul
C003704,U019429,CMP_CRE,2026-08-22,False,18-24,Konya
C003705,U019430,CMP_CRE,2026-08-03,False,18-24,Antalya
C003706,U019431,CMP_CRE,2026-09-14,False,25-34,Istanbul
C003707,U019439,CMP_CRE,2026-08-07,True,25-34,Kocaeli
C003708,U019442,CMP_CRE,2026-09-07,False,18-24,Izmir
C003709,U019445,CMP_CRE,2026-09-01,False,35-44,Other
C003710,U019446,CMP_CRE,2026-09-15,False,18-24,Ankara
C003711,U019447,CMP_CRE,2026-09-08,False,18-24,Other
C003712,U019467,CMP_CRE,2026-09-28,False,25-34,Other
C003713,U019469,CMP_CRE,2026-09-16,False,18-24,Istanbul
C003714,U019472,CMP_CRE,2026-09-14,True,25-34,Istanbul
C003715,U019477,CMP_CRE,2026-07-11,False,35-44,Other
C003716,U019479,CMP_CRE,2026-08-04,True,18-24,Antalya
C003717,U019482,CMP_CRE,2026-08-04,True,35-44,Kocaeli
C003718,U019486,CMP_CRE,2026-07-11,False,18-24,Other
C003719,U019492,CMP_CRE,2026-07-22,False,25-34,Antalya
C003720,U019493,CMP_CRE,2026-09-18,False,18-24,Kocaeli
C003721,U019496,CMP_CRE,2026-09-17,False,18-24,Antalya
C003722,U019498,CMP_CRE,2026-07-17,False,25-34,Istanbul
C003723,U019501,CMP_CRE,2026-09-14,False,18-24,Ankara
C003724,U019510,CMP_CRE,2026-07-08,True,18-24,Gaziantep
C003725,U019512,CMP_CRE,2026-08-09,False,25-34,Other
C003726,U019518,CMP_CRE,2026-07-28,False,35-44,Konya
C003727,U019521,CMP_CRE,2026-09-28,False,25-34,Istanbul
C003728,U019524,CMP_CRE,2026-09-29,False,25-34,Istanbul
C003729,U019527,CMP_CRE,2026-09-20,True,35-44,Istanbul
C003730,U019530,CMP_CRE,2026-09-25,False,18-24,Antalya
C003731,U019531,CMP_CRE,2026-08-17,False,18-24,Ankara
C003732,U019532,CMP_CRE,2026-08-14,False,18-24,Other
C003733,U019534,CMP_CRE,2026-09-15,False,45-54,Istanbul
C003734,U019542,CMP_CRE,2026-09-02,False,25-34,Izmir
C003735,U019549,CMP_CRE,2026-09-08,False,35-44,Antalya
C003736,U019551,CMP_CRE,2026-08-26,False,25-34,Konya
C003737,U019552,CMP_CRE,2026-07-08,False,18-24,Istanbul
C003738,U019554,CMP_CRE,2026-08-21,True,18-24,Other
C003739,U019557,CMP_CRE,2026-07-25,False,25-34,Ankara
C003740,U019561,CMP_CRE,2026-07-17,False,25-34,Other
C003741,U019564,CMP_CRE,2026-07-12,False,18-24,Istanbul
C003742,U019565,CMP_CRE,2026-09-27,False,25-34,Bursa
C003743,U019568,CMP_CRE,2026-08-04,False,18-24,Istanbul
C003744,U019569,CMP_CRE,2026-07-26,True,18-24,Kayseri
C003745,U019570,CMP_CRE,2026-09-01,False,18-24,Izmir
C003746,U019572,CMP_CRE,2026-07-27,True,18-24,Istanbul
C003747,U019578,CMP_CRE,2026-07-16,True,18-24,Istanbul
C003748,U019583,CMP_CRE,2026-07-12,False,25-34,Istanbul
C003749,U019584,CMP_CRE,2026-09-17,False,18-24,Istanbul
C003750,U019587,CMP_CRE,2026-08-11,False,25-34,Ankara
C003751,U019589,CMP_CRE,2026-09-15,False,25-34,Istanbul
C003752,U019591,CMP_CRE,2026-08-17,False,45-54,Ankara
C003753,U019593,CMP_CRE,2026-07-14,True,18-24,Kayseri
C003754,U019596,CMP_CRE,2026-09-02,True,18-24,Ankara
C003755,U019597,CMP_CRE,2026-07-16,False,25-34,Kayseri
C003756,U019598,CMP_CRE,2026-08-16,False,25-34,Izmir
C003757,U019605,CMP_CRE,2026-07-26,False,25-34,Gaziantep
C003758,U019611,CMP_CRE,2026-08-13,False,45-54,Bursa
C003759,U019613,CMP_CRE,2026-09-29,False,35-44,Istanbul
C003760,U019615,CMP_CRE,2026-09-12,False,35-44,Istanbul
C003761,U019618,CMP_CRE,2026-09-08,False,18-24,Other
C003762,U019626,CMP_CRE,2026-09-15,False,35-44,Bursa
C003763,U019629,CMP_CRE,2026-08-04,False,55+,Gaziantep
C003764,U019635,CMP_CRE,2026-07-03,True,18-24,Istanbul
C003765,U019639,CMP_CRE,2026-09-19,False,25-34,Konya
C003766,U019640,CMP_CRE,2026-09-13,False,25-34,Other
C003767,U019649,CMP_CRE,2026-09-17,False,18-24,Kayseri
C003768,U019650,CMP_CRE,2026-08-04,False,25-34,Istanbul
C003769,U019652,CMP_CRE,2026-09-28,False,35-44,Istanbul
C003770,U019658,CMP_CRE,2026-08-29,False,55+,Bursa
C003771,U019660,CMP_CRE,2026-08-08,False,25-34,Bursa
C003772,U019668,CMP_CRE,2026-07-24,False,45-54,Istanbul
C003773,U019669,CMP_CRE,2026-09-01,False,25-34,Other
C003774,U019670,CMP_CRE,2026-08-31,True,35-44,Istanbul
C003775,U019672,CMP_CRE,2026-09-28,True,25-34,Istanbul
C003776,U019676,CMP_CRE,2026-08-05,False,25-34,Other
C003777,U019686,CMP_CRE,2026-09-08,False,18-24,Bursa
C003778,U019692,CMP_CRE,2026-07-25,False,25-34,Other
C003779,U019695,CMP_CRE,2026-07-26,False,18-24,Konya
C003780,U019698,CMP_CRE,2026-09-15,False,18-24,Kocaeli
C003781,U019699,CMP_CRE,2026-08-04,True,18-24,Istanbul
C003782,U019701,CMP_CRE,2026-09-17,False,25-34,Ankara
C003783,U019706,CMP_CRE,2026-07-07,False,18-24,Other
C003784,U019709,CMP_CRE,2026-07-09,False,35-44,Konya
C003785,U019717,CMP_CRE,2026-08-22,False,25-34,Antalya
C003786,U019719,CMP_CRE,2026-08-14,False,45-54,Istanbul
C003787,U019720,CMP_CRE,2026-09-26,False,18-24,Istanbul
C003788,U019722,CMP_CRE,2026-09-06,True,25-34,Istanbul
C003789,U019725,CMP_CRE,2026-08-04,False,18-24,Other
C003790,U019730,CMP_CRE,2026-07-24,False,25-34,Kocaeli
C003791,U019735,CMP_CRE,2026-07-24,False,18-24,Kocaeli
C003792,U019739,CMP_CRE,2026-08-10,False,18-24,Istanbul
C003793,U019741,CMP_CRE,2026-09-29,False,18-24,Gaziantep
C003794,U019753,CMP_CRE,2026-07-17,False,25-34,Konya
C003795,U019767,CMP_CRE,2026-09-13,False,18-24,Izmir
C003796,U019768,CMP_CRE,2026-08-15,True,18-24,Other
C003797,U019770,CMP_CRE,2026-07-21,True,55+,Other
C003798,U019778,CMP_CRE,2026-07-18,True,25-34,Istanbul
C003799,U019779,CMP_CRE,2026-08-04,False,45-54,Konya
C003800,U019785,CMP_CRE,2026-08-04,False,25-34,Bursa
C003801,U019786,CMP_CRE,2026-08-20,False,25-34,Istanbul
C003802,U019787,CMP_CRE,2026-09-14,True,18-24,Other
C003803,U019788,CMP_CRE,2026-08-08,False,45-54,Other
C003804,U019791,CMP_CRE,2026-07-24,True,35-44,Izmir
C003805,U019796,CMP_CRE,2026-09-26,False,18-24,Konya
C003806,U019800,CMP_CRE,2026-07-10,False,18-24,Other
C003807,U019803,CMP_CRE,2026-07-08,False,35-44,Istanbul
C003808,U019823,CMP_CRE,2026-09-04,False,18-24,Other
C003809,U019824,CMP_CRE,2026-08-02,True,18-24,Izmir
C003810,U019827,CMP_CRE,2026-09-03,False,18-24,Other
C003811,U019832,CMP_CRE,2026-07-09,False,25-34,Istanbul
C003812,U019834,CMP_CRE,2026-07-25,False,18-24,Other
C003813,U019836,CMP_CRE,2026-08-31,False,35-44,Kocaeli
C003814,U019840,CMP_CRE,2026-07-09,False,18-24,Istanbul
C003815,U019841,CMP_CRE,2026-07-25,False,45-54,Kayseri
C003816,U019849,CMP_CRE,2026-08-02,True,25-34,Ankara
C003817,U019850,CMP_CRE,2026-08-04,False,25-34,Istanbul
C003818,U019851,CMP_CRE,2026-07-07,False,25-34,Istanbul
C003819,U019863,CMP_CRE,2026-07-23,False,18-24,Istanbul
C003820,U019866,CMP_CRE,2026-09-20,False,25-34,Izmir
C003821,U019868,CMP_CRE,2026-09-27,False,25-34,Istanbul
C003822,U019871,CMP_CRE,2026-07-25,False,35-44,Konya
C003823,U019874,CMP_CRE,2026-08-28,True,18-24,Konya
C003824,U019875,CMP_CRE,2026-07-11,True,18-24,Other
C003825,U019880,CMP_CRE,2026-09-02,False,25-34,Other
C003826,U019885,CMP_CRE,2026-09-16,False,18-24,Kocaeli
C003827,U019892,CMP_CRE,2026-07-30,False,35-44,Istanbul
C003828,U019900,CMP_CRE,2026-08-19,False,25-34,Other
C003829,U019903,CMP_CRE,2026-07-30,False,25-34,Istanbul
C003830,U019905,CMP_CRE,2026-09-26,False,18-24,Istanbul
C003831,U019909,CMP_CRE,2026-08-19,False,18-24,Other
C003832,U019910,CMP_CRE,2026-08-29,False,18-24,Ankara
C003833,U019915,CMP_CRE,2026-09-20,False,25-34,Izmir
C003834,U019916,CMP_CRE,2026-07-22,False,18-24,Istanbul
C003835,U019918,CMP_CRE,2026-09-01,False,25-34,Istanbul
C003836,U019921,CMP_CRE,2026-09-02,False,25-34,Istanbul
C003837,U019925,CMP_CRE,2026-09-16,False,25-34,Ankara
C003838,U019926,CMP_CRE,2026-09-17,False,18-24,Izmir
C003839,U019929,CMP_CRE,2026-08-31,False,18-24,Ankara
C003840,U019932,CMP_CRE,2026-09-30,False,25-34,Bursa
C003841,U019936,CMP_CRE,2026-09-17,True,25-34,Kocaeli
C003842,U019937,CMP_CRE,2026-07-03,False,18-24,Antalya
C003843,U019944,CMP_CRE,2026-09-01,False,25-34,Ankara
C003844,U019947,CMP_CRE,2026-07-04,False,25-34,Istanbul
C003845,U019952,CMP_CRE,2026-09-15,False,25-34,Bursa
C003846,U019955,CMP_CRE,2026-07-26,False,25-34,Konya
C003847,U019956,CMP_CRE,2026-07-27,False,45-54,Istanbul
C003848,U019969,CMP_CRE,2026-09-15,False,55+,Istanbul
C003849,U019970,CMP_CRE,2026-07-07,False,25-34,Antalya
C003850,U019972,CMP_CRE,2026-09-26,False,25-34,Istanbul
C003851,U019979,CMP_CRE,2026-08-29,False,35-44,Izmir
C003852,U019989,CMP_CRE,2026-09-28,False,18-24,Istanbul
C003853,U019993,CMP_CRE,2026-09-28,False,45-54,Gaziantep
C003854,U020003,CMP_CRE,2026-09-28,False,25-34,Antalya
C003855,U020005,CMP_CRE,2026-07-06,False,18-24,Istanbul
C003856,U020010,CMP_CRE,2026-08-20,True,18-24,Izmir
C003857,U020011,CMP_CRE,2026-08-26,False,25-34,Ankara
C003858,U020013,CMP_CRE,2026-08-07,False,18-24,Bursa
C003859,U020015,CMP_CRE,2026-08-31,False,18-24,Izmir
C003860,U020020,CMP_CRE,2026-07-15,True,25-34,Istanbul
C003861,U020029,CMP_CRE,2026-08-15,False,18-24,Istanbul
C003862,U020031,CMP_CRE,2026-07-14,True,18-24,Konya
C003863,U020034,CMP_CRE,2026-09-20,False,25-34,Bursa
C003864,U020039,CMP_CRE,2026-09-01,False,18-24,Other
C003865,U020042,CMP_CRE,2026-08-01,False,18-24,Istanbul
C003866,U020043,CMP_CRE,2026-09-12,True,25-34,Istanbul
C003867,U020047,CMP_CRE,2026-07-11,False,35-44,Istanbul
C003868,U020048,CMP_CRE,2026-07-10,False,25-34,Gaziantep
C003869,U020049,CMP_CRE,2026-07-21,True,18-24,Istanbul
C003870,U020055,CMP_CRE,2026-07-07,False,18-24,Other
C003871,U020057,CMP_CRE,2026-09-19,False,25-34,Izmir
C003872,U020058,CMP_CRE,2026-07-25,False,18-24,Ankara
C003873,U020061,CMP_CRE,2026-09-23,False,18-24,Antalya
C003874,U020067,CMP_CRE,2026-08-08,False,25-34,Izmir
C003875,U020074,CMP_CRE,2026-09-09,True,35-44,Bursa
C003876,U020075,CMP_CRE,2026-08-24,False,18-24,Konya
C003877,U020081,CMP_CRE,2026-08-31,False,25-34,Izmir
C003878,U020082,CMP_CRE,2026-08-06,False,18-24,Izmir
C003879,U020087,CMP_CRE,2026-09-28,True,18-24,Izmir
C003880,U020088,CMP_CRE,2026-09-01,False,18-24,Istanbul
C003881,U020092,CMP_CRE,2026-07-10,True,18-24,Izmir
C003882,U020100,CMP_CRE,2026-08-07,False,55+,Antalya
C003883,U020108,CMP_CRE,2026-07-09,False,18-24,Bursa
C003884,U020110,CMP_CRE,2026-09-04,False,18-24,Istanbul
C003885,U020119,CMP_CRE,2026-07-25,False,18-24,Istanbul
C003886,U020124,CMP_CRE,2026-09-30,True,18-24,Konya
C003887,U020133,CMP_CRE,2026-09-17,False,25-34,Izmir
C003888,U020134,CMP_CRE,2026-09-18,False,18-24,Other
C003889,U020135,CMP_CRE,2026-07-08,True,25-34,Izmir
C003890,U020137,CMP_CRE,2026-07-08,False,18-24,Konya
C003891,U020151,CMP_CRE,2026-09-18,False,45-54,Gaziantep
C003892,U020153,CMP_CRE,2026-09-01,True,18-24,Istanbul
C003893,U020155,CMP_CRE,2026-08-15,False,18-24,Antalya
C003894,U020157,CMP_CRE,2026-08-22,True,18-24,Konya
C003895,U020158,CMP_CRE,2026-08-10,False,25-34,Bursa
C003896,U020164,CMP_CRE,2026-09-02,False,18-24,Izmir
C003897,U020171,CMP_CRE,2026-08-31,True,18-24,Gaziantep
C003898,U020173,CMP_CRE,2026-07-25,False,18-24,Konya
C003899,U020176,CMP_CRE,2026-08-18,False,25-34,Istanbul
C003900,U020188,CMP_CRE,2026-08-05,True,18-24,Izmir
C003901,U020191,CMP_CRE,2026-07-09,False,18-24,Gaziantep
C003902,U020193,CMP_CRE,2026-07-09,False,18-24,Gaziantep
C003903,U020194,CMP_CRE,2026-09-30,False,18-24,Other
C003904,U020197,CMP_CRE,2026-09-15,False,25-34,Other
C003905,U020198,CMP_CRE,2026-09-08,False,18-24,Istanbul
C003906,U020201,CMP_CRE,2026-08-06,True,18-24,Istanbul
C003907,U020204,CMP_CRE,2026-08-19,False,25-34,Istanbul
C003908,U020211,CMP_CRE,2026-08-03,False,35-44,Other
C003909,U020212,CMP_CRE,2026-08-08,False,25-34,Bursa
C003910,U020214,CMP_CRE,2026-08-31,True,18-24,Other
C003911,U020215,CMP_CRE,2026-09-09,False,18-24,Gaziantep
C003912,U020216,CMP_CRE,2026-08-04,False,18-24,Izmir
C003913,U020218,CMP_CRE,2026-07-17,False,45-54,Istanbul
C003914,U020220,CMP_CRE,2026-08-22,True,18-24,Izmir
C003915,U020221,CMP_CRE,2026-07-21,False,25-34,Istanbul
C003916,U020222,CMP_CRE,2026-08-13,False,18-24,Kayseri
C003917,U020227,CMP_CRE,2026-09-29,False,18-24,Istanbul
C003918,U020230,CMP_CRE,2026-08-22,False,25-34,Istanbul
C003919,U020231,CMP_CRE,2026-09-24,False,25-34,Istanbul
C003920,U020235,CMP_CRE,2026-07-09,False,45-54,Izmir
C003921,U020239,CMP_CRE,2026-09-14,False,18-24,Ankara
C003922,U020243,CMP_CRE,2026-08-08,False,35-44,Konya
C003923,U020246,CMP_CRE,2026-07-31,False,18-24,Izmir
C003924,U020248,CMP_CRE,2026-09-01,False,18-24,Istanbul
C003925,U020251,CMP_CRE,2026-09-05,False,45-54,Istanbul
C003926,U020252,CMP_CRE,2026-07-22,False,35-44,Antalya
C003927,U020256,CMP_CRE,2026-09-14,False,25-34,Istanbul
C003928,U020258,CMP_CRE,2026-09-09,False,18-24,Other
C003929,U020265,CMP_CRE,2026-09-26,False,25-34,Antalya
C003930,U020266,CMP_CRE,2026-09-08,False,35-44,Other
C003931,U020270,CMP_CRE,2026-09-16,False,25-34,Istanbul
C003932,U020274,CMP_CRE,2026-07-23,False,18-24,Ankara
C003933,U020281,CMP_CRE,2026-08-10,False,18-24,Istanbul
C003934,U020282,CMP_CRE,2026-09-26,False,35-44,Istanbul
C003935,U020284,CMP_CRE,2026-07-23,False,25-34,Other
C003936,U020288,CMP_CRE,2026-07-07,False,25-34,Istanbul
C003937,U020294,CMP_CRE,2026-08-20,False,25-34,Kayseri
C003938,U020295,CMP_CRE,2026-08-28,True,35-44,Other
C003939,U020299,CMP_CRE,2026-08-08,False,35-44,Other
C003940,U020300,CMP_CRE,2026-08-13,False,25-34,Izmir
C003941,U020305,CMP_CRE,2026-07-23,False,18-24,Istanbul
C003942,U020307,CMP_CRE,2026-07-21,False,25-34,Istanbul
C003943,U020308,CMP_CRE,2026-07-06,False,25-34,Bursa
C003944,U020309,CMP_CRE,2026-09-02,False,18-24,Istanbul
C003945,U020310,CMP_CRE,2026-07-12,True,18-24,Gaziantep
C003946,U020311,CMP_CRE,2026-08-09,False,18-24,Istanbul
C003947,U020313,CMP_CRE,2026-07-15,False,35-44,Kocaeli
C003948,U020320,CMP_CRE,2026-08-18,False,18-24,Ankara
C003949,U020322,CMP_CRE,2026-08-17,False,18-24,Izmir
C003950,U020327,CMP_CRE,2026-09-21,False,18-24,Istanbul
C003951,U020328,CMP_CRE,2026-08-23,False,35-44,Other
C003952,U020330,CMP_CRE,2026-07-09,False,25-34,Istanbul
C003953,U020332,CMP_CRE,2026-07-10,False,25-34,Other
C003954,U020336,CMP_CRE,2026-07-10,False,45-54,Ankara
C003955,U020339,CMP_CRE,2026-07-24,False,18-24,Istanbul
C003956,U020343,CMP_CRE,2026-08-31,False,25-34,Ankara
C003957,U020345,CMP_CRE,2026-07-09,True,18-24,Konya
C003958,U020346,CMP_CRE,2026-08-06,False,25-34,Other
C003959,U020349,CMP_CRE,2026-09-04,False,35-44,Istanbul
C003960,U020355,CMP_CRE,2026-07-06,False,18-24,Kayseri
C003961,U020356,CMP_CRE,2026-09-03,True,18-24,Istanbul
C003962,U020357,CMP_CRE,2026-09-26,False,18-24,Izmir
C003963,U020366,CMP_CRE,2026-09-26,False,18-24,Istanbul
C003964,U020371,CMP_CRE,2026-07-24,True,18-24,Other
C003965,U020373,CMP_CRE,2026-08-17,True,25-34,Istanbul
C003966,U020375,CMP_CRE,2026-07-03,False,18-24,Bursa
C003967,U020381,CMP_CRE,2026-07-28,False,25-34,Istanbul
C003968,U020382,CMP_CRE,2026-08-08,False,18-24,Izmir
C003969,U020383,CMP_CRE,2026-07-25,True,25-34,Istanbul
C003970,U020385,CMP_CRE,2026-08-20,False,25-34,Ankara
C003971,U020391,CMP_CRE,2026-07-27,False,25-34,Gaziantep
C003972,U020392,CMP_CRE,2026-09-26,False,18-24,Ankara
C003973,U020396,CMP_CRE,2026-09-30,False,25-34,Istanbul
C003974,U020400,CMP_CRE,2026-08-08,False,18-24,Istanbul
C003975,U020402,CMP_CRE,2026-08-07,False,25-34,Istanbul
C003976,U020411,CMP_CRE,2026-09-21,True,18-24,Other
C003977,U020413,CMP_CRE,2026-07-29,True,18-24,Antalya
C003978,U020421,CMP_CRE,2026-09-04,False,25-34,Other
C003979,U020422,CMP_CRE,2026-09-03,False,25-34,Other
C003980,U020428,CMP_CRE,2026-08-19,False,18-24,Kayseri
C003981,U020432,CMP_CRE,2026-09-18,False,18-24,Istanbul
C003982,U020434,CMP_CRE,2026-08-18,False,25-34,Istanbul
C003983,U020437,CMP_CRE,2026-09-05,False,18-24,Istanbul
C003984,U020438,CMP_CRE,2026-08-20,True,18-24,Bursa
C003985,U020439,CMP_CRE,2026-09-15,True,25-34,Istanbul
C003986,U020440,CMP_CRE,2026-09-03,False,25-34,Istanbul
C003987,U020442,CMP_CRE,2026-09-25,False,25-34,Istanbul
C003988,U020445,CMP_CRE,2026-09-01,True,18-24,Izmir
C003989,U020451,CMP_CRE,2026-08-08,True,25-34,Izmir
C003990,U020452,CMP_CRE,2026-07-22,True,25-34,Istanbul
C003991,U020453,CMP_CRE,2026-07-22,False,18-24,Istanbul
C003992,U020454,CMP_CRE,2026-07-24,False,25-34,Istanbul
C003993,U020460,CMP_CRE,2026-08-31,False,35-44,Istanbul
C003994,U020465,CMP_CRE,2026-09-01,False,25-34,Izmir
C003995,U020466,CMP_CRE,2026-08-03,False,18-24,Istanbul
C003996,U020471,CMP_CRE,2026-09-07,False,18-24,Istanbul
C003997,U020473,CMP_CRE,2026-08-28,True,25-34,Bursa
C003998,U020476,CMP_CRE,2026-09-01,False,18-24,Istanbul
C003999,U020481,CMP_CRE,2026-09-06,False,35-44,Konya
C004000,U020482,CMP_CRE,2026-08-20,False,18-24,Istanbul
C004001,U020486,CMP_CRE,2026-08-08,False,18-24,Istanbul
C004002,U020488,CMP_CRE,2026-08-03,False,25-34,Antalya
C004003,U020489,CMP_CRE,2026-08-22,True,35-44,Istanbul
C004004,U020499,CMP_CRE,2026-07-25,True,25-34,Ankara
C004005,U020504,CMP_CRE,2026-07-12,False,25-34,Izmir
C004006,U020506,CMP_CRE,2026-09-14,False,25-34,Istanbul
C004007,U020507,CMP_CRE,2026-07-23,False,18-24,Istanbul
C004008,U020509,CMP_CRE,2026-09-26,False,25-34,Istanbul
C004009,U020512,CMP_CRE,2026-08-04,False,18-24,Ankara
C004010,U020514,CMP_CRE,2026-07-18,False,18-24,Istanbul
C004011,U020516,CMP_CRE,2026-09-03,False,35-44,Other
C004012,U020517,CMP_CRE,2026-09-26,False,18-24,Izmir
C004013,U020520,CMP_CRE,2026-07-24,False,35-44,Ankara
C004014,U020521,CMP_CRE,2026-08-19,True,18-24,Istanbul
C004015,U020522,CMP_CRE,2026-08-07,False,18-24,Other
C004016,U020525,CMP_CRE,2026-09-04,False,18-24,Ankara
C004017,U020526,CMP_CRE,2026-09-03,True,25-34,Ankara
C004018,U020528,CMP_CRE,2026-07-23,False,35-44,Istanbul
C004019,U020531,CMP_CRE,2026-07-26,False,25-34,Istanbul
C004020,U020533,CMP_CRE,2026-09-01,False,25-34,Bursa
C004021,U020535,CMP_CRE,2026-07-21,False,18-24,Other
C004022,U020538,CMP_CRE,2026-07-09,False,35-44,Antalya
C004023,U020541,CMP_CRE,2026-07-09,False,18-24,Konya
C004024,U020543,CMP_CRE,2026-07-10,False,25-34,Gaziantep
C004025,U020544,CMP_CRE,2026-08-19,True,18-24,Istanbul
C004026,U020547,CMP_CRE,2026-09-03,True,18-24,Gaziantep
C004027,U020554,CMP_CRE,2026-08-24,False,18-24,Istanbul
C004028,U020555,CMP_CRE,2026-08-21,False,35-44,Izmir
C004029,U020556,CMP_CRE,2026-09-21,False,25-34,Other
C004030,U020560,CMP_CRE,2026-07-25,False,18-24,Other
C004031,U020562,CMP_CRE,2026-09-06,False,25-34,Ankara
C004032,U020564,CMP_CRE,2026-09-03,False,25-34,Istanbul
C004033,U020565,CMP_CRE,2026-07-23,False,25-34,Ankara
C004034,U020566,CMP_CRE,2026-09-30,True,18-24,Other
C004035,U020569,CMP_CRE,2026-09-01,False,18-24,Istanbul
C004036,U020570,CMP_CRE,2026-09-18,False,18-24,Istanbul
C004037,U020573,CMP_CRE,2026-08-10,False,18-24,Istanbul
C004038,U020574,CMP_CRE,2026-09-15,False,25-34,Other
C004039,U020575,CMP_CRE,2026-09-18,False,18-24,Kocaeli
C004040,U020578,CMP_CRE,2026-09-12,False,25-34,Antalya
C004041,U020583,CMP_CRE,2026-08-20,False,18-24,Istanbul
C004042,U020585,CMP_CRE,2026-09-02,True,35-44,Ankara
C004043,U020586,CMP_CRE,2026-07-08,False,25-34,Istanbul
C004044,U020588,CMP_CRE,2026-09-02,False,25-34,Izmir
C004045,U020589,CMP_CRE,2026-07-09,False,18-24,Istanbul
C004046,U020592,CMP_CRE,2026-07-20,False,18-24,Other
C004047,U020595,CMP_CRE,2026-08-22,False,25-34,Istanbul
C004048,U020596,CMP_CRE,2026-08-06,False,18-24,Izmir
C004049,U020597,CMP_CRE,2026-08-09,False,25-34,Ankara
C004050,U020604,CMP_CRE,2026-07-25,False,25-34,Izmir
C004051,U020611,CMP_CRE,2026-07-07,True,35-44,Konya
C004052,U020612,CMP_CRE,2026-08-31,False,25-34,Istanbul
C004053,U020616,CMP_CRE,2026-09-15,False,18-24,Istanbul
C004054,U020617,CMP_CRE,2026-08-17,False,18-24,Bursa
C004055,U020620,CMP_CRE,2026-07-18,False,25-34,Bursa
C004056,U020623,CMP_CRE,2026-08-09,False,18-24,Ankara
C004057,U020628,CMP_CRE,2026-07-09,False,25-34,Istanbul
C004058,U020629,CMP_CRE,2026-07-08,True,18-24,Kayseri
C004059,U020630,CMP_CRE,2026-07-07,False,25-34,Ankara
C004060,U020632,CMP_CRE,2026-07-11,False,18-24,Other
C004061,U020636,CMP_CRE,2026-09-23,False,25-34,Ankara
C004062,U020639,CMP_CRE,2026-07-12,False,18-24,Bursa
C004063,U020640,CMP_CRE,2026-09-18,False,18-24,Izmir
C004064,U020641,CMP_CRE,2026-09-05,False,35-44,Konya
C004065,U020642,CMP_CRE,2026-09-08,False,18-24,Istanbul
C004066,U020643,CMP_CRE,2026-07-08,True,25-34,Izmir
C004067,U020645,CMP_CRE,2026-09-18,False,18-24,Other
C004068,U020650,CMP_CRE,2026-07-05,False,45-54,Izmir
C004069,U020653,CMP_CRE,2026-09-05,False,45-54,Istanbul
C004070,U020654,CMP_CRE,2026-08-05,True,18-24,Izmir
C004071,U020662,CMP_CRE,2026-08-17,True,25-34,Istanbul
C004072,U020665,CMP_CRE,2026-09-05,False,18-24,Konya
C004073,U020667,CMP_CRE,2026-09-30,False,18-24,Antalya
C004074,U020668,CMP_CRE,2026-07-08,False,18-24,Kocaeli
C004075,U020672,CMP_CRE,2026-08-03,False,18-24,Izmir
C004076,U020673,CMP_CRE,2026-09-27,False,18-24,Ankara
C004077,U020676,CMP_CRE,2026-07-22,False,25-34,Konya
C004078,U020680,CMP_CRE,2026-08-08,False,18-24,Istanbul
C004079,U020688,CMP_CRE,2026-09-07,False,18-24,Antalya
C004080,U020690,CMP_CRE,2026-09-11,False,35-44,Istanbul
C004081,U020695,CMP_CRE,2026-09-05,False,18-24,Izmir
C004082,U020696,CMP_CRE,2026-08-29,True,35-44,Other
C004083,U020698,CMP_CRE,2026-07-07,False,35-44,Istanbul
C004084,U020701,CMP_CRE,2026-09-15,True,25-34,Kocaeli
C004085,U020707,CMP_CRE,2026-07-26,False,18-24,Other
C004086,U020710,CMP_CRE,2026-08-09,True,18-24,Bursa
C004087,U020720,CMP_CRE,2026-07-24,False,18-24,Other
C004088,U020721,CMP_CRE,2026-09-03,False,18-24,Istanbul
C004089,U020723,CMP_CRE,2026-09-15,False,25-34,Ankara
C004090,U020724,CMP_CRE,2026-08-23,False,45-54,Istanbul
C004091,U020727,CMP_CRE,2026-09-02,False,45-54,Other
C004092,U020734,CMP_CRE,2026-07-26,False,18-24,Other
C004093,U020735,CMP_CRE,2026-07-22,False,18-24,Kocaeli
C004094,U020743,CMP_CRE,2026-09-17,True,18-24,Istanbul
C004095,U020745,CMP_CRE,2026-09-28,True,25-34,Istanbul
C004096,U020747,CMP_CRE,2026-08-20,False,25-34,Other
C004097,U020748,CMP_CRE,2026-09-03,False,18-24,Konya
C004098,U020750,CMP_CRE,2026-09-20,False,18-24,Izmir
C004099,U020751,CMP_CRE,2026-09-25,True,18-24,Bursa
C004100,U020752,CMP_CRE,2026-09-01,False,18-24,Kocaeli
C004101,U020753,CMP_CRE,2026-08-05,False,35-44,Ankara
C004102,U020757,CMP_CRE,2026-08-08,True,18-24,Other
C004103,U020758,CMP_CRE,2026-09-28,False,18-24,Istanbul
C004104,U020762,CMP_CRE,2026-09-28,True,18-24,Istanbul
C004105,U020771,CMP_CRE,2026-08-31,False,18-24,Istanbul
C004106,U020776,CMP_CRE,2026-08-14,False,35-44,Istanbul
C004107,U020777,CMP_CRE,2026-08-28,False,18-24,Gaziantep
C004108,U020779,CMP_CRE,2026-07-23,False,35-44,Istanbul
C004109,U020781,CMP_CRE,2026-08-18,True,18-24,Bursa
C004110,U020783,CMP_CRE,2026-09-26,False,18-24,Istanbul
C004111,U020789,CMP_CRE,2026-08-14,True,18-24,Istanbul
C004112,U020790,CMP_CRE,2026-09-14,True,45-54,Izmir
C004113,U020796,CMP_CRE,2026-07-08,True,18-24,Ankara
C004114,U020799,CMP_CRE,2026-09-04,True,25-34,Other
C004115,U020800,CMP_CRE,2026-09-14,False,18-24,Kocaeli
C004116,U020802,CMP_CRE,2026-07-21,False,18-24,Istanbul
C004117,U020804,CMP_CRE,2026-08-17,False,18-24,Ankara
C004118,U020815,CMP_CRE,2026-09-13,False,18-24,Istanbul
C004119,U020816,CMP_CRE,2026-09-20,False,25-34,Istanbul
C004120,U020819,CMP_CRE,2026-09-24,True,35-44,Istanbul
C004121,U020820,CMP_CRE,2026-08-08,False,25-34,Istanbul
C004122,U020826,CMP_CRE,2026-09-27,False,25-34,Other
C004123,U020828,CMP_CRE,2026-07-18,False,18-24,Istanbul
C004124,U020830,CMP_CRE,2026-07-12,False,18-24,Antalya
C004125,U020831,CMP_CRE,2026-07-15,False,35-44,Ankara
C004126,U020833,CMP_CRE,2026-09-12,False,18-24,Ankara
C004127,U020835,CMP_CRE,2026-08-21,False,18-24,Bursa
C004128,U020845,CMP_CRE,2026-07-14,True,25-34,Istanbul
C004129,U020850,CMP_CRE,2026-09-16,True,25-34,Istanbul
C004130,U020851,CMP_CRE,2026-09-01,True,18-24,Ankara
C004131,U020857,CMP_CRE,2026-09-07,True,35-44,Izmir
C004132,U020865,CMP_CRE,2026-07-14,False,18-24,Kocaeli
C004133,U020868,CMP_CRE,2026-08-04,False,45-54,Ankara
C004134,U020869,CMP_CRE,2026-08-06,False,18-24,Ankara
C004135,U020876,CMP_CRE,2026-08-20,False,25-34,Ankara
C004136,U020879,CMP_CRE,2026-07-22,True,25-34,Istanbul
C004137,U020880,CMP_CRE,2026-07-23,False,25-34,Konya
C004138,U020888,CMP_CRE,2026-07-23,False,25-34,Kocaeli
C004139,U020889,CMP_CRE,2026-08-19,False,18-24,Other
C004140,U020890,CMP_CRE,2026-07-13,False,25-34,Ankara
C004141,U020901,CMP_CRE,2026-09-06,False,25-34,Istanbul
C004142,U020905,CMP_CRE,2026-08-23,False,25-34,Istanbul
C004143,U020906,CMP_CRE,2026-09-30,False,18-24,Istanbul
C004144,U020909,CMP_CRE,2026-09-20,False,25-34,Bursa
C004145,U020914,CMP_CRE,2026-09-25,True,18-24,Ankara
C004146,U020915,CMP_CRE,2026-09-04,False,18-24,Other
C004147,U020918,CMP_CRE,2026-09-17,False,18-24,Other
C004148,U020921,CMP_CRE,2026-09-25,False,18-24,Ankara
C004149,U020926,CMP_CRE,2026-09-27,False,18-24,Istanbul
C004150,U020934,CMP_CRE,2026-08-10,False,25-34,Istanbul
C004151,U020937,CMP_CRE,2026-09-04,True,18-24,Istanbul
C004152,U020939,CMP_CRE,2026-08-21,False,18-24,Istanbul
C004153,U020947,CMP_CRE,2026-09-26,False,18-24,Istanbul
C004154,U020948,CMP_CRE,2026-08-04,False,25-34,Istanbul
C004155,U020955,CMP_CRE,2026-07-22,True,25-34,Istanbul
C004156,U020956,CMP_CRE,2026-09-03,False,35-44,Izmir
C004157,U020957,CMP_CRE,2026-08-18,False,25-34,Istanbul
C004158,U020959,CMP_CRE,2026-09-01,False,18-24,Konya
C004159,U020960,CMP_CRE,2026-08-04,False,25-34,Istanbul
C004160,U020963,CMP_CRE,2026-09-26,False,25-34,Istanbul
C004161,U020968,CMP_CRE,2026-09-29,False,25-34,Istanbul
C004162,U020969,CMP_CRE,2026-09-27,False,35-44,Istanbul
C004163,U020972,CMP_CRE,2026-09-08,False,45-54,Bursa
C004164,U020973,CMP_CRE,2026-07-30,True,25-34,Istanbul
C004165,U020976,CMP_CRE,2026-07-09,False,18-24,Istanbul
C004166,U020981,CMP_CRE,2026-07-22,False,18-24,Izmir
C004167,U020988,CMP_CRE,2026-09-05,False,25-34,Bursa
C004168,U020993,CMP_CRE,2026-07-11,False,18-24,Istanbul
C004169,U020998,CMP_CRE,2026-08-03,False,18-24,Ankara
C004170,U020999,CMP_CRE,2026-08-15,False,25-34,Other
C004171,U021004,CMP_CRE,2026-07-26,True,25-34,Other
C004172,U021011,CMP_CRE,2026-07-19,False,25-34,Istanbul
C004173,U021012,CMP_CRE,2026-08-06,False,25-34,Ankara
C004174,U021014,CMP_CRE,2026-09-28,False,25-34,Istanbul
C004175,U021016,CMP_CRE,2026-07-15,False,25-34,Istanbul
C004176,U021018,CMP_CRE,2026-09-02,False,25-34,Other
C004177,U021019,CMP_CRE,2026-08-07,False,35-44,Istanbul
C004178,U021020,CMP_CRE,2026-09-15,False,25-34,Ankara
C004179,U021022,CMP_CRE,2026-08-17,True,25-34,Istanbul
C004180,U021025,CMP_CRE,2026-08-03,False,25-34,Konya
C004181,U021029,CMP_CRE,2026-07-09,False,18-24,Gaziantep
C004182,U021034,CMP_CRE,2026-07-22,False,18-24,Istanbul
C004183,U021035,CMP_CRE,2026-09-28,False,25-34,Ankara
C004184,U021036,CMP_CRE,2026-09-25,False,25-34,Istanbul
C004185,U021037,CMP_CRE,2026-09-19,False,55+,Istanbul
C004186,U021038,CMP_CRE,2026-08-29,False,35-44,Other
C004187,U021040,CMP_CRE,2026-08-04,False,18-24,Other
C004188,U021044,CMP_CRE,2026-08-22,False,18-24,Istanbul
C004189,U021046,CMP_CRE,2026-07-15,False,55+,Kayseri
C004190,U021050,CMP_CRE,2026-07-25,False,25-34,Istanbul
C004191,U021051,CMP_CRE,2026-07-08,True,25-34,Istanbul
C004192,U021055,CMP_CRE,2026-07-23,False,18-24,Istanbul
C004193,U021057,CMP_CRE,2026-07-15,False,18-24,Ankara
C004194,U021059,CMP_CRE,2026-08-19,True,35-44,Ankara
C004195,U021062,CMP_CRE,2026-08-31,True,18-24,Istanbul
C004196,U021064,CMP_CRE,2026-08-30,False,18-24,Kocaeli
C004197,U021065,CMP_CRE,2026-07-07,False,18-24,Ankara
C004198,U021066,CMP_CRE,2026-09-19,False,55+,Istanbul
C004199,U021068,CMP_CRE,2026-09-01,False,18-24,Izmir
C004200,U021070,CMP_CRE,2026-09-30,False,18-24,Other
C004201,U021071,CMP_CRE,2026-09-18,True,18-24,Other
C004202,U021072,CMP_CRE,2026-07-13,False,18-24,Istanbul
C004203,U021073,CMP_CRE,2026-08-31,False,25-34,Izmir
C004204,U021087,CMP_CRE,2026-09-16,False,25-34,Istanbul
C004205,U021090,CMP_CRE,2026-08-04,False,25-34,Istanbul
C004206,U021091,CMP_CRE,2026-08-20,True,55+,Antalya
C004207,U021099,CMP_CRE,2026-08-07,False,35-44,Ankara
C004208,U021102,CMP_CRE,2026-09-15,False,18-24,Ankara
C004209,U021104,CMP_CRE,2026-07-11,False,25-34,Ankara
C004210,U021106,CMP_CRE,2026-09-29,False,25-34,Istanbul
C004211,U021110,CMP_CRE,2026-09-25,False,25-34,Istanbul
C004212,U021114,CMP_CRE,2026-08-01,False,18-24,Bursa
C004213,U021118,CMP_CRE,2026-07-28,False,18-24,Istanbul
C004214,U021120,CMP_CRE,2026-08-17,False,18-24,Ankara
C004215,U021124,CMP_CRE,2026-07-10,False,35-44,Istanbul
C004216,U021128,CMP_CRE,2026-07-08,False,25-34,Istanbul
C004217,U021129,CMP_CRE,2026-07-07,False,18-24,Istanbul
C004218,U021130,CMP_CRE,2026-07-25,True,18-24,Istanbul
C004219,U021144,CMP_CRE,2026-09-14,False,25-34,Ankara
C004220,U021145,CMP_CRE,2026-08-27,False,25-34,Ankara
C004221,U021146,CMP_CRE,2026-07-08,True,35-44,Izmir
C004222,U021148,CMP_CRE,2026-08-11,False,18-24,Izmir
C004223,U021157,CMP_CRE,2026-09-26,False,45-54,Bursa
C004224,U021158,CMP_CRE,2026-09-29,False,18-24,Istanbul
C004225,U021161,CMP_CRE,2026-07-08,False,25-34,Istanbul
C004226,U021162,CMP_CRE,2026-09-29,False,25-34,Istanbul
C004227,U021168,CMP_CRE,2026-08-03,False,45-54,Other
C004228,U021171,CMP_CRE,2026-09-18,False,18-24,Kayseri
C004229,U021173,CMP_CRE,2026-08-19,True,18-24,Kayseri
C004230,U021185,CMP_CRE,2026-08-03,True,35-44,Other
C004231,U021186,CMP_CRE,2026-08-15,False,45-54,Other
C004232,U021187,CMP_CRE,2026-09-05,False,25-34,Istanbul
C004233,U021190,CMP_CRE,2026-09-08,False,18-24,Istanbul
C004234,U021192,CMP_CRE,2026-09-27,True,18-24,Ankara
C004235,U021197,CMP_CRE,2026-08-22,False,18-24,Istanbul
C004236,U021202,CMP_CRE,2026-07-09,False,18-24,Istanbul
C004237,U021203,CMP_CRE,2026-08-07,False,25-34,Kocaeli
C004238,U021207,CMP_CRE,2026-09-01,False,18-24,Other
C004239,U021208,CMP_CRE,2026-09-06,False,18-24,Istanbul
C004240,U021209,CMP_CRE,2026-08-06,False,25-34,Istanbul
C004241,U021210,CMP_CRE,2026-08-12,False,18-24,Bursa
C004242,U021212,CMP_CRE,2026-09-20,False,25-34,Bursa
C004243,U021213,CMP_CRE,2026-09-25,True,18-24,Istanbul
C004244,U021214,CMP_CRE,2026-09-27,False,25-34,Izmir
C004245,U021216,CMP_CRE,2026-09-28,False,18-24,Kayseri
C004246,U021218,CMP_CRE,2026-07-26,True,45-54,Ankara
C004247,U021219,CMP_CRE,2026-08-18,False,45-54,Other
C004248,U021227,CMP_CRE,2026-09-01,False,18-24,Istanbul
C004249,U021228,CMP_CRE,2026-08-21,True,18-24,Istanbul
C004250,U021229,CMP_CRE,2026-07-14,False,18-24,Ankara
C004251,U021231,CMP_CRE,2026-07-11,False,25-34,Istanbul
C004252,U021232,CMP_CRE,2026-08-19,False,55+,Istanbul
C004253,U021234,CMP_CRE,2026-08-19,False,25-34,Other
C004254,U021235,CMP_CRE,2026-08-18,False,18-24,Gaziantep
C004255,U021237,CMP_CRE,2026-08-08,False,18-24,Other
C004256,U021238,CMP_CRE,2026-07-13,False,18-24,Istanbul
C004257,U021241,CMP_CRE,2026-07-31,False,25-34,Istanbul
C004258,U021247,CMP_CRE,2026-09-06,False,18-24,Other
C004259,U021249,CMP_CRE,2026-09-21,False,35-44,Istanbul
C004260,U021251,CMP_CRE,2026-08-20,False,35-44,Ankara
C004261,U021252,CMP_CRE,2026-09-26,False,18-24,Kocaeli
C004262,U021256,CMP_CRE,2026-08-28,False,25-34,Kocaeli
C004263,U021258,CMP_CRE,2026-07-08,False,25-34,Istanbul
C004264,U021262,CMP_CRE,2026-08-18,False,25-34,Ankara
C004265,U021271,CMP_CRE,2026-08-13,False,25-34,Antalya
C004266,U021277,CMP_CRE,2026-09-16,False,18-24,Other
C004267,U021285,CMP_CRE,2026-08-21,False,18-24,Istanbul
C004268,U021286,CMP_CRE,2026-08-25,True,25-34,Istanbul
C004269,U021287,CMP_CRE,2026-07-24,True,18-24,Antalya
C004270,U021288,CMP_CRE,2026-08-08,False,18-24,Izmir
C004271,U021290,CMP_CRE,2026-09-21,True,18-24,Istanbul
C004272,U021292,CMP_CRE,2026-09-14,True,25-34,Istanbul
C004273,U021294,CMP_CRE,2026-08-16,False,25-34,Kayseri
C004274,U021299,CMP_CRE,2026-08-19,True,45-54,Izmir
C004275,U021300,CMP_CRE,2026-08-22,False,45-54,Istanbul
C004276,U021305,CMP_CRE,2026-08-22,False,55+,Istanbul
C004277,U021308,CMP_CRE,2026-09-23,False,25-34,Istanbul
C004278,U021310,CMP_CRE,2026-07-25,False,35-44,Ankara
C004279,U021314,CMP_CRE,2026-08-15,False,18-24,Other
C004280,U021316,CMP_CRE,2026-08-08,True,25-34,Istanbul
C004281,U021318,CMP_CRE,2026-09-25,False,25-34,Istanbul
C004282,U021320,CMP_CRE,2026-07-13,False,25-34,Istanbul
C004283,U021321,CMP_CRE,2026-09-20,False,25-34,Istanbul
C004284,U021325,CMP_CRE,2026-07-19,False,18-24,Ankara
C004285,U021327,CMP_CRE,2026-09-02,True,18-24,Istanbul
C004286,U021338,CMP_CRE,2026-09-25,False,18-24,Istanbul
C004287,U021339,CMP_CRE,2026-07-10,True,25-34,Gaziantep
C004288,U021345,CMP_CRE,2026-07-12,False,35-44,Kayseri
C004289,U021348,CMP_CRE,2026-08-07,False,25-34,Istanbul
C004290,U021352,CMP_CRE,2026-07-12,False,25-34,Istanbul
C004291,U021353,CMP_CRE,2026-07-09,False,18-24,Other
C004292,U021357,CMP_CRE,2026-08-16,True,55+,Other
C004293,U021359,CMP_CRE,2026-09-14,False,18-24,Istanbul
C004294,U021372,CMP_CRE,2026-08-22,False,55+,Bursa
C004295,U021374,CMP_CRE,2026-07-12,False,18-24,Izmir
C004296,U021376,CMP_CRE,2026-09-03,False,35-44,Ankara
C004297,U021377,CMP_CRE,2026-07-20,False,18-24,Bursa
C004298,U021390,CMP_CRE,2026-07-20,False,18-24,Ankara
C004299,U021391,CMP_CRE,2026-07-17,True,25-34,Ankara
C004300,U021395,CMP_CRE,2026-09-01,False,25-34,Bursa
C004301,U021400,CMP_CRE,2026-08-31,False,18-24,Other
C004302,U021401,CMP_CRE,2026-07-24,False,25-34,Istanbul
C004303,U021402,CMP_CRE,2026-09-26,False,35-44,Izmir
C004304,U021404,CMP_CRE,2026-07-07,False,18-24,Izmir
C004305,U021409,CMP_CRE,2026-09-19,False,18-24,Istanbul
C004306,U021415,CMP_CRE,2026-08-22,False,25-34,Istanbul
C004307,U021418,CMP_CRE,2026-08-02,False,45-54,Bursa
C004308,U021420,CMP_CRE,2026-07-07,False,25-34,Antalya
C004309,U021426,CMP_CRE,2026-07-04,False,25-34,Istanbul
C004310,U021428,CMP_CRE,2026-08-08,False,25-34,Istanbul
C004311,U021432,CMP_CRE,2026-09-02,False,18-24,Istanbul
C004312,U021434,CMP_CRE,2026-08-18,False,35-44,Istanbul
C004313,U021436,CMP_CRE,2026-07-07,False,25-34,Kayseri
C004314,U021447,CMP_CRE,2026-09-20,False,25-34,Bursa
C004315,U021448,CMP_CRE,2026-08-05,True,25-34,Istanbul
C004316,U021453,CMP_CRE,2026-09-26,False,35-44,Other
C004317,U021460,CMP_CRE,2026-07-10,False,18-24,Izmir
C004318,U021461,CMP_CRE,2026-09-27,False,18-24,Istanbul
C004319,U021464,CMP_CRE,2026-07-10,False,25-34,Ankara
C004320,U021467,CMP_CRE,2026-09-01,False,18-24,Istanbul
C004321,U021468,CMP_CRE,2026-09-30,False,18-24,Istanbul
C004322,U021470,CMP_CRE,2026-08-18,True,18-24,Istanbul
C004323,U021473,CMP_CRE,2026-08-08,False,25-34,Istanbul
C004324,U021476,CMP_CRE,2026-07-23,False,18-24,Other
C004325,U021478,CMP_CRE,2026-08-22,False,55+,Ankara
C004326,U021479,CMP_CRE,2026-08-03,False,18-24,Antalya
C004327,U021487,CMP_CRE,2026-07-24,False,18-24,Kayseri
C004328,U021490,CMP_CRE,2026-07-22,True,25-34,Istanbul
C004329,U021493,CMP_CRE,2026-09-10,False,35-44,Antalya
C004330,U021494,CMP_CRE,2026-07-24,False,45-54,Ankara
C004331,U021498,CMP_CRE,2026-09-24,False,35-44,Other
C004332,U021501,CMP_CRE,2026-08-01,False,18-24,Istanbul
C004333,U021513,CMP_CRE,2026-07-09,True,18-24,Istanbul
C004334,U021515,CMP_CRE,2026-09-23,False,18-24,Konya
C004335,U021516,CMP_CRE,2026-08-01,False,18-24,Gaziantep
C004336,U021517,CMP_CRE,2026-07-16,False,35-44,Konya
C004337,U021518,CMP_CRE,2026-07-29,True,25-34,Istanbul
C004338,U021519,CMP_CRE,2026-07-27,True,18-24,Other
C004339,U021521,CMP_CRE,2026-08-21,False,25-34,Ankara
C004340,U021522,CMP_CRE,2026-09-25,False,18-24,Istanbul
C004341,U021523,CMP_CRE,2026-08-18,False,25-34,Istanbul
C004342,U021524,CMP_CRE,2026-09-14,False,55+,Other
C004343,U021529,CMP_CRE,2026-09-16,False,25-34,Istanbul
C004344,U021530,CMP_CRE,2026-07-08,True,18-24,Other
C004345,U021533,CMP_CRE,2026-09-18,False,45-54,Izmir
C004346,U021534,CMP_CRE,2026-08-06,False,18-24,Izmir
C004347,U021535,CMP_CRE,2026-09-08,False,25-34,Kayseri
C004348,U021540,CMP_CRE,2026-09-29,True,18-24,Istanbul
C004349,U021543,CMP_CRE,2026-09-04,False,18-24,Konya
C004350,U021547,CMP_CRE,2026-09-27,True,18-24,Izmir
C004351,U021550,CMP_CRE,2026-09-27,False,25-34,Istanbul
C004352,U021551,CMP_CRE,2026-07-22,False,18-24,Istanbul
C004353,U021552,CMP_CRE,2026-08-03,False,35-44,Istanbul
C004354,U021553,CMP_CRE,2026-07-25,False,18-24,Konya
C004355,U021555,CMP_CRE,2026-08-31,True,18-24,Istanbul
C004356,U021557,CMP_CRE,2026-08-26,False,25-34,Istanbul
C004357,U021558,CMP_CRE,2026-07-06,False,25-34,Istanbul
C004358,U021559,CMP_CRE,2026-08-04,False,18-24,Bursa
C004359,U021561,CMP_CRE,2026-09-15,False,18-24,Kocaeli
C004360,U021562,CMP_CRE,2026-08-21,True,18-24,Istanbul
C004361,U021565,CMP_CRE,2026-08-04,False,35-44,Ankara
C004362,U021570,CMP_CRE,2026-08-10,False,25-34,Ankara
C004363,U021572,CMP_CRE,2026-08-07,False,18-24,Konya
C004364,U021574,CMP_CRE,2026-09-28,False,18-24,Ankara
C004365,U021577,CMP_CRE,2026-09-17,False,25-34,Ankara
C004366,U021578,CMP_CRE,2026-08-03,False,25-34,Izmir
C004367,U021581,CMP_CRE,2026-09-25,False,18-24,Istanbul
C004368,U021585,CMP_CRE,2026-08-29,False,18-24,Kayseri
C004369,U021588,CMP_CRE,2026-07-22,True,18-24,Other
C004370,U021589,CMP_CRE,2026-07-04,False,18-24,Konya
C004371,U021593,CMP_CRE,2026-09-30,True,35-44,Other
C004372,U021596,CMP_CRE,2026-09-26,False,18-24,Ankara
C004373,U021598,CMP_CRE,2026-09-26,False,35-44,Kayseri
C004374,U021599,CMP_CRE,2026-08-07,False,18-24,Istanbul
C004375,U021600,CMP_CRE,2026-09-14,False,25-34,Istanbul
C004376,U021601,CMP_CRE,2026-07-30,False,18-24,Istanbul
C004377,U021602,CMP_CRE,2026-09-26,False,25-34,Antalya
C004378,U021606,CMP_CRE,2026-09-29,False,18-24,Antalya
C004379,U021607,CMP_CRE,2026-07-13,False,18-24,Bursa
C004380,U021608,CMP_CRE,2026-07-22,True,25-34,Izmir
C004381,U021609,CMP_CRE,2026-09-13,False,35-44,Istanbul
C004382,U021613,CMP_CRE,2026-08-06,False,18-24,Istanbul
C004383,U021615,CMP_CRE,2026-07-08,False,25-34,Istanbul
C004384,U021622,CMP_CRE,2026-07-20,False,25-34,Izmir
C004385,U021623,CMP_CRE,2026-09-29,False,18-24,Istanbul
C004386,U021627,CMP_CRE,2026-09-21,False,18-24,Kayseri
C004387,U021629,CMP_CRE,2026-09-06,False,18-24,Istanbul
C004388,U021630,CMP_CRE,2026-08-22,False,25-34,Other
C004389,U021631,CMP_CRE,2026-08-20,False,18-24,Istanbul
C004390,U021639,CMP_CRE,2026-07-22,False,35-44,Istanbul
C004391,U021645,CMP_CRE,2026-08-20,False,45-54,Istanbul
C004392,U021655,CMP_CRE,2026-09-26,False,25-34,Istanbul
C004393,U021656,CMP_CRE,2026-07-07,True,25-34,Istanbul
C004394,U021658,CMP_CRE,2026-07-23,False,18-24,Other
C004395,U021660,CMP_CRE,2026-07-31,False,18-24,Istanbul
C004396,U021663,CMP_CRE,2026-09-02,False,55+,Konya
C004397,U021666,CMP_CRE,2026-09-05,False,18-24,Ankara
C004398,U021668,CMP_CRE,2026-08-17,False,25-34,Istanbul
C004399,U021669,CMP_CRE,2026-08-18,True,35-44,Konya
C004400,U021670,CMP_CRE,2026-08-01,True,25-34,Istanbul
C004401,U021672,CMP_CRE,2026-08-28,False,25-34,Izmir
C004402,U021675,CMP_CRE,2026-08-06,False,18-24,Ankara
C004403,U021677,CMP_CRE,2026-08-24,False,25-34,Istanbul
C004404,U021681,CMP_CRE,2026-09-03,False,25-34,Istanbul
C004405,U021684,CMP_CRE,2026-08-22,False,18-24,Izmir
C004406,U021688,CMP_CRE,2026-09-30,False,18-24,Istanbul
C004407,U021700,CMP_CRE,2026-08-01,False,18-24,Kayseri
C004408,U021702,CMP_CRE,2026-07-25,True,25-34,Other
C004409,U021707,CMP_CRE,2026-07-26,True,35-44,Istanbul
C004410,U021711,CMP_CRE,2026-08-13,False,18-24,Izmir
C004411,U021714,CMP_CRE,2026-07-22,False,18-24,Other
C004412,U021716,CMP_CRE,2026-08-04,False,18-24,Ankara
C004413,U021719,CMP_CRE,2026-07-08,True,35-44,Other
C004414,U021721,CMP_CRE,2026-07-07,False,35-44,Istanbul
C004415,U021725,CMP_CRE,2026-08-31,True,35-44,Bursa
C004416,U021729,CMP_CRE,2026-09-02,False,35-44,Bursa
C004417,U021733,CMP_CRE,2026-09-02,False,25-34,Other
C004418,U021740,CMP_CRE,2026-07-21,False,45-54,Izmir
C004419,U021741,CMP_CRE,2026-07-09,False,18-24,Kayseri
C004420,U021742,CMP_CRE,2026-09-15,False,18-24,Istanbul
C004421,U021747,CMP_CRE,2026-09-03,False,25-34,Kayseri
C004422,U021754,CMP_CRE,2026-08-20,False,18-24,Istanbul
C004423,U021759,CMP_CRE,2026-09-18,False,35-44,Other
C004424,U021762,CMP_CRE,2026-08-18,False,18-24,Istanbul
C004425,U021764,CMP_CRE,2026-09-18,True,45-54,Ankara
C004426,U021765,CMP_CRE,2026-07-13,False,18-24,Kocaeli
C004427,U021766,CMP_CRE,2026-09-05,False,25-34,Kocaeli
C004428,U021768,CMP_CRE,2026-09-19,False,18-24,Konya
C004429,U021772,CMP_CRE,2026-08-25,False,25-34,Izmir
C004430,U021778,CMP_CRE,2026-08-04,False,18-24,Istanbul
C004431,U021781,CMP_CRE,2026-08-06,False,18-24,Istanbul
C004432,U021782,CMP_CRE,2026-07-24,False,18-24,Istanbul
C004433,U021785,CMP_CRE,2026-09-16,False,18-24,Istanbul
C004434,U021788,CMP_CRE,2026-08-19,False,25-34,Izmir
C004435,U021791,CMP_CRE,2026-07-22,True,18-24,Bursa
C004436,U021794,CMP_CRE,2026-08-28,False,18-24,Istanbul
C004437,U021796,CMP_CRE,2026-09-28,False,18-24,Istanbul
C004438,U021799,CMP_CRE,2026-09-28,False,25-34,Konya
C004439,U021806,CMP_CRE,2026-07-25,True,25-34,Other
C004440,U021807,CMP_CRE,2026-07-02,False,25-34,Ankara
C004441,U021809,CMP_CRE,2026-09-19,False,45-54,Bursa
C004442,U021817,CMP_CRE,2026-09-30,False,18-24,Istanbul
C004443,U021818,CMP_CRE,2026-07-13,False,25-34,Izmir
C004444,U021820,CMP_CRE,2026-07-08,False,25-34,Ankara
C004445,U021823,CMP_CRE,2026-09-27,False,35-44,Kocaeli
C004446,U021826,CMP_CRE,2026-09-20,True,45-54,Istanbul
C004447,U021836,CMP_CRE,2026-07-14,False,25-34,Istanbul
C004448,U021837,CMP_CRE,2026-08-27,False,18-24,Istanbul
C004449,U021842,CMP_CRE,2026-07-05,False,18-24,Other
C004450,U021843,CMP_CRE,2026-07-09,False,25-34,Konya
C004451,U021844,CMP_CRE,2026-07-08,False,25-34,Izmir
C004452,U021847,CMP_CRE,2026-08-18,True,18-24,Kayseri
C004453,U021848,CMP_CRE,2026-08-17,True,25-34,Antalya
C004454,U021849,CMP_CRE,2026-09-22,False,25-34,Istanbul
C004455,U021853,CMP_CRE,2026-09-05,False,25-34,Kocaeli
C004456,U021854,CMP_CRE,2026-08-17,False,25-34,Antalya
C004457,U021870,CMP_CRE,2026-08-06,True,18-24,Bursa
C004458,U021872,CMP_CRE,2026-09-14,False,25-34,Kocaeli
C004459,U021878,CMP_CRE,2026-07-10,False,35-44,Istanbul
C004460,U021880,CMP_CRE,2026-09-28,False,35-44,Istanbul
C004461,U021881,CMP_CRE,2026-09-03,False,18-24,Ankara
C004462,U021883,CMP_CRE,2026-09-14,False,25-34,Izmir
C004463,U021890,CMP_CRE,2026-07-21,False,18-24,Antalya
C004464,U021892,CMP_CRE,2026-08-19,False,18-24,Izmir
C004465,U021899,CMP_CRE,2026-08-27,False,45-54,Konya
C004466,U021909,CMP_CRE,2026-07-24,False,25-34,Istanbul
C004467,U021912,CMP_CRE,2026-08-03,True,18-24,Istanbul
C004468,U021913,CMP_CRE,2026-07-25,False,25-34,Izmir
C004469,U021917,CMP_CRE,2026-07-29,False,35-44,Kayseri
C004470,U021919,CMP_CRE,2026-08-05,True,18-24,Konya
C004471,U021925,CMP_CRE,2026-09-13,True,18-24,Bursa
C004472,U021934,CMP_CRE,2026-08-06,False,18-24,Bursa
C004473,U021936,CMP_CRE,2026-09-27,False,18-24,Istanbul
C004474,U021937,CMP_CRE,2026-08-19,False,18-24,Ankara
C004475,U021938,CMP_CRE,2026-08-04,False,18-24,Ankara
C004476,U021948,CMP_CRE,2026-08-05,False,25-34,Izmir
C004477,U021949,CMP_CRE,2026-09-20,False,35-44,Ankara
C004478,U021951,CMP_CRE,2026-08-31,True,18-24,Istanbul
C004479,U021952,CMP_CRE,2026-07-21,True,35-44,Other
C004480,U021955,CMP_CRE,2026-07-26,False,25-34,Istanbul
C004481,U021959,CMP_CRE,2026-08-25,False,18-24,Izmir
C004482,U021961,CMP_CRE,2026-07-25,True,25-34,Konya
C004483,U021963,CMP_CRE,2026-07-04,False,45-54,Ankara
C004484,U021969,CMP_CRE,2026-08-12,False,35-44,Istanbul
C004485,U021970,CMP_CRE,2026-09-14,False,18-24,Istanbul
C004486,U021979,CMP_CRE,2026-07-13,False,25-34,Bursa
C004487,U021984,CMP_CRE,2026-08-06,False,18-24,Istanbul
C004488,U021985,CMP_CRE,2026-07-07,False,18-24,Istanbul
C004489,U021991,CMP_CRE,2026-08-07,False,25-34,Istanbul
C004490,U021995,CMP_CRE,2026-09-05,False,35-44,Istanbul
C004491,U021997,CMP_CRE,2026-09-03,False,25-34,Konya
C004492,U021998,CMP_CRE,2026-09-15,False,25-34,Istanbul
C004493,U021999,CMP_CRE,2026-08-18,False,18-24,Kocaeli
C004494,U022006,CMP_CRE,2026-08-13,True,25-34,Istanbul
C004495,U022021,CMP_CRE,2026-09-04,False,25-34,Izmir
C004496,U022022,CMP_CRE,2026-07-07,False,18-24,Konya
C004497,U022027,CMP_CRE,2026-09-25,False,25-34,Izmir
C004498,U022028,CMP_CRE,2026-08-24,False,25-34,Gaziantep
C004499,U022029,CMP_CRE,2026-07-26,True,25-34,Istanbul
C004500,U022032,CMP_CRE,2026-08-23,True,25-34,Antalya
C004501,U022035,CMP_CRE,2026-09-14,False,18-24,Ankara
C004502,U022046,CMP_CRE,2026-08-27,False,25-34,Other
C004503,U022047,CMP_CRE,2026-08-18,False,18-24,Ankara
C004504,U022050,CMP_CRE,2026-07-12,True,18-24,Istanbul
C004505,U022055,CMP_CRE,2026-07-22,True,18-24,Istanbul
C004506,U022056,CMP_CRE,2026-07-13,False,18-24,Istanbul
C004507,U022059,CMP_CRE,2026-08-05,False,35-44,Ankara
C004508,U022065,CMP_CRE,2026-09-04,False,18-24,Istanbul
C004509,U022081,CMP_CRE,2026-08-20,True,18-24,Istanbul
C004510,U022082,CMP_CRE,2026-08-04,False,18-24,Istanbul
C004511,U022083,CMP_CRE,2026-07-10,False,18-24,Istanbul
C004512,U022084,CMP_CRE,2026-09-25,False,35-44,Izmir
C004513,U022086,CMP_CRE,2026-07-23,False,18-24,Kocaeli
C004514,U022087,CMP_CRE,2026-07-07,False,25-34,Other
C004515,U022092,CMP_CRE,2026-09-15,False,25-34,Istanbul
C004516,U022095,CMP_CRE,2026-08-05,True,25-34,Istanbul
C004517,U022096,CMP_CRE,2026-08-04,True,18-24,Konya
C004518,U022098,CMP_CRE,2026-07-08,False,35-44,Istanbul
C004519,U022099,CMP_CRE,2026-08-19,False,18-24,Gaziantep
C004520,U022104,CMP_CRE,2026-08-05,False,55+,Other
C004521,U022107,CMP_CRE,2026-07-23,False,18-24,Ankara
C004522,U022108,CMP_CRE,2026-08-31,False,45-54,Istanbul
C004523,U022109,CMP_CRE,2026-07-10,False,25-34,Other
C004524,U022110,CMP_CRE,2026-07-26,False,18-24,Istanbul
C004525,U022112,CMP_CRE,2026-09-14,False,18-24,Istanbul
C004526,U022115,CMP_CRE,2026-07-25,False,18-24,Istanbul
C004527,U022122,CMP_CRE,2026-09-14,False,25-34,Istanbul
C004528,U022123,CMP_CRE,2026-08-18,True,18-24,Konya
C004529,U022124,CMP_CRE,2026-09-04,False,18-24,Other
C004530,U022126,CMP_CRE,2026-09-28,False,25-34,Istanbul
C004531,U022127,CMP_CRE,2026-08-23,False,18-24,Kocaeli
C004532,U022138,CMP_CRE,2026-07-13,False,18-24,Izmir
C004533,U022140,CMP_CRE,2026-09-01,False,18-24,Other
C004534,U022142,CMP_CRE,2026-09-26,False,35-44,Istanbul
C004535,U022143,CMP_CRE,2026-09-25,True,18-24,Istanbul
C004536,U022148,CMP_CRE,2026-08-17,True,18-24,Istanbul
C004537,U022156,CMP_CRE,2026-08-17,True,25-34,Other
C004538,U022157,CMP_CRE,2026-09-21,False,35-44,Other
C004539,U022163,CMP_CRE,2026-07-11,False,25-34,Istanbul
C004540,U022164,CMP_CRE,2026-07-29,False,35-44,Bursa
C004541,U022165,CMP_CRE,2026-07-07,False,45-54,Antalya
C004542,U022169,CMP_CRE,2026-09-16,False,45-54,Istanbul
C004543,U022170,CMP_CRE,2026-08-19,False,18-24,Istanbul
C004544,U022175,CMP_CRE,2026-09-19,False,18-24,Istanbul
C004545,U022179,CMP_CRE,2026-08-04,False,18-24,Istanbul
C004546,U022187,CMP_CRE,2026-07-21,True,25-34,Izmir
C004547,U022189,CMP_CRE,2026-09-16,False,25-34,Istanbul
C004548,U022190,CMP_CRE,2026-08-18,True,25-34,Istanbul
C004549,U022194,CMP_CRE,2026-07-12,False,35-44,Istanbul
C004550,U022201,CMP_CRE,2026-07-21,False,18-24,Other
C004551,U022202,CMP_CRE,2026-07-26,False,18-24,Izmir
C004552,U022204,CMP_CRE,2026-09-24,False,18-24,Other
C004553,U022206,CMP_CRE,2026-09-06,False,25-34,Izmir
C004554,U022211,CMP_CRE,2026-09-25,False,25-34,Ankara
C004555,U022212,CMP_CRE,2026-07-22,False,18-24,Other
C004556,U022214,CMP_CRE,2026-09-28,True,25-34,Istanbul
C004557,U022216,CMP_CRE,2026-07-07,False,18-24,Istanbul
C004558,U022219,CMP_CRE,2026-09-06,False,25-34,Kocaeli
C004559,U022225,CMP_CRE,2026-08-09,False,55+,Kocaeli
C004560,U022227,CMP_CRE,2026-08-03,False,18-24,Istanbul
C004561,U022229,CMP_CRE,2026-09-28,True,25-34,Ankara
C004562,U022232,CMP_CRE,2026-09-26,False,18-24,Istanbul
C004563,U022233,CMP_CRE,2026-09-18,True,25-34,Other
C004564,U022236,CMP_CRE,2026-09-20,False,25-34,Istanbul
C004565,U022237,CMP_CRE,2026-07-09,False,45-54,Bursa
C004566,U022240,CMP_CRE,2026-07-07,True,25-34,Other
C004567,U022241,CMP_CRE,2026-07-09,False,18-24,Kocaeli
C004568,U022266,CMP_CRE,2026-09-21,False,25-34,Bursa
C004569,U022267,CMP_CRE,2026-08-25,False,35-44,Istanbul
C004570,U022273,CMP_CRE,2026-08-16,False,35-44,Other
C004571,U022276,CMP_CRE,2026-09-18,False,18-24,Istanbul
C004572,U022277,CMP_CRE,2026-09-04,True,35-44,Istanbul
C004573,U022280,CMP_CRE,2026-09-08,False,25-34,Izmir
C004574,U022281,CMP_CRE,2026-09-01,True,25-34,Other
C004575,U022285,CMP_CRE,2026-07-26,False,35-44,Istanbul
C004576,U022287,CMP_CRE,2026-07-11,True,35-44,Istanbul
C004577,U022290,CMP_CRE,2026-07-24,False,18-24,Istanbul
C004578,U022291,CMP_CRE,2026-09-02,False,35-44,Izmir
C004579,U022294,CMP_CRE,2026-09-13,False,25-34,Ankara
C004580,U022300,CMP_CRE,2026-09-03,False,25-34,Other
C004581,U022302,CMP_CRE,2026-07-26,False,18-24,Istanbul
C004582,U022304,CMP_CRE,2026-08-19,False,25-34,Istanbul
C004583,U022307,CMP_CRE,2026-07-22,True,18-24,Other
C004584,U022311,CMP_CRE,2026-09-29,False,18-24,Istanbul
C004585,U022313,CMP_CRE,2026-09-17,True,18-24,Istanbul
C004586,U022314,CMP_CRE,2026-09-05,False,18-24,Bursa
C004587,U022316,CMP_CRE,2026-08-18,True,35-44,Ankara
C004588,U022319,CMP_CRE,2026-08-18,False,18-24,Istanbul
C004589,U022320,CMP_CRE,2026-09-02,False,25-34,Istanbul
C004590,U022321,CMP_CRE,2026-08-31,False,45-54,Istanbul
C004591,U022327,CMP_CRE,2026-09-16,False,18-24,Istanbul
C004592,U022329,CMP_CRE,2026-08-18,True,25-34,Ankara
C004593,U022340,CMP_CRE,2026-09-30,True,25-34,Ankara
C004594,U022343,CMP_CRE,2026-09-13,False,18-24,Ankara
C004595,U022348,CMP_CRE,2026-09-02,False,25-34,Konya
C004596,U022350,CMP_CRE,2026-07-24,False,25-34,Other
C004597,U022356,CMP_CRE,2026-09-25,False,18-24,Izmir
C004598,U022363,CMP_CRE,2026-08-19,False,25-34,Izmir
C004599,U022365,CMP_CRE,2026-08-05,False,18-24,Izmir
C004600,U022372,CMP_CRE,2026-09-14,False,25-34,Ankara
C004601,U022374,CMP_CRE,2026-09-01,False,18-24,Ankara
C004602,U022376,CMP_CRE,2026-07-22,False,35-44,Other
C004603,U022377,CMP_CRE,2026-07-22,True,18-24,Izmir
C004604,U022378,CMP_CRE,2026-08-11,False,18-24,Istanbul
C004605,U022379,CMP_CRE,2026-07-07,False,25-34,Istanbul
C004606,U022386,CMP_CRE,2026-08-31,False,25-34,Istanbul
C004607,U022388,CMP_CRE,2026-07-24,False,18-24,Istanbul
C004608,U022389,CMP_CRE,2026-09-04,False,35-44,Istanbul
C004609,U022393,CMP_CRE,2026-08-17,False,18-24,Istanbul
C004610,U022397,CMP_CRE,2026-08-03,False,18-24,Other
C004611,U022404,CMP_CRE,2026-08-11,False,18-24,Bursa
C004612,U022405,CMP_CRE,2026-08-04,False,25-34,Istanbul
C004613,U022406,CMP_CRE,2026-09-15,False,18-24,Other
C004614,U022407,CMP_CRE,2026-09-18,False,18-24,Konya
C004615,U022408,CMP_CRE,2026-07-07,False,25-34,Istanbul
C004616,U022410,CMP_CRE,2026-09-29,False,18-24,Istanbul
C004617,U022412,CMP_CRE,2026-09-26,True,35-44,Ankara
C004618,U022417,CMP_CRE,2026-08-26,False,18-24,Izmir
C004619,U022421,CMP_CRE,2026-09-02,False,25-34,Istanbul
C004620,U022428,CMP_CRE,2026-09-28,False,55+,Antalya
C004621,U022429,CMP_CRE,2026-09-01,False,25-34,Istanbul
C004622,U022437,CMP_CRE,2026-07-07,False,18-24,Bursa
C004623,U022438,CMP_CRE,2026-07-08,False,18-24,Bursa
C004624,U022440,CMP_CRE,2026-09-06,False,18-24,Istanbul
C004625,U022444,CMP_CRE,2026-09-18,False,25-34,Ankara
C004626,U022446,CMP_CRE,2026-08-19,False,25-34,Bursa
C004627,U022449,CMP_CRE,2026-09-20,False,25-34,Ankara
C004628,U022451,CMP_CRE,2026-09-24,False,25-34,Istanbul
C004629,U022452,CMP_CRE,2026-08-14,False,18-24,Ankara
C004630,U022453,CMP_CRE,2026-07-22,False,18-24,Gaziantep
C004631,U022454,CMP_CRE,2026-08-20,False,45-54,Other
C004632,U022458,CMP_CRE,2026-09-02,True,18-24,Konya
C004633,U022461,CMP_CRE,2026-07-23,False,18-24,Istanbul
C004634,U022464,CMP_CRE,2026-08-17,False,18-24,Istanbul
C004635,U022471,CMP_CRE,2026-09-19,False,25-34,Kocaeli
C004636,U022472,CMP_CRE,2026-09-07,False,25-34,Ankara
C004637,U022473,CMP_CRE,2026-07-21,False,35-44,Ankara
C004638,U022475,CMP_CRE,2026-07-17,False,25-34,Other
C004639,U022476,CMP_CRE,2026-07-09,False,18-24,Istanbul
C004640,U022479,CMP_CRE,2026-08-04,False,18-24,Konya
C004641,U022484,CMP_CRE,2026-09-24,False,18-24,Other
C004642,U022490,CMP_CRE,2026-09-16,False,35-44,Izmir
C004643,U022493,CMP_CRE,2026-09-19,False,45-54,Bursa
C004644,U022495,CMP_CRE,2026-09-26,False,25-34,Other
C004645,U022497,CMP_CRE,2026-08-23,False,25-34,Bursa
C004646,U022500,CMP_CRE,2026-07-27,False,18-24,Other
C004647,U022501,CMP_CRE,2026-08-03,False,25-34,Antalya
C004648,U022504,CMP_CRE,2026-09-30,False,18-24,Izmir
C004649,U022505,CMP_CRE,2026-09-20,False,25-34,Izmir
C004650,U022507,CMP_CRE,2026-09-16,False,25-34,Istanbul
C004651,U022509,CMP_CRE,2026-07-10,False,25-34,Istanbul
C004652,U022512,CMP_CRE,2026-08-21,False,35-44,Other
C004653,U022516,CMP_CRE,2026-09-25,False,18-24,Istanbul
C004654,U022519,CMP_CRE,2026-09-19,False,18-24,Istanbul
C004655,U022520,CMP_CRE,2026-07-23,False,35-44,Antalya
C004656,U022525,CMP_CRE,2026-07-16,False,18-24,Ankara
C004657,U022526,CMP_CRE,2026-08-19,False,55+,Other
C004658,U022528,CMP_CRE,2026-07-11,False,18-24,Istanbul
C004659,U022532,CMP_CRE,2026-08-18,False,25-34,Istanbul
C004660,U022540,CMP_CRE,2026-08-05,False,25-34,Ankara
C004661,U022546,CMP_CRE,2026-07-08,False,25-34,Other
C004662,U022549,CMP_CRE,2026-09-28,False,18-24,Istanbul
C004663,U022550,CMP_CRE,2026-09-28,False,18-24,Istanbul
C004664,U022554,CMP_CRE,2026-07-27,False,25-34,Ankara
C004665,U022558,CMP_CRE,2026-09-20,True,35-44,Istanbul
C004666,U022560,CMP_CRE,2026-08-24,True,18-24,Kocaeli
C004667,U022565,CMP_CRE,2026-08-28,False,25-34,Ankara
C004668,U022572,CMP_CRE,2026-08-03,False,25-34,Istanbul
C004669,U022574,CMP_CRE,2026-08-22,True,25-34,Istanbul
C004670,U022577,CMP_CRE,2026-08-30,False,25-34,Ankara
C004671,U022581,CMP_CRE,2026-08-12,False,25-34,Other
C004672,U022588,CMP_CRE,2026-09-26,True,25-34,Kocaeli
C004673,U022600,CMP_CRE,2026-09-26,False,18-24,Istanbul
C004674,U022602,CMP_CRE,2026-07-29,False,18-24,Istanbul
C004675,U022603,CMP_CRE,2026-08-04,False,25-34,Ankara
C004676,U022606,CMP_CRE,2026-09-25,False,45-54,Konya
C004677,U022607,CMP_CRE,2026-09-01,True,18-24,Izmir
C004678,U022608,CMP_CRE,2026-08-01,True,45-54,Other
C004679,U022609,CMP_CRE,2026-07-12,False,18-24,Istanbul
C004680,U022610,CMP_CRE,2026-09-23,True,35-44,Kocaeli
C004681,U022615,CMP_CRE,2026-07-21,False,25-34,Izmir
C004682,U022618,CMP_CRE,2026-07-28,False,25-34,Istanbul
C004683,U022629,CMP_CRE,2026-07-14,False,25-34,Other
C004684,U022633,CMP_CRE,2026-09-16,False,35-44,Other
C004685,U022639,CMP_CRE,2026-09-19,False,18-24,Istanbul
C004686,U022644,CMP_CRE,2026-09-15,False,18-24,Antalya
C004687,U022651,CMP_CRE,2026-09-18,True,18-24,Other
C004688,U022656,CMP_CRE,2026-08-21,False,18-24,Istanbul
C004689,U022658,CMP_CRE,2026-08-18,False,18-24,Other
C004690,U022659,CMP_CRE,2026-07-15,True,18-24,Istanbul
C004691,U022660,CMP_CRE,2026-07-08,True,25-34,Gaziantep
C004692,U022662,CMP_CRE,2026-08-02,False,18-24,Gaziantep
C004693,U022674,CMP_CRE,2026-08-05,False,18-24,Istanbul
C004694,U022676,CMP_CRE,2026-09-20,True,18-24,Istanbul
C004695,U022685,CMP_CRE,2026-08-13,False,18-24,Istanbul
C004696,U022686,CMP_CRE,2026-07-04,False,25-34,Izmir
C004697,U022688,CMP_CRE,2026-09-08,False,25-34,Istanbul
C004698,U022696,CMP_CRE,2026-09-09,True,35-44,Konya
C004699,U022705,CMP_CRE,2026-09-16,True,25-34,Kocaeli
C004700,U022708,CMP_CRE,2026-07-18,False,18-24,Kocaeli
C004701,U022710,CMP_CRE,2026-08-27,False,18-24,Konya
C004702,U022713,CMP_CRE,2026-08-17,False,18-24,Istanbul
C004703,U022714,CMP_CRE,2026-07-09,True,35-44,Ankara
C004704,U022719,CMP_CRE,2026-09-03,False,25-34,Istanbul
C004705,U022720,CMP_CRE,2026-09-15,True,25-34,Ankara
C004706,U022721,CMP_CRE,2026-09-15,False,18-24,Ankara
C004707,U022733,CMP_CRE,2026-09-29,False,18-24,Gaziantep
C004708,U022737,CMP_CRE,2026-08-21,False,18-24,Other
C004709,U022738,CMP_CRE,2026-09-14,False,25-34,Ankara
C004710,U022740,CMP_CRE,2026-07-20,False,18-24,Istanbul
C004711,U022744,CMP_CRE,2026-09-16,False,18-24,Kayseri
C004712,U022745,CMP_CRE,2026-09-02,False,25-34,Istanbul
C004713,U022749,CMP_CRE,2026-08-06,False,25-34,Istanbul
C004714,U022755,CMP_CRE,2026-08-21,False,18-24,Antalya
C004715,U022758,CMP_CRE,2026-09-25,False,25-34,Antalya
C004716,U022760,CMP_CRE,2026-08-31,False,25-34,Konya
C004717,U022762,CMP_CRE,2026-09-05,True,45-54,Istanbul
C004718,U022769,CMP_CRE,2026-08-15,True,18-24,Izmir
C004719,U022772,CMP_CRE,2026-08-25,False,25-34,Istanbul
C004720,U022783,CMP_CRE,2026-09-14,False,35-44,Istanbul
C004721,U022787,CMP_CRE,2026-08-03,False,18-24,Istanbul
C004722,U022789,CMP_CRE,2026-07-10,False,25-34,Other
C004723,U022791,CMP_CRE,2026-09-01,False,25-34,Ankara
C004724,U022792,CMP_CRE,2026-07-13,False,18-24,Ankara
C004725,U022794,CMP_CRE,2026-09-05,False,18-24,Bursa
C004726,U022797,CMP_CRE,2026-07-04,False,18-24,Istanbul
C004727,U022801,CMP_CRE,2026-08-25,True,25-34,Istanbul
C004728,U022802,CMP_CRE,2026-09-27,False,25-34,Other
C004729,U022808,CMP_CRE,2026-08-09,False,55+,Izmir
C004730,U022809,CMP_CRE,2026-08-01,False,18-24,Other
C004731,U022818,CMP_CRE,2026-09-24,False,25-34,Bursa
C004732,U022825,CMP_CRE,2026-09-05,True,25-34,Other
C004733,U022826,CMP_CRE,2026-07-08,False,18-24,Other
C004734,U022827,CMP_CRE,2026-08-01,False,18-24,Istanbul
C004735,U022829,CMP_CRE,2026-08-04,True,25-34,Other
C004736,U022831,CMP_CRE,2026-08-05,False,35-44,Istanbul
C004737,U022834,CMP_CRE,2026-09-26,False,25-34,Izmir
C004738,U022836,CMP_CRE,2026-07-28,False,25-34,Istanbul
C004739,U022838,CMP_CRE,2026-07-24,False,25-34,Other
C004740,U022839,CMP_CRE,2026-07-08,False,45-54,Bursa
C004741,U022841,CMP_CRE,2026-08-25,True,18-24,Izmir
C004742,U022843,CMP_CRE,2026-07-17,False,18-24,Istanbul
C004743,U022845,CMP_CRE,2026-07-21,True,18-24,Istanbul
C004744,U022847,CMP_CRE,2026-09-20,False,45-54,Ankara
C004745,U022848,CMP_CRE,2026-07-22,False,35-44,Istanbul
C004746,U022853,CMP_CRE,2026-08-20,False,25-34,Kocaeli
C004747,U022855,CMP_CRE,2026-08-22,False,18-24,Bursa
C004748,U022856,CMP_CRE,2026-08-03,False,18-24,Other
C004749,U022859,CMP_CRE,2026-08-21,False,18-24,Istanbul
C004750,U022861,CMP_CRE,2026-09-19,False,25-34,Istanbul
C004751,U022864,CMP_CRE,2026-07-31,False,25-34,Bursa
C004752,U022867,CMP_CRE,2026-08-17,False,18-24,Istanbul
C004753,U022875,CMP_CRE,2026-09-19,True,18-24,Istanbul
C004754,U022876,CMP_CRE,2026-08-31,False,18-24,Antalya
C004755,U022879,CMP_CRE,2026-09-26,False,25-34,Gaziantep
C004756,U022881,CMP_CRE,2026-09-15,True,18-24,Istanbul
C004757,U022884,CMP_CRE,2026-08-17,False,18-24,Other
C004758,U022888,CMP_CRE,2026-08-04,False,35-44,Istanbul
C004759,U022894,CMP_CRE,2026-09-17,True,25-34,Antalya
C004760,U022896,CMP_CRE,2026-09-18,False,25-34,Istanbul
C004761,U022902,CMP_CRE,2026-07-17,False,25-34,Istanbul
C004762,U022910,CMP_CRE,2026-09-16,False,25-34,Istanbul
C004763,U022911,CMP_CRE,2026-08-16,False,35-44,Gaziantep
C004764,U022915,CMP_CRE,2026-09-17,True,35-44,Istanbul
C004765,U022917,CMP_CRE,2026-07-03,False,18-24,Ankara
C004766,U022920,CMP_CRE,2026-08-05,False,35-44,Ankara
C004767,U022921,CMP_CRE,2026-09-16,False,18-24,Istanbul
C004768,U022933,CMP_CRE,2026-09-20,False,18-24,Izmir
C004769,U022934,CMP_CRE,2026-09-25,False,18-24,Istanbul
C004770,U022936,CMP_CRE,2026-09-13,False,18-24,Kayseri
C004771,U022947,CMP_CRE,2026-09-27,True,55+,Istanbul
C004772,U022954,CMP_CRE,2026-08-18,False,18-24,Kocaeli
C004773,U022956,CMP_CRE,2026-09-16,True,18-24,Istanbul
C004774,U022965,CMP_CRE,2026-09-15,False,18-24,Other
C004775,U022970,CMP_CRE,2026-07-14,True,25-34,Izmir
C004776,U022979,CMP_CRE,2026-07-23,False,18-24,Kocaeli
C004777,U022980,CMP_CRE,2026-08-22,False,25-34,Konya
C004778,U022984,CMP_CRE,2026-08-11,False,35-44,Ankara
C004779,U022989,CMP_CRE,2026-09-28,False,25-34,Istanbul
C004780,U022992,CMP_CRE,2026-09-25,False,18-24,Izmir
C004781,U022993,CMP_CRE,2026-09-25,True,25-34,Konya
C004782,U023005,CMP_CRE,2026-09-29,False,45-54,Istanbul
C004783,U023009,CMP_CRE,2026-07-23,False,25-34,Ankara
C004784,U023010,CMP_CRE,2026-09-01,False,35-44,Other
C004785,U023011,CMP_CRE,2026-07-19,True,18-24,Istanbul
C004786,U023012,CMP_CRE,2026-07-11,False,18-24,Ankara
C004787,U023016,CMP_CRE,2026-07-28,False,35-44,Istanbul
C004788,U023019,CMP_CRE,2026-08-18,False,18-24,Istanbul
C004789,U023027,CMP_CRE,2026-09-16,False,25-34,Other
C004790,U023030,CMP_CRE,2026-09-27,False,25-34,Ankara
C004791,U023031,CMP_CRE,2026-08-03,False,25-34,Istanbul
C004792,U023037,CMP_CRE,2026-07-26,False,18-24,Other
C004793,U023038,CMP_CRE,2026-07-23,False,25-34,Istanbul
C004794,U023040,CMP_CRE,2026-08-05,False,18-24,Kocaeli
C004795,U023045,CMP_CRE,2026-08-31,True,25-34,Istanbul
C004796,U023046,CMP_CRE,2026-09-01,False,18-24,Istanbul
C004797,U023048,CMP_CRE,2026-08-17,False,25-34,Kayseri
C004798,U023049,CMP_CRE,2026-09-27,False,25-34,Other
C004799,U023050,CMP_CRE,2026-08-06,False,18-24,Konya
C004800,U023055,CMP_CRE,2026-08-06,False,18-24,Bursa
C004801,U023057,CMP_CRE,2026-08-01,False,18-24,Other
C004802,U023058,CMP_CRE,2026-08-16,True,25-34,Istanbul
C004803,U023061,CMP_CRE,2026-08-06,False,18-24,Ankara
C004804,U023062,CMP_CRE,2026-07-23,False,18-24,Other
C004805,U023064,CMP_CRE,2026-07-22,True,18-24,Istanbul
C004806,U023066,CMP_CRE,2026-07-22,False,25-34,Ankara
C004807,U023070,CMP_CRE,2026-07-07,True,18-24,Konya
C004808,U023071,CMP_CRE,2026-08-05,False,45-54,Other
C004809,U023074,CMP_CRE,2026-09-04,False,18-24,Istanbul
C004810,U023087,CMP_CRE,2026-07-23,True,25-34,Other
C004811,U023094,CMP_CRE,2026-09-11,False,18-24,Other
C004812,U023099,CMP_CRE,2026-08-13,False,25-34,Istanbul
C004813,U023100,CMP_CRE,2026-09-19,False,18-24,Istanbul
C004814,U023102,CMP_CRE,2026-08-20,True,18-24,Other
C004815,U023109,CMP_CRE,2026-08-02,False,55+,Izmir
C004816,U023111,CMP_CRE,2026-09-27,False,25-34,Istanbul
C004817,U023112,CMP_CRE,2026-07-08,True,18-24,Konya
C004818,U023115,CMP_CRE,2026-08-04,False,18-24,Bursa
C004819,U023118,CMP_CRE,2026-08-15,False,35-44,Other
C004820,U023128,CMP_CRE,2026-09-05,False,18-24,Gaziantep
C004821,U023132,CMP_CRE,2026-09-29,False,18-24,Bursa
C004822,U023134,CMP_CRE,2026-09-02,False,18-24,Istanbul
C004823,U023135,CMP_CRE,2026-08-31,False,25-34,Other
C004824,U023139,CMP_CRE,2026-09-19,False,18-24,Other
C004825,U023142,CMP_CRE,2026-08-18,False,18-24,Other
C004826,U023143,CMP_CRE,2026-09-13,False,18-24,Istanbul
C004827,U023147,CMP_CRE,2026-08-31,False,18-24,Istanbul
C004828,U023151,CMP_CRE,2026-07-21,False,25-34,Istanbul
C004829,U023153,CMP_CRE,2026-09-23,False,18-24,Izmir
C004830,U023162,CMP_CRE,2026-08-19,False,25-34,Other
C004831,U023166,CMP_CRE,2026-08-11,True,25-34,Istanbul
C004832,U023169,CMP_CRE,2026-09-26,True,18-24,Istanbul
C004833,U023174,CMP_CRE,2026-07-16,False,18-24,Istanbul
C004834,U023180,CMP_CRE,2026-07-15,True,25-34,Kocaeli
C004835,U023182,CMP_CRE,2026-08-24,False,18-24,Other
C004836,U023186,CMP_CRE,2026-08-07,False,18-24,Gaziantep
C004837,U023187,CMP_CRE,2026-09-10,True,25-34,Antalya
C004838,U023192,CMP_CRE,2026-09-25,False,55+,Istanbul
C004839,U023193,CMP_CRE,2026-07-12,True,18-24,Istanbul
C004840,U023194,CMP_CRE,2026-09-24,False,18-24,Bursa
C004841,U023195,CMP_CRE,2026-08-23,False,25-34,Istanbul
C004842,U023199,CMP_CRE,2026-08-29,True,25-34,Konya
C004843,U023201,CMP_CRE,2026-08-04,False,18-24,Istanbul
C004844,U023209,CMP_CRE,2026-08-07,False,18-24,Istanbul
C004845,U023217,CMP_CRE,2026-07-21,False,25-34,Bursa
C004846,U023222,CMP_CRE,2026-09-22,False,18-24,Izmir
C004847,U023225,CMP_CRE,2026-09-21,False,18-24,Gaziantep
C004848,U023227,CMP_CRE,2026-09-28,True,18-24,Istanbul
C004849,U023228,CMP_CRE,2026-08-15,False,18-24,Istanbul
C004850,U023232,CMP_CRE,2026-07-22,False,18-24,Istanbul
C004851,U023239,CMP_CRE,2026-09-29,False,45-54,Konya
C004852,U023240,CMP_CRE,2026-08-05,True,25-34,Antalya
C004853,U023244,CMP_CRE,2026-07-21,False,18-24,Kayseri
C004854,U023255,CMP_CRE,2026-07-26,False,18-24,Other
C004855,U023262,CMP_CRE,2026-07-22,False,18-24,Istanbul
C004856,U023263,CMP_CRE,2026-09-02,False,25-34,Kayseri
C004857,U023264,CMP_CRE,2026-07-26,True,25-34,Istanbul
C004858,U023273,CMP_CRE,2026-08-12,False,25-34,Istanbul
C004859,U023276,CMP_CRE,2026-08-07,False,18-24,Ankara
C004860,U023282,CMP_CRE,2026-09-27,False,18-24,Izmir
C004861,U023291,CMP_CRE,2026-07-24,False,45-54,Ankara
C004862,U023295,CMP_CRE,2026-09-03,False,25-34,Istanbul
C004863,U023301,CMP_CRE,2026-08-08,False,25-34,Istanbul
C004864,U023302,CMP_CRE,2026-07-27,True,45-54,Istanbul
C004865,U023306,CMP_CRE,2026-07-22,False,18-24,Other
C004866,U023307,CMP_CRE,2026-08-03,True,35-44,Istanbul
C004867,U023308,CMP_CRE,2026-09-17,True,25-34,Istanbul
C004868,U023311,CMP_CRE,2026-09-14,False,45-54,Kocaeli
C004869,U023313,CMP_CRE,2026-08-05,True,18-24,Istanbul
C004870,U023320,CMP_CRE,2026-09-06,False,18-24,Konya
C004871,U023327,CMP_CRE,2026-09-25,True,25-34,Istanbul
C004872,U023328,CMP_CRE,2026-08-07,False,18-24,Kocaeli
C004873,U023330,CMP_CRE,2026-08-21,True,45-54,Istanbul
C004874,U023334,CMP_CRE,2026-07-21,False,45-54,Antalya
C004875,U023337,CMP_CRE,2026-09-21,False,18-24,Ankara
C004876,U023338,CMP_CRE,2026-07-22,False,25-34,Other
C004877,U023339,CMP_CRE,2026-08-16,False,25-34,Gaziantep
C004878,U023341,CMP_CRE,2026-09-15,False,45-54,Istanbul
C004879,U023345,CMP_CRE,2026-07-10,False,25-34,Istanbul
C004880,U023346,CMP_CRE,2026-07-22,False,18-24,Other
C004881,U023349,CMP_CRE,2026-09-28,True,18-24,Istanbul
C004882,U023350,CMP_CRE,2026-08-28,True,18-24,Other
C004883,U023354,CMP_CRE,2026-07-19,False,25-34,Kayseri
C004884,U023359,CMP_CRE,2026-07-01,False,25-34,Istanbul
C004885,U023370,CMP_CRE,2026-08-17,False,35-44,Ankara
C004886,U023371,CMP_CRE,2026-08-21,True,25-34,Istanbul
C004887,U023383,CMP_CRE,2026-09-30,False,18-24,Istanbul
C004888,U023384,CMP_CRE,2026-08-24,False,45-54,Bursa
C004889,U023386,CMP_CRE,2026-08-31,False,18-24,Kocaeli
C004890,U023387,CMP_CRE,2026-07-29,False,18-24,Ankara
C004891,U023388,CMP_CRE,2026-08-31,False,18-24,Istanbul
C004892,U023393,CMP_CRE,2026-07-23,False,25-34,Kocaeli
C004893,U023394,CMP_CRE,2026-07-26,False,25-34,Istanbul
C004894,U023402,CMP_CRE,2026-09-26,False,18-24,Istanbul
C004895,U023404,CMP_CRE,2026-08-22,True,55+,Istanbul
C004896,U023408,CMP_CRE,2026-07-21,False,25-34,Istanbul
C004897,U023413,CMP_CRE,2026-09-02,False,35-44,Istanbul
C004898,U023416,CMP_CRE,2026-09-06,False,18-24,Istanbul
C004899,U023418,CMP_CRE,2026-07-23,False,25-34,Ankara
C004900,U023419,CMP_CRE,2026-09-26,True,25-34,Ankara
C004901,U023420,CMP_CRE,2026-09-09,False,25-34,Istanbul
C004902,U023422,CMP_CRE,2026-08-11,False,25-34,Istanbul
C004903,U023423,CMP_CRE,2026-07-16,False,18-24,Konya
C004904,U023425,CMP_CRE,2026-07-12,True,18-24,Istanbul
C004905,U023426,CMP_CRE,2026-07-14,False,18-24,Istanbul
C004906,U023429,CMP_CRE,2026-09-17,False,25-34,Gaziantep
C004907,U023434,CMP_CRE,2026-07-23,False,35-44,Istanbul
C004908,U023438,CMP_CRE,2026-08-22,True,45-54,Kocaeli
C004909,U023445,CMP_CRE,2026-07-22,False,25-34,Istanbul
C004910,U023446,CMP_CRE,2026-08-13,True,25-34,Gaziantep
C004911,U023447,CMP_CRE,2026-07-12,False,25-34,Ankara
C004912,U023448,CMP_CRE,2026-09-20,False,18-24,Ankara
C004913,U023453,CMP_CRE,2026-07-10,False,25-34,Istanbul
C004914,U023458,CMP_CRE,2026-07-08,False,25-34,Istanbul
C004915,U023459,CMP_CRE,2026-07-26,False,25-34,Istanbul
C004916,U023460,CMP_CRE,2026-08-05,False,35-44,Bursa
C004917,U023461,CMP_CRE,2026-09-06,False,18-24,Istanbul
C004918,U023463,CMP_CRE,2026-08-03,False,25-34,Other
C004919,U023465,CMP_CRE,2026-09-26,False,25-34,Ankara
C004920,U023473,CMP_CRE,2026-08-18,True,25-34,Kayseri
C004921,U023476,CMP_CRE,2026-08-21,False,18-24,Konya
C004922,U023478,CMP_CRE,2026-09-14,False,25-34,Other
C004923,U023496,CMP_CRE,2026-08-19,False,25-34,Kocaeli
C004924,U023498,CMP_CRE,2026-07-09,False,18-24,Other
C004925,U023499,CMP_CRE,2026-08-08,False,18-24,Izmir
C004926,U023500,CMP_CRE,2026-08-31,False,18-24,Istanbul
C004927,U023505,CMP_CRE,2026-07-09,True,35-44,Other
C004928,U023510,CMP_CRE,2026-07-27,False,18-24,Istanbul
C004929,U023512,CMP_CRE,2026-07-07,False,18-24,Ankara
C004930,U023513,CMP_CRE,2026-07-09,False,35-44,Istanbul
C004931,U023516,CMP_CRE,2026-08-19,True,25-34,Istanbul
C004932,U023518,CMP_CRE,2026-09-14,True,18-24,Kocaeli
C004933,U023525,CMP_CRE,2026-08-04,False,25-34,Other
C004934,U023527,CMP_CRE,2026-08-12,False,25-34,Istanbul
C004935,U023529,CMP_CRE,2026-09-05,False,25-34,Istanbul
C004936,U023530,CMP_CRE,2026-07-23,False,18-24,Ankara
C004937,U023533,CMP_CRE,2026-07-18,True,25-34,Istanbul
C004938,U023534,CMP_CRE,2026-09-30,False,25-34,Istanbul
C004939,U023535,CMP_CRE,2026-08-22,False,18-24,Istanbul
C004940,U023543,CMP_CRE,2026-07-09,False,18-24,Izmir
C004941,U023549,CMP_CRE,2026-07-08,False,45-54,Other
C004942,U023552,CMP_CRE,2026-07-26,False,35-44,Istanbul
C004943,U023554,CMP_CRE,2026-07-21,False,25-34,Antalya
C004944,U023555,CMP_CRE,2026-09-29,False,25-34,Izmir
C004945,U023559,CMP_CRE,2026-08-30,False,25-34,Gaziantep
C004946,U023564,CMP_CRE,2026-07-21,False,18-24,Ankara
C004947,U023565,CMP_CRE,2026-07-09,False,35-44,Bursa
C004948,U023566,CMP_CRE,2026-09-16,False,25-34,Other
C004949,U023567,CMP_CRE,2026-09-01,False,25-34,Kocaeli
C004950,U023569,CMP_CRE,2026-08-31,False,18-24,Other
C004951,U023570,CMP_CRE,2026-08-22,False,25-34,Konya
C004952,U023575,CMP_CRE,2026-07-24,True,25-34,Istanbul
C004953,U023577,CMP_CRE,2026-07-22,False,45-54,Bursa
C004954,U023580,CMP_CRE,2026-07-09,False,25-34,Ankara
C004955,U023581,CMP_CRE,2026-09-27,False,18-24,Istanbul
C004956,U023582,CMP_CRE,2026-09-30,False,25-34,Konya
C004957,U023585,CMP_CRE,2026-09-26,True,35-44,Istanbul
C004958,U023586,CMP_CRE,2026-09-25,False,25-34,Istanbul
C004959,U023587,CMP_CRE,2026-08-03,False,35-44,Gaziantep
C004960,U023588,CMP_CRE,2026-07-13,False,25-34,Other
C004961,U023593,CMP_CRE,2026-08-07,True,45-54,Other
C004962,U023594,CMP_CRE,2026-08-08,False,25-34,Other
C004963,U023595,CMP_CRE,2026-07-24,False,18-24,Bursa
C004964,U023603,CMP_CRE,2026-08-03,False,45-54,Other
C004965,U023605,CMP_CRE,2026-07-28,False,18-24,Istanbul
C004966,U023607,CMP_CRE,2026-07-09,False,25-34,Istanbul
C004967,U023609,CMP_CRE,2026-09-30,False,25-34,Ankara
C004968,U023618,CMP_CRE,2026-09-03,False,25-34,Istanbul
C004969,U023620,CMP_CRE,2026-08-20,True,35-44,Istanbul
C004970,U023623,CMP_CRE,2026-08-07,False,18-24,Other
C004971,U023625,CMP_CRE,2026-08-06,False,18-24,Konya
C004972,U023626,CMP_CRE,2026-09-02,False,25-34,Istanbul
C004973,U023636,CMP_CRE,2026-09-03,False,25-34,Other
C004974,U023637,CMP_CRE,2026-09-27,False,18-24,Istanbul
C004975,U023639,CMP_CRE,2026-09-05,False,25-34,Kayseri
C004976,U023640,CMP_CRE,2026-08-18,False,18-24,Konya
C004977,U023641,CMP_CRE,2026-08-18,False,18-24,Other
C004978,U023646,CMP_CRE,2026-09-02,False,25-34,Istanbul
C004979,U023649,CMP_CRE,2026-09-15,True,18-24,Antalya
C004980,U023650,CMP_CRE,2026-07-27,False,25-34,Kayseri
C004981,U023654,CMP_CRE,2026-09-04,False,45-54,Ankara
C004982,U023658,CMP_CRE,2026-08-26,False,25-34,Bursa
C004983,U023659,CMP_CRE,2026-09-27,False,18-24,Istanbul
C004984,U023660,CMP_CRE,2026-07-21,False,35-44,Ankara
C004985,U023663,CMP_CRE,2026-09-02,False,25-34,Other
C004986,U023667,CMP_CRE,2026-07-07,False,18-24,Istanbul
C004987,U023669,CMP_CRE,2026-08-19,False,35-44,Konya
C004988,U023672,CMP_CRE,2026-08-21,False,18-24,Istanbul
C004989,U023674,CMP_CRE,2026-09-10,False,18-24,Other
C004990,U023675,CMP_CRE,2026-07-24,False,25-34,Istanbul
C004991,U023678,CMP_CRE,2026-09-20,False,45-54,Antalya
C004992,U023683,CMP_CRE,2026-07-22,False,45-54,Other
C004993,U023685,CMP_CRE,2026-07-12,False,25-34,Bursa
C004994,U023687,CMP_CRE,2026-08-07,False,25-34,Ankara
C004995,U023688,CMP_CRE,2026-08-17,False,45-54,Istanbul
C004996,U023690,CMP_CRE,2026-09-04,False,45-54,Ankara
C004997,U023695,CMP_CRE,2026-08-08,False,25-34,Bursa
C004998,U023697,CMP_CRE,2026-09-27,False,25-34,Other
C004999,U023699,CMP_CRE,2026-07-24,False,18-24,Istanbul
C005000,U023703,CMP_CRE,2026-09-16,True,25-34,Kocaeli
C005001,U023707,CMP_CRE,2026-09-08,False,35-44,Istanbul
C005002,U023717,CMP_CRE,2026-08-22,False,25-34,Ankara
C005003,U023718,CMP_CRE,2026-07-23,False,18-24,Ankara
C005004,U023720,CMP_CRE,2026-08-21,False,25-34,Other
C005005,U023731,CMP_CRE,2026-08-19,False,25-34,Istanbul
C005006,U023733,CMP_CRE,2026-09-14,False,18-24,Other
C005007,U023740,CMP_CRE,2026-07-06,False,18-24,Kocaeli
C005008,U023746,CMP_CRE,2026-09-06,False,18-24,Other
C005009,U023748,CMP_CRE,2026-09-20,True,18-24,Ankara
C005010,U023754,CMP_CRE,2026-08-31,False,18-24,Kayseri
C005011,U023757,CMP_CRE,2026-08-06,False,18-24,Ankara
C005012,U023761,CMP_CRE,2026-09-03,False,18-24,Istanbul
C005013,U023767,CMP_CRE,2026-08-17,False,18-24,Other
C005014,U023772,CMP_CRE,2026-08-23,False,25-34,Izmir
C005015,U023773,CMP_CRE,2026-08-31,False,25-34,Istanbul
C005016,U023774,CMP_CRE,2026-09-25,False,35-44,Antalya
C005017,U023778,CMP_CRE,2026-09-25,False,25-34,Istanbul
C005018,U023784,CMP_CRE,2026-09-03,False,55+,Kayseri
C005019,U023785,CMP_CRE,2026-08-04,False,35-44,Istanbul
C005020,U023790,CMP_CRE,2026-08-17,False,35-44,Istanbul
C005021,U023791,CMP_CRE,2026-07-09,False,18-24,Istanbul
C005022,U023803,CMP_CRE,2026-08-09,False,25-34,Other
C005023,U023804,CMP_CRE,2026-09-14,False,25-34,Izmir
C005024,U023807,CMP_CRE,2026-09-14,True,25-34,Ankara
C005025,U023810,CMP_CRE,2026-08-29,True,18-24,Konya
C005026,U023813,CMP_CRE,2026-09-21,False,25-34,Istanbul
C005027,U023814,CMP_CRE,2026-08-19,True,18-24,Izmir
C005028,U023815,CMP_CRE,2026-08-05,False,25-34,Izmir
C005029,U023817,CMP_CRE,2026-09-17,False,18-24,Other
C005030,U023819,CMP_CRE,2026-07-07,False,35-44,Istanbul
C005031,U023820,CMP_CRE,2026-09-09,False,25-34,Other
C005032,U023826,CMP_CRE,2026-09-14,True,25-34,Ankara
C005033,U023832,CMP_CRE,2026-08-03,False,25-34,Other
C005034,U023836,CMP_CRE,2026-08-04,False,25-34,Ankara
C005035,U023837,CMP_CRE,2026-09-17,True,18-24,Istanbul
C005036,U023839,CMP_CRE,2026-09-15,False,18-24,Other
C005037,U023841,CMP_CRE,2026-08-05,False,45-54,Istanbul
C005038,U023844,CMP_CRE,2026-08-31,False,18-24,Kocaeli
C005039,U023845,CMP_CRE,2026-07-22,False,18-24,Other
C005040,U023848,CMP_CRE,2026-08-12,False,45-54,Istanbul
C005041,U023852,CMP_CRE,2026-08-02,False,18-24,Konya
C005042,U023876,CMP_CRE,2026-09-23,True,18-24,Ankara
C005043,U023878,CMP_CRE,2026-08-06,False,25-34,Istanbul
C005044,U023883,CMP_CRE,2026-09-14,False,45-54,Istanbul
C005045,U023885,CMP_CRE,2026-07-13,False,25-34,Other
C005046,U023890,CMP_CRE,2026-09-25,False,18-24,Ankara
C005047,U023893,CMP_CRE,2026-08-30,False,18-24,Other
C005048,U023895,CMP_CRE,2026-07-26,False,18-24,Antalya
C005049,U023896,CMP_CRE,2026-09-17,False,25-34,Bursa
C005050,U023901,CMP_CRE,2026-08-05,False,18-24,Bursa
C005051,U023903,CMP_CRE,2026-08-31,False,25-34,Istanbul
C005052,U023904,CMP_CRE,2026-08-02,True,55+,Antalya
C005053,U023905,CMP_CRE,2026-08-20,False,25-34,Istanbul
C005054,U023910,CMP_CRE,2026-08-15,False,18-24,Istanbul
C005055,U023911,CMP_CRE,2026-07-09,False,18-24,Istanbul
C005056,U023912,CMP_CRE,2026-09-09,False,35-44,Istanbul
C005057,U023918,CMP_CRE,2026-09-16,True,25-34,Kocaeli
C005058,U023925,CMP_CRE,2026-07-07,False,35-44,Konya
C005059,U023933,CMP_CRE,2026-08-08,False,35-44,Istanbul
C005060,U023935,CMP_CRE,2026-09-01,False,25-34,Izmir
C005061,U023939,CMP_CRE,2026-07-15,True,45-54,Istanbul
C005062,U023942,CMP_CRE,2026-09-10,False,18-24,Istanbul
C005063,U023953,CMP_CRE,2026-08-17,False,18-24,Kocaeli
C005064,U023954,CMP_CRE,2026-09-01,False,25-34,Ankara
C005065,U023955,CMP_CRE,2026-09-01,False,25-34,Other
C005066,U023956,CMP_CRE,2026-09-26,False,35-44,Istanbul
C005067,U023959,CMP_CRE,2026-07-25,False,25-34,Istanbul
C005068,U023963,CMP_CRE,2026-09-15,False,25-34,Istanbul
C005069,U023969,CMP_CRE,2026-07-28,False,25-34,Istanbul
C005070,U023970,CMP_CRE,2026-08-18,True,35-44,Other
C005071,U023971,CMP_CRE,2026-09-03,False,25-34,Bursa
C005072,U023973,CMP_CRE,2026-07-21,False,25-34,Ankara
C005073,U023975,CMP_CRE,2026-08-12,False,18-24,Istanbul
C005074,U023976,CMP_CRE,2026-08-31,False,25-34,Bursa
C005075,U023979,CMP_CRE,2026-08-18,False,18-24,Bursa
C005076,U023988,CMP_CRE,2026-09-27,False,18-24,Ankara
C005077,U023991,CMP_CRE,2026-07-27,False,18-24,Istanbul
C005078,U023994,CMP_CRE,2026-07-07,False,18-24,Kocaeli
C005079,U023995,CMP_CRE,2026-07-14,False,35-44,Ankara
C005080,U023998,CMP_CRE,2026-08-17,False,25-34,Istanbul
C005081,U023999,CMP_CRE,2026-07-08,False,25-34,Konya
C005082,U024000,CMP_CRE,2026-07-24,False,18-24,Istanbul
C005083,U024004,CMP_CRE,2026-09-18,False,25-34,Other
C005084,U024008,CMP_CRE,2026-07-25,True,25-34,Istanbul
C005085,U024009,CMP_CRE,2026-07-24,False,25-34,Istanbul
C005086,U024011,CMP_CRE,2026-09-28,False,25-34,Istanbul
C005087,U024013,CMP_CRE,2026-08-11,False,35-44,Izmir
C005088,U024016,CMP_CRE,2026-09-27,False,25-34,Istanbul
C005089,U024021,CMP_CRE,2026-07-25,False,18-24,Kocaeli
C005090,U024023,CMP_CRE,2026-08-09,True,25-34,Istanbul
C005091,U024024,CMP_CRE,2026-07-10,False,18-24,Istanbul
C005092,U024025,CMP_CRE,2026-09-13,False,45-54,Istanbul
C005093,U024035,CMP_CRE,2026-08-04,False,35-44,Izmir
C005094,U024037,CMP_CRE,2026-08-04,False,18-24,Istanbul
C005095,U024052,CMP_CRE,2026-08-21,False,25-34,Istanbul
C005096,U024056,CMP_CRE,2026-08-04,False,25-34,Kocaeli
C005097,U024058,CMP_CRE,2026-08-06,False,18-24,Bursa
C005098,U024061,CMP_CRE,2026-09-03,True,35-44,Istanbul
C005099,U024066,CMP_CRE,2026-08-17,False,35-44,Istanbul
C005100,U024068,CMP_CRE,2026-08-20,False,25-34,Istanbul
C005101,U024070,CMP_CRE,2026-09-18,True,18-24,Istanbul
C005102,U024073,CMP_CRE,2026-07-02,False,18-24,Other
C005103,U024074,CMP_CRE,2026-09-04,False,18-24,Ankara
C005104,U024081,CMP_CRE,2026-07-21,False,18-24,Istanbul
C005105,U024086,CMP_CRE,2026-07-07,True,25-34,Konya
C005106,U024088,CMP_CRE,2026-09-20,False,18-24,Ankara
C005107,U024089,CMP_CRE,2026-08-17,False,25-34,Istanbul
C005108,U024090,CMP_CRE,2026-07-27,False,25-34,Ankara
C005109,U024091,CMP_CRE,2026-08-05,False,18-24,Ankara
C005110,U024093,CMP_CRE,2026-07-09,False,18-24,Ankara
C005111,U024103,CMP_CRE,2026-09-17,False,35-44,Ankara
C005112,U024110,CMP_CRE,2026-09-17,False,25-34,Konya
C005113,U024111,CMP_CRE,2026-09-01,False,18-24,Istanbul
C005114,U024112,CMP_CRE,2026-07-07,False,18-24,Kocaeli
C005115,U024113,CMP_CRE,2026-09-15,False,25-34,Bursa
C005116,U024117,CMP_CRE,2026-07-22,False,35-44,Kocaeli
C005117,U024121,CMP_CRE,2026-08-10,False,25-34,Bursa
C005118,U024123,CMP_CRE,2026-09-30,False,18-24,Other
C005119,U024126,CMP_CRE,2026-09-05,False,18-24,Other
C005120,U024130,CMP_CRE,2026-08-08,False,25-34,Istanbul
C005121,U024140,CMP_CRE,2026-07-11,False,25-34,Konya
C005122,U024142,CMP_CRE,2026-07-08,False,25-34,Istanbul
C005123,U024143,CMP_CRE,2026-08-04,False,25-34,Istanbul
C005124,U024150,CMP_CRE,2026-09-27,False,18-24,Bursa
C005125,U024151,CMP_CRE,2026-08-22,False,35-44,Istanbul
C005126,U024155,CMP_CRE,2026-07-25,False,25-34,Istanbul
C005127,U024162,CMP_CRE,2026-08-07,False,18-24,Konya
C005128,U024166,CMP_CRE,2026-09-18,False,25-34,Istanbul
C005129,U024167,CMP_CRE,2026-09-13,False,25-34,Ankara
C005130,U024174,CMP_CRE,2026-07-09,False,55+,Istanbul
C005131,U024176,CMP_CRE,2026-08-05,False,18-24,Other
C005132,U024180,CMP_CRE,2026-07-16,False,18-24,Istanbul
C005133,U024184,CMP_CRE,2026-09-04,True,45-54,Other
C005134,U024186,CMP_CRE,2026-07-29,False,18-24,Izmir
C005135,U024188,CMP_CRE,2026-08-04,False,25-34,Ankara
C005136,U024191,CMP_CRE,2026-09-16,False,25-34,Istanbul
C005137,U024192,CMP_CRE,2026-07-23,False,25-34,Gaziantep
C005138,U024202,CMP_CRE,2026-07-10,False,25-34,Istanbul
C005139,U024203,CMP_CRE,2026-09-10,False,18-24,Izmir
C005140,U024204,CMP_CRE,2026-09-14,False,25-34,Ankara
C005141,U024206,CMP_CRE,2026-07-11,False,18-24,Other
C005142,U024209,CMP_CRE,2026-07-28,True,25-34,Izmir
C005143,U024213,CMP_CRE,2026-07-08,False,35-44,Istanbul
C005144,U024218,CMP_CRE,2026-07-08,False,18-24,Istanbul
C005145,U024227,CMP_CRE,2026-09-20,True,35-44,Istanbul
C005146,U024248,CMP_CRE,2026-09-03,False,25-34,Istanbul
C005147,U024250,CMP_CRE,2026-09-30,False,18-24,Izmir
C005148,U024253,CMP_CRE,2026-07-23,True,35-44,Kocaeli
C005149,U024255,CMP_CRE,2026-09-15,False,18-24,Other
C005150,U024256,CMP_CRE,2026-09-26,False,18-24,Other
C005151,U024258,CMP_CRE,2026-07-07,False,18-24,Istanbul
C005152,U024262,CMP_CRE,2026-08-28,False,18-24,Istanbul
C005153,U024264,CMP_CRE,2026-09-03,True,25-34,Bursa
C005154,U024265,CMP_CRE,2026-08-04,False,18-24,Ankara
C005155,U024266,CMP_CRE,2026-07-08,False,25-34,Istanbul
C005156,U024270,CMP_CRE,2026-07-23,False,18-24,Istanbul
C005157,U024273,CMP_CRE,2026-07-21,True,45-54,Konya
C005158,U024277,CMP_CRE,2026-09-05,False,18-24,Istanbul
C005159,U024282,CMP_CRE,2026-08-31,False,25-34,Istanbul
C005160,U024284,CMP_CRE,2026-09-20,False,18-24,Istanbul
C005161,U024289,CMP_CRE,2026-09-27,False,25-34,Other
C005162,U024294,CMP_CRE,2026-08-04,False,55+,Istanbul
C005163,U024295,CMP_CRE,2026-09-27,False,45-54,Izmir
C005164,U024300,CMP_CRE,2026-09-24,False,55+,Kocaeli
C005165,U024314,CMP_CRE,2026-08-31,True,25-34,Istanbul
C005166,U024315,CMP_CRE,2026-07-06,False,18-24,Istanbul
C005167,U024317,CMP_CRE,2026-08-11,False,25-34,Istanbul
C005168,U024318,CMP_CRE,2026-07-08,False,18-24,Other
C005169,U024324,CMP_CRE,2026-08-07,False,18-24,Istanbul
C005170,U024327,CMP_CRE,2026-09-28,False,18-24,Istanbul
C005171,U024328,CMP_CRE,2026-09-17,False,18-24,Konya
C005172,U024329,CMP_CRE,2026-07-23,True,18-24,Istanbul
C005173,U024330,CMP_CRE,2026-08-04,False,35-44,Istanbul
C005174,U024333,CMP_CRE,2026-09-03,False,25-34,Istanbul
C005175,U024337,CMP_CRE,2026-09-26,True,18-24,Other
C005176,U024341,CMP_CRE,2026-07-24,False,18-24,Konya
C005177,U024345,CMP_CRE,2026-09-04,False,18-24,Kocaeli
C005178,U024346,CMP_CRE,2026-07-22,False,25-34,Istanbul
C005179,U024348,CMP_CRE,2026-08-05,False,18-24,Izmir
C005180,U024350,CMP_CRE,2026-08-31,False,35-44,Istanbul
C005181,U024355,CMP_CRE,2026-07-28,True,25-34,Istanbul
C005182,U024359,CMP_CRE,2026-07-28,False,25-34,Istanbul
C005183,U024360,CMP_CRE,2026-07-23,False,25-34,Ankara
C005184,U024363,CMP_CRE,2026-09-06,False,18-24,Istanbul
C005185,U024367,CMP_CRE,2026-07-14,False,45-54,Other
C005186,U024368,CMP_CRE,2026-09-28,True,18-24,Other
C005187,U024369,CMP_CRE,2026-08-30,False,35-44,Istanbul
C005188,U024370,CMP_CRE,2026-09-17,False,18-24,Other
C005189,U024374,CMP_CRE,2026-09-15,False,25-34,Other
C005190,U024379,CMP_CRE,2026-08-19,False,55+,Izmir
C005191,U024385,CMP_CRE,2026-08-08,True,25-34,Ankara
C005192,U024398,CMP_CRE,2026-08-06,False,18-24,Istanbul
C005193,U024399,CMP_CRE,2026-08-04,False,18-24,Istanbul
C005194,U024400,CMP_CRE,2026-09-03,False,18-24,Gaziantep
C005195,U024401,CMP_CRE,2026-09-12,True,25-34,Ankara
C005196,U024402,CMP_CRE,2026-09-05,False,25-34,Istanbul
C005197,U024405,CMP_CRE,2026-08-12,False,25-34,Izmir
C005198,U024407,CMP_CRE,2026-07-10,True,25-34,Ankara
C005199,U024409,CMP_CRE,2026-08-05,False,25-34,Istanbul
C005200,U024415,CMP_CRE,2026-09-01,False,18-24,Other
C005201,U024417,CMP_CRE,2026-08-05,False,25-34,Gaziantep
C005202,U024418,CMP_CRE,2026-09-26,False,18-24,Other
C005203,U024419,CMP_CRE,2026-07-09,False,25-34,Konya
C005204,U024422,CMP_CRE,2026-08-31,False,25-34,Other
C005205,U024432,CMP_CRE,2026-09-25,False,18-24,Ankara
C005206,U024436,CMP_CRE,2026-08-03,True,18-24,Istanbul
C005207,U024441,CMP_CRE,2026-09-17,False,25-34,Bursa
C005208,U024442,CMP_CRE,2026-08-08,False,25-34,Antalya
C005209,U024445,CMP_CRE,2026-08-13,False,45-54,Other
C005210,U024450,CMP_CRE,2026-09-25,False,18-24,Ankara
C005211,U024451,CMP_CRE,2026-09-05,False,25-34,Kocaeli
C005212,U024453,CMP_CRE,2026-07-09,False,25-34,Istanbul
C005213,U024457,CMP_CRE,2026-09-02,False,25-34,Istanbul
C005214,U024459,CMP_CRE,2026-09-08,False,18-24,Istanbul
C005215,U024462,CMP_CRE,2026-07-25,False,45-54,Istanbul
C005216,U024465,CMP_CRE,2026-09-25,True,25-34,Other
C005217,U024467,CMP_CRE,2026-09-07,False,25-34,Other
C005218,U024470,CMP_CRE,2026-09-03,True,18-24,Bursa
C005219,U024471,CMP_CRE,2026-09-22,False,55+,Izmir
C005220,U024472,CMP_CRE,2026-07-29,False,25-34,Ankara
C005221,U024475,CMP_CRE,2026-07-08,False,25-34,Istanbul
C005222,U024476,CMP_CRE,2026-09-23,False,18-24,Bursa
C005223,U024482,CMP_CRE,2026-09-14,True,55+,Istanbul
C005224,U024485,CMP_CRE,2026-09-15,False,18-24,Istanbul
C005225,U024486,CMP_CRE,2026-07-09,False,35-44,Ankara
C005226,U024494,CMP_CRE,2026-08-17,True,18-24,Istanbul
C005227,U024496,CMP_CRE,2026-07-04,False,25-34,Istanbul
C005228,U024499,CMP_CRE,2026-07-26,False,25-34,Istanbul
C005229,U024500,CMP_CRE,2026-07-07,False,25-34,Other
C005230,U024504,CMP_CRE,2026-07-25,False,25-34,Ankara
C005231,U024505,CMP_CRE,2026-09-14,False,18-24,Other
C005232,U024506,CMP_CRE,2026-09-09,True,18-24,Istanbul
C005233,U024508,CMP_CRE,2026-09-08,False,25-34,Antalya
C005234,U024509,CMP_CRE,2026-08-09,False,18-24,Kayseri
C005235,U024513,CMP_CRE,2026-09-27,False,18-24,Istanbul
C005236,U024516,CMP_CRE,2026-09-29,True,18-24,Other
C005237,U024522,CMP_CRE,2026-07-17,False,25-34,Istanbul
C005238,U024524,CMP_CRE,2026-09-16,False,25-34,Istanbul
C005239,U024536,CMP_CRE,2026-09-19,False,25-34,Konya
C005240,U024539,CMP_CRE,2026-09-12,False,25-34,Konya
C005241,U024542,CMP_CRE,2026-08-23,False,18-24,Antalya
C005242,U024544,CMP_CRE,2026-08-18,False,25-34,Other
C005243,U024547,CMP_CRE,2026-09-14,False,25-34,Other
C005244,U024548,CMP_CRE,2026-07-21,False,35-44,Istanbul
C005245,U024549,CMP_CRE,2026-09-15,False,18-24,Other
C005246,U024556,CMP_CRE,2026-09-28,False,45-54,Istanbul
C005247,U024559,CMP_CRE,2026-08-19,True,55+,Konya
C005248,U024560,CMP_CRE,2026-08-31,False,25-34,Other
C005249,U024562,CMP_CRE,2026-07-24,False,35-44,Konya
C005250,U024569,CMP_CRE,2026-08-04,False,18-24,Istanbul
C005251,U024570,CMP_CRE,2026-09-30,False,18-24,Izmir
C005252,U024571,CMP_CRE,2026-08-31,False,25-34,Istanbul
C005253,U024581,CMP_CRE,2026-08-09,True,25-34,Istanbul
C005254,U024582,CMP_CRE,2026-09-01,False,18-24,Istanbul
C005255,U024585,CMP_CRE,2026-08-19,True,18-24,Istanbul
C005256,U024594,CMP_CRE,2026-08-24,False,18-24,Ankara
C005257,U024597,CMP_CRE,2026-07-21,False,18-24,Istanbul
C005258,U024600,CMP_CRE,2026-07-08,False,25-34,Istanbul
C005259,U024604,CMP_CRE,2026-08-06,True,45-54,Istanbul
C005260,U024609,CMP_CRE,2026-08-06,False,18-24,Other
C005261,U024610,CMP_CRE,2026-07-08,False,18-24,Bursa
C005262,U024612,CMP_CRE,2026-08-06,True,18-24,Istanbul
C005263,U024613,CMP_CRE,2026-09-15,False,25-34,Bursa
C005264,U024620,CMP_CRE,2026-07-25,False,25-34,Konya
C005265,U024624,CMP_CRE,2026-09-04,False,25-34,Istanbul
C005266,U024625,CMP_CRE,2026-07-08,False,18-24,Other
C005267,U024629,CMP_CRE,2026-09-25,False,25-34,Ankara
C005268,U024632,CMP_CRE,2026-09-27,False,35-44,Gaziantep
C005269,U024639,CMP_CRE,2026-07-08,False,25-34,Gaziantep
C005270,U024643,CMP_CRE,2026-08-01,False,18-24,Istanbul
C005271,U024646,CMP_CRE,2026-08-25,False,18-24,Other
C005272,U024648,CMP_CRE,2026-09-12,True,35-44,Istanbul
C005273,U024649,CMP_CRE,2026-07-22,False,25-34,Ankara
C005274,U024653,CMP_CRE,2026-08-31,False,18-24,Istanbul
C005275,U024661,CMP_CRE,2026-07-08,False,25-34,Istanbul
C005276,U024668,CMP_CRE,2026-09-14,False,35-44,Other
C005277,U024674,CMP_CRE,2026-09-26,False,18-24,Antalya
C005278,U024685,CMP_CRE,2026-07-18,False,18-24,Istanbul
C005279,U024692,CMP_CRE,2026-08-11,False,25-34,Istanbul
C005280,U024693,CMP_CRE,2026-08-27,False,25-34,Bursa
C005281,U024694,CMP_CRE,2026-08-05,False,18-24,Bursa
C005282,U024700,CMP_CRE,2026-09-14,False,25-34,Other
C005283,U024707,CMP_CRE,2026-08-29,False,18-24,Bursa
C005284,U024711,CMP_CRE,2026-09-18,False,18-24,Konya
C005285,U024712,CMP_CRE,2026-08-01,False,35-44,Other
C005286,U024715,CMP_CRE,2026-08-31,False,18-24,Istanbul
C005287,U024722,CMP_CRE,2026-08-03,True,18-24,Istanbul
C005288,U024724,CMP_CRE,2026-07-23,False,55+,Izmir
C005289,U024725,CMP_CRE,2026-09-26,False,35-44,Izmir
C005290,U024727,CMP_CRE,2026-09-16,False,18-24,Izmir
C005291,U024736,CMP_CRE,2026-08-03,False,18-24,Istanbul
C005292,U024740,CMP_CRE,2026-07-08,False,18-24,Ankara
C005293,U024741,CMP_CRE,2026-07-01,True,25-34,Istanbul
C005294,U024742,CMP_CRE,2026-07-10,True,25-34,Izmir
C005295,U024744,CMP_CRE,2026-09-04,False,25-34,Istanbul
C005296,U024747,CMP_CRE,2026-07-24,False,18-24,Istanbul
C005297,U024750,CMP_CRE,2026-07-27,False,25-34,Istanbul
C005298,U024751,CMP_CRE,2026-08-05,False,18-24,Gaziantep
C005299,U024754,CMP_CRE,2026-09-18,False,18-24,Istanbul
C005300,U024755,CMP_CRE,2026-09-27,True,25-34,Ankara
C005301,U024764,CMP_CRE,2026-08-04,True,25-34,Istanbul
C005302,U024766,CMP_CRE,2026-08-31,False,18-24,Konya
C005303,U024767,CMP_CRE,2026-07-12,False,25-34,Bursa
C005304,U024768,CMP_CRE,2026-08-09,False,35-44,Antalya
C005305,U024769,CMP_CRE,2026-07-10,True,18-24,Istanbul
C005306,U024777,CMP_CRE,2026-09-02,False,25-34,Other
C005307,U024781,CMP_CRE,2026-08-19,False,35-44,Istanbul
C005308,U024782,CMP_CRE,2026-07-08,False,25-34,Other
C005309,U024793,CMP_CRE,2026-08-18,False,18-24,Kocaeli
C005310,U024796,CMP_CRE,2026-09-14,False,18-24,Istanbul
C005311,U024802,CMP_CRE,2026-07-07,False,25-34,Ankara
C005312,U024803,CMP_CRE,2026-07-21,False,18-24,Other
C005313,U024804,CMP_CRE,2026-08-18,False,25-34,Other
C005314,U024810,CMP_CRE,2026-08-25,False,18-24,Istanbul
C005315,U024811,CMP_CRE,2026-07-08,False,25-34,Kayseri
C005316,U024813,CMP_CRE,2026-08-05,True,18-24,Istanbul
C005317,U024820,CMP_CRE,2026-07-11,False,18-24,Istanbul
C005318,U024821,CMP_CRE,2026-07-23,False,25-34,Istanbul
C005319,U024822,CMP_CRE,2026-08-18,False,45-54,Ankara
C005320,U024825,CMP_CRE,2026-07-10,False,18-24,Kayseri
C005321,U024827,CMP_CRE,2026-07-10,False,45-54,Other
C005322,U024828,CMP_CRE,2026-07-22,False,18-24,Izmir
C005323,U024829,CMP_CRE,2026-07-13,True,25-34,Other
C005324,U024831,CMP_CRE,2026-08-15,True,25-34,Izmir
C005325,U024832,CMP_CRE,2026-07-13,False,18-24,Other
C005326,U024833,CMP_CRE,2026-07-04,False,18-24,Ankara
C005327,U024836,CMP_CRE,2026-07-07,False,18-24,Other
C005328,U024840,CMP_CRE,2026-08-09,False,25-34,Other
C005329,U024842,CMP_CRE,2026-07-24,False,25-34,Istanbul
C005330,U024847,CMP_CRE,2026-08-23,False,18-24,Istanbul
C005331,U024851,CMP_CRE,2026-07-21,False,18-24,Istanbul
C005332,U024854,CMP_CRE,2026-07-22,False,25-34,Gaziantep
C005333,U024856,CMP_CRE,2026-07-09,True,25-34,Konya
C005334,U024858,CMP_CRE,2026-09-04,False,25-34,Ankara
C005335,U024859,CMP_CRE,2026-09-20,True,35-44,Antalya
C005336,U024863,CMP_CRE,2026-09-02,True,25-34,Ankara
C005337,U024865,CMP_CRE,2026-07-21,False,25-34,Ankara
C005338,U024868,CMP_CRE,2026-07-10,False,18-24,Kocaeli
C005339,U024869,CMP_CRE,2026-08-17,False,18-24,Other
C005340,U024871,CMP_CRE,2026-07-21,False,25-34,Izmir
C005341,U024877,CMP_CRE,2026-08-19,False,18-24,Izmir
C005342,U024879,CMP_CRE,2026-07-11,False,18-24,Izmir
C005343,U024881,CMP_CRE,2026-09-06,False,18-24,Istanbul
C005344,U024883,CMP_CRE,2026-08-17,False,18-24,Izmir
C005345,U024885,CMP_CRE,2026-07-07,False,18-24,Ankara
C005346,U024886,CMP_CRE,2026-08-15,True,35-44,Istanbul
C005347,U024890,CMP_CRE,2026-08-31,False,25-34,Istanbul
C005348,U024891,CMP_CRE,2026-09-04,False,18-24,Ankara
C005349,U024892,CMP_CRE,2026-09-03,False,25-34,Istanbul
C005350,U024894,CMP_CRE,2026-07-23,False,18-24,Izmir
C005351,U024902,CMP_CRE,2026-07-11,True,18-24,Istanbul
C005352,U024912,CMP_CRE,2026-08-03,True,25-34,Istanbul
C005353,U024914,CMP_CRE,2026-08-19,True,35-44,Ankara
C005354,U024919,CMP_CRE,2026-08-25,False,25-34,Other
C005355,U024922,CMP_CRE,2026-08-08,False,18-24,Konya
C005356,U024925,CMP_CRE,2026-09-27,False,25-34,Other
C005357,U024926,CMP_CRE,2026-08-19,False,18-24,Other
C005358,U024927,CMP_CRE,2026-09-02,False,18-24,Other
C005359,U024933,CMP_CRE,2026-09-18,False,35-44,Ankara
C005360,U024935,CMP_CRE,2026-09-26,True,55+,Istanbul
C005361,U024936,CMP_CRE,2026-09-19,True,25-34,Istanbul
C005362,U024940,CMP_CRE,2026-08-31,True,25-34,Konya
C005363,U024941,CMP_CRE,2026-08-21,True,18-24,Istanbul
C005364,U024945,CMP_CRE,2026-09-04,True,55+,Konya
C005365,U024949,CMP_CRE,2026-07-07,True,25-34,Other
C005366,U024954,CMP_CRE,2026-08-12,False,18-24,Bursa
C005367,U024958,CMP_CRE,2026-09-14,True,35-44,Izmir
C005368,U024961,CMP_CRE,2026-09-01,False,25-34,Other
C005369,U024965,CMP_CRE,2026-08-19,False,45-54,Izmir
C005370,U024966,CMP_CRE,2026-07-24,False,25-34,Other
C005371,U024975,CMP_CRE,2026-09-14,False,18-24,Other
C005372,U024976,CMP_CRE,2026-09-29,False,18-24,Istanbul
C005373,U024980,CMP_CRE,2026-09-05,False,18-24,Istanbul
C005374,U024982,CMP_CRE,2026-07-21,True,25-34,Konya
C005375,U024983,CMP_CRE,2026-07-06,False,35-44,Izmir
C005376,U024986,CMP_CRE,2026-09-30,False,18-24,Istanbul
C005377,U024989,CMP_CRE,2026-07-27,False,35-44,Other
C005378,U024992,CMP_CRE,2026-07-24,False,25-34,Istanbul
C005379,U024999,CMP_CRE,2026-09-05,False,18-24,Other
C005380,U025001,CMP_BANK,2026-09-26,True,45-54,Istanbul
C005381,U025002,CMP_BANK,2026-09-12,True,45-54,Ankara
C005382,U025004,CMP_BANK,2026-08-11,True,25-34,Other
C005383,U025005,CMP_BANK,2026-07-28,True,45-54,Antalya
C005384,U025007,CMP_BANK,2026-07-05,True,35-44,Konya
C005385,U025008,CMP_BANK,2026-07-15,True,25-34,Istanbul
C005386,U025009,CMP_BANK,2026-07-16,True,45-54,Istanbul
C005387,U025013,CMP_BANK,2026-07-07,True,25-34,Konya
C005388,U025016,CMP_BANK,2026-08-10,True,55+,Istanbul
C005389,U025017,CMP_BANK,2026-07-14,True,55+,Istanbul
C005390,U025018,CMP_BANK,2026-08-28,True,55+,Istanbul
C005391,U025019,CMP_BANK,2026-07-12,True,35-44,Antalya
C005392,U025025,CMP_BANK,2026-09-26,True,45-54,Istanbul
C005393,U025027,CMP_BANK,2026-08-23,True,55+,Istanbul
C005394,U025028,CMP_BANK,2026-07-20,True,45-54,Ankara
C005395,U025029,CMP_BANK,2026-08-11,True,18-24,Istanbul
C005396,U025031,CMP_BANK,2026-09-14,True,35-44,Istanbul
C005397,U025032,CMP_BANK,2026-07-20,True,45-54,Istanbul
C005398,U025033,CMP_BANK,2026-07-23,True,55+,Other
C005399,U025035,CMP_BANK,2026-08-18,True,45-54,Istanbul
C005400,U025036,CMP_BANK,2026-07-07,True,18-24,Ankara
C005401,U025037,CMP_BANK,2026-08-03,True,55+,Izmir
C005402,U025038,CMP_BANK,2026-07-05,True,25-34,Other
C005403,U025039,CMP_BANK,2026-07-17,True,18-24,Istanbul
C005404,U025040,CMP_BANK,2026-09-29,True,45-54,Istanbul
C005405,U025041,CMP_BANK,2026-07-03,True,45-54,Istanbul
C005406,U025043,CMP_BANK,2026-08-15,True,35-44,Istanbul
C005407,U025044,CMP_BANK,2026-09-29,True,18-24,Istanbul
C005408,U025045,CMP_BANK,2026-07-09,True,55+,Istanbul
C005409,U025046,CMP_BANK,2026-07-31,True,45-54,Istanbul
C005410,U025047,CMP_BANK,2026-08-25,True,35-44,Istanbul
C005411,U025049,CMP_BANK,2026-07-24,True,45-54,Istanbul
C005412,U025052,CMP_BANK,2026-07-26,True,35-44,Ankara
C005413,U025053,CMP_BANK,2026-07-13,True,35-44,Istanbul
C005414,U025054,CMP_BANK,2026-07-24,True,45-54,Izmir
C005415,U025056,CMP_BANK,2026-07-21,True,45-54,Istanbul
C005416,U025058,CMP_BANK,2026-07-05,True,35-44,Bursa
C005417,U025060,CMP_BANK,2026-07-20,True,25-34,Other
C005418,U025062,CMP_BANK,2026-07-01,True,35-44,Kocaeli
C005419,U025065,CMP_BANK,2026-07-09,True,25-34,Istanbul
C005420,U025066,CMP_BANK,2026-07-23,True,25-34,Other
C005421,U025067,CMP_BANK,2026-07-10,True,35-44,Istanbul
C005422,U025068,CMP_BANK,2026-07-04,True,45-54,Ankara
C005423,U025069,CMP_BANK,2026-07-20,True,18-24,Istanbul
C005424,U025071,CMP_BANK,2026-07-18,True,35-44,Istanbul
C005425,U025072,CMP_BANK,2026-07-16,True,18-24,Istanbul
C005426,U025074,CMP_BANK,2026-09-22,True,35-44,Istanbul
C005427,U025075,CMP_BANK,2026-07-04,True,55+,Bursa
C005428,U025077,CMP_BANK,2026-07-25,True,35-44,Istanbul
C005429,U025078,CMP_BANK,2026-07-31,True,55+,Kayseri
C005430,U025080,CMP_BANK,2026-08-30,True,35-44,Istanbul
C005431,U025082,CMP_BANK,2026-07-01,True,35-44,Antalya
C005432,U025084,CMP_BANK,2026-08-22,True,45-54,Istanbul
C005433,U025086,CMP_BANK,2026-07-18,True,55+,Istanbul
C005434,U025087,CMP_BANK,2026-08-08,True,35-44,Istanbul
C005435,U025088,CMP_BANK,2026-07-10,True,55+,Istanbul
C005436,U025089,CMP_BANK,2026-07-27,True,35-44,Istanbul
C005437,U025091,CMP_BANK,2026-07-08,True,55+,Izmir
C005438,U025092,CMP_BANK,2026-08-04,True,25-34,Istanbul
C005439,U025094,CMP_BANK,2026-09-11,True,55+,Istanbul
C005440,U025095,CMP_BANK,2026-08-03,True,35-44,Other
C005441,U025096,CMP_BANK,2026-07-13,True,55+,Ankara
C005442,U025098,CMP_BANK,2026-08-23,True,45-54,Ankara
C005443,U025099,CMP_BANK,2026-07-11,True,25-34,Other
C005444,U025101,CMP_BANK,2026-07-02,True,35-44,Konya
C005445,U025102,CMP_BANK,2026-08-17,True,25-34,Kayseri
C005446,U025104,CMP_BANK,2026-07-25,True,45-54,Istanbul
C005447,U025107,CMP_BANK,2026-07-28,True,25-34,Konya
C005448,U025112,CMP_BANK,2026-07-17,True,18-24,Izmir
C005449,U025113,CMP_BANK,2026-07-07,True,35-44,Istanbul
C005450,U025114,CMP_BANK,2026-08-05,True,25-34,Ankara
C005451,U025117,CMP_BANK,2026-07-03,True,18-24,Istanbul
C005452,U025118,CMP_BANK,2026-07-08,True,35-44,Kocaeli
C005453,U025119,CMP_BANK,2026-07-17,True,55+,Istanbul
C005454,U025120,CMP_BANK,2026-07-17,True,18-24,Ankara
C005455,U025121,CMP_BANK,2026-07-31,True,45-54,Bursa
C005456,U025124,CMP_BANK,2026-09-01,True,35-44,Other
C005457,U025125,CMP_BANK,2026-07-12,True,25-34,Istanbul
C005458,U025126,CMP_BANK,2026-08-22,True,35-44,Gaziantep
C005459,U025127,CMP_BANK,2026-07-16,True,25-34,Ankara
C005460,U025128,CMP_BANK,2026-08-07,True,55+,Istanbul
C005461,U025130,CMP_BANK,2026-08-10,True,55+,Istanbul
C005462,U025131,CMP_BANK,2026-07-05,True,55+,Istanbul
C005463,U025133,CMP_BANK,2026-07-15,True,35-44,Istanbul
C005464,U025134,CMP_BANK,2026-09-06,True,45-54,Other
C005465,U025135,CMP_BANK,2026-08-06,True,55+,Bursa
C005466,U025136,CMP_BANK,2026-09-11,True,55+,Istanbul
C005467,U025137,CMP_BANK,2026-07-18,True,55+,Istanbul
C005468,U025138,CMP_BANK,2026-08-19,True,25-34,Istanbul
C005469,U025139,CMP_BANK,2026-09-10,True,35-44,Ankara
C005470,U025141,CMP_BANK,2026-07-06,True,35-44,Istanbul
C005471,U025144,CMP_BANK,2026-07-22,True,55+,Ankara
C005472,U025146,CMP_BANK,2026-07-09,True,55+,Istanbul
C005473,U025147,CMP_BANK,2026-08-28,True,45-54,Istanbul
C005474,U025148,CMP_BANK,2026-07-06,True,45-54,Kayseri
C005475,U025151,CMP_BANK,2026-07-04,True,45-54,Other
C005476,U025156,CMP_BANK,2026-08-03,True,55+,Istanbul
C005477,U025157,CMP_BANK,2026-08-31,True,25-34,Kocaeli
C005478,U025158,CMP_BANK,2026-07-23,True,45-54,Other
C005479,U025159,CMP_BANK,2026-07-22,True,35-44,Izmir
C005480,U025160,CMP_BANK,2026-07-07,True,18-24,Istanbul
C005481,U025161,CMP_BANK,2026-08-26,True,45-54,Kocaeli
C005482,U025162,CMP_BANK,2026-08-08,True,18-24,Istanbul
C005483,U025163,CMP_BANK,2026-09-03,True,55+,Other
C005484,U025166,CMP_BANK,2026-07-02,True,35-44,Gaziantep
C005485,U025167,CMP_BANK,2026-07-04,True,45-54,Kocaeli
C005486,U025168,CMP_BANK,2026-08-18,True,35-44,Istanbul
C005487,U025170,CMP_BANK,2026-07-04,True,35-44,Istanbul
C005488,U025171,CMP_BANK,2026-07-24,True,35-44,Ankara
C005489,U025173,CMP_BANK,2026-09-12,True,35-44,Ankara
C005490,U025174,CMP_BANK,2026-07-01,True,45-54,Izmir
C005491,U025175,CMP_BANK,2026-08-28,True,25-34,Istanbul
C005492,U025176,CMP_BANK,2026-07-03,True,25-34,Kocaeli
C005493,U025177,CMP_BANK,2026-07-06,True,45-54,Konya
C005494,U025179,CMP_BANK,2026-08-30,True,35-44,Istanbul
C005495,U025182,CMP_BANK,2026-09-22,True,45-54,Konya
C005496,U025184,CMP_BANK,2026-07-14,True,55+,Istanbul
C005497,U025186,CMP_BANK,2026-07-06,True,35-44,Kayseri
C005498,U025189,CMP_BANK,2026-09-12,True,45-54,Izmir
C005499,U025192,CMP_BANK,2026-07-20,True,35-44,Ankara
C005500,U025195,CMP_BANK,2026-09-13,True,35-44,Konya
C005501,U025196,CMP_BANK,2026-07-15,True,55+,Other
C005502,U025197,CMP_BANK,2026-08-16,True,55+,Istanbul
C005503,U025199,CMP_BANK,2026-08-09,True,18-24,Istanbul
C005504,U025201,CMP_BANK,2026-07-19,True,35-44,Istanbul
C005505,U025203,CMP_BANK,2026-07-18,True,45-54,Istanbul
C005506,U025204,CMP_BANK,2026-07-10,True,35-44,Other
C005507,U025205,CMP_BANK,2026-09-10,True,45-54,Istanbul
C005508,U025207,CMP_BANK,2026-09-23,True,45-54,Istanbul
C005509,U025208,CMP_BANK,2026-07-26,True,45-54,Istanbul
C005510,U025209,CMP_BANK,2026-07-03,True,35-44,Istanbul
C005511,U025211,CMP_BANK,2026-07-03,True,55+,Other
C005512,U025212,CMP_BANK,2026-07-24,True,35-44,Gaziantep
C005513,U025214,CMP_BANK,2026-09-03,True,25-34,Istanbul
C005514,U025215,CMP_BANK,2026-07-28,True,45-54,Istanbul
C005515,U025216,CMP_BANK,2026-08-06,True,45-54,Kocaeli
C005516,U025217,CMP_BANK,2026-07-08,True,18-24,Istanbul
C005517,U025221,CMP_BANK,2026-08-08,True,25-34,Other
C005518,U025223,CMP_BANK,2026-07-14,True,25-34,Other
C005519,U025224,CMP_BANK,2026-07-01,True,35-44,Istanbul
C005520,U025225,CMP_BANK,2026-09-12,True,35-44,Ankara
C005521,U025227,CMP_BANK,2026-07-22,True,18-24,Istanbul
C005522,U025228,CMP_BANK,2026-08-20,True,25-34,Istanbul
C005523,U025229,CMP_BANK,2026-09-14,True,55+,Kocaeli
C005524,U025230,CMP_BANK,2026-07-02,True,25-34,Kayseri
C005525,U025232,CMP_BANK,2026-09-20,True,45-54,Other
C005526,U025233,CMP_BANK,2026-07-20,True,45-54,Izmir
C005527,U025234,CMP_BANK,2026-07-11,True,45-54,Antalya
C005528,U025235,CMP_BANK,2026-07-06,True,55+,Ankara
C005529,U025237,CMP_BANK,2026-07-09,True,35-44,Istanbul
C005530,U025238,CMP_BANK,2026-07-19,True,18-24,Antalya
C005531,U025239,CMP_BANK,2026-07-04,True,35-44,Ankara
C005532,U025240,CMP_BANK,2026-07-27,True,25-34,Istanbul
C005533,U025241,CMP_BANK,2026-07-15,True,45-54,Other
C005534,U025244,CMP_BANK,2026-07-05,True,45-54,Konya
C005535,U025246,CMP_BANK,2026-09-15,True,35-44,Istanbul
C005536,U025247,CMP_BANK,2026-07-03,True,35-44,Istanbul
C005537,U025248,CMP_BANK,2026-07-29,True,18-24,Ankara
C005538,U025249,CMP_BANK,2026-07-08,True,35-44,Antalya
C005539,U025250,CMP_BANK,2026-09-03,True,25-34,Istanbul
C005540,U025252,CMP_BANK,2026-08-13,True,55+,Istanbul
C005541,U025253,CMP_BANK,2026-07-07,True,45-54,Ankara
C005542,U025254,CMP_BANK,2026-07-22,True,35-44,Other
C005543,U025257,CMP_BANK,2026-08-18,True,25-34,Other
C005544,U025260,CMP_BANK,2026-07-08,True,55+,Ankara
C005545,U025261,CMP_BANK,2026-07-12,True,25-34,Ankara
C005546,U025263,CMP_BANK,2026-07-09,True,35-44,Bursa
C005547,U025264,CMP_BANK,2026-08-27,True,25-34,Istanbul
C005548,U025265,CMP_BANK,2026-08-17,True,45-54,Other
C005549,U025266,CMP_BANK,2026-08-06,True,35-44,Bursa
C005550,U025267,CMP_BANK,2026-07-31,True,35-44,Izmir
C005551,U025268,CMP_BANK,2026-07-11,True,45-54,Istanbul
C005552,U025269,CMP_BANK,2026-07-26,True,35-44,Other
C005553,U025270,CMP_BANK,2026-09-26,True,55+,Konya
C005554,U025272,CMP_BANK,2026-08-11,True,35-44,Konya
C005555,U025273,CMP_BANK,2026-08-05,True,35-44,Ankara
C005556,U025274,CMP_BANK,2026-07-10,True,55+,Other
C005557,U025275,CMP_BANK,2026-08-05,True,55+,Istanbul
C005558,U025277,CMP_BANK,2026-07-07,True,55+,Ankara
C005559,U025279,CMP_BANK,2026-07-07,True,55+,Istanbul
C005560,U025282,CMP_BANK,2026-07-16,True,35-44,Istanbul
C005561,U025283,CMP_BANK,2026-07-14,True,18-24,Istanbul
C005562,U025284,CMP_BANK,2026-07-24,True,45-54,Ankara
C005563,U025285,CMP_BANK,2026-07-05,True,45-54,Istanbul
C005564,U025286,CMP_BANK,2026-07-12,True,55+,Antalya
C005565,U025287,CMP_BANK,2026-07-11,True,35-44,Other
C005566,U025288,CMP_BANK,2026-07-14,True,25-34,Izmir
C005567,U025289,CMP_BANK,2026-08-23,True,45-54,Other
C005568,U025290,CMP_BANK,2026-09-27,True,35-44,Izmir
C005569,U025291,CMP_BANK,2026-07-07,True,55+,Ankara
C005570,U025292,CMP_BANK,2026-07-14,True,45-54,Ankara
C005571,U025293,CMP_BANK,2026-08-03,True,55+,Istanbul
C005572,U025295,CMP_BANK,2026-07-02,True,35-44,Istanbul
C005573,U025297,CMP_BANK,2026-07-27,True,45-54,Istanbul
C005574,U025298,CMP_BANK,2026-07-18,True,18-24,Istanbul
C005575,U025302,CMP_BANK,2026-07-17,True,25-34,Istanbul
C005576,U025303,CMP_BANK,2026-07-28,True,35-44,Istanbul
C005577,U025304,CMP_BANK,2026-08-21,True,55+,Other
C005578,U025306,CMP_BANK,2026-07-09,True,45-54,Istanbul
C005579,U025307,CMP_BANK,2026-08-29,True,45-54,Kocaeli
C005580,U025312,CMP_BANK,2026-08-31,True,35-44,Istanbul
C005581,U025313,CMP_BANK,2026-09-13,True,25-34,Istanbul
C005582,U025314,CMP_BANK,2026-09-24,True,35-44,Other
C005583,U025315,CMP_BANK,2026-07-07,True,55+,Istanbul
C005584,U025316,CMP_BANK,2026-07-09,True,55+,Kocaeli
C005585,U025317,CMP_BANK,2026-08-28,True,25-34,Other
C005586,U025318,CMP_BANK,2026-07-16,True,35-44,Istanbul
C005587,U025320,CMP_BANK,2026-08-12,True,35-44,Other
C005588,U025321,CMP_BANK,2026-08-25,True,35-44,Izmir
C005589,U025323,CMP_BANK,2026-08-17,True,55+,Izmir
C005590,U025324,CMP_BANK,2026-07-24,True,18-24,Istanbul
C005591,U025327,CMP_BANK,2026-07-28,True,45-54,Istanbul
C005592,U025328,CMP_BANK,2026-07-16,True,25-34,Other
C005593,U025330,CMP_BANK,2026-07-13,True,55+,Gaziantep
C005594,U025333,CMP_BANK,2026-08-26,True,45-54,Istanbul
C005595,U025334,CMP_BANK,2026-07-15,True,35-44,Kayseri
C005596,U025335,CMP_BANK,2026-07-24,True,35-44,Istanbul
C005597,U025336,CMP_BANK,2026-08-16,True,35-44,Izmir
C005598,U025337,CMP_BANK,2026-07-09,True,25-34,Other
C005599,U025339,CMP_BANK,2026-07-22,True,18-24,Istanbul
C005600,U025340,CMP_BANK,2026-07-14,True,35-44,Ankara
C005601,U025341,CMP_BANK,2026-07-21,True,45-54,Ankara
C005602,U025342,CMP_BANK,2026-07-13,True,35-44,Kocaeli
C005603,U025343,CMP_BANK,2026-07-11,True,18-24,Istanbul
C005604,U025347,CMP_BANK,2026-07-03,True,55+,Istanbul
C005605,U025348,CMP_BANK,2026-07-31,True,35-44,Istanbul
C005606,U025350,CMP_BANK,2026-07-31,True,35-44,Istanbul
C005607,U025351,CMP_BANK,2026-08-11,True,35-44,Ankara
C005608,U025352,CMP_BANK,2026-09-12,True,25-34,Istanbul
C005609,U025353,CMP_BANK,2026-08-09,True,35-44,Kayseri
C005610,U025355,CMP_BANK,2026-07-24,True,25-34,Izmir
C005611,U025357,CMP_BANK,2026-09-03,True,35-44,Kocaeli
C005612,U025358,CMP_BANK,2026-07-02,True,45-54,Istanbul
C005613,U025359,CMP_BANK,2026-07-18,True,25-34,Istanbul
C005614,U025360,CMP_BANK,2026-07-12,True,45-54,Ankara
C005615,U025361,CMP_BANK,2026-07-05,True,25-34,Izmir
C005616,U025362,CMP_BANK,2026-07-03,True,55+,Ankara
C005617,U025363,CMP_BANK,2026-09-24,True,25-34,Izmir
C005618,U025364,CMP_BANK,2026-07-06,True,45-54,Other
C005619,U025366,CMP_BANK,2026-09-20,True,35-44,Other
C005620,U025367,CMP_BANK,2026-07-14,True,45-54,Ankara
C005621,U025368,CMP_BANK,2026-09-13,True,25-34,Istanbul
C005622,U025369,CMP_BANK,2026-07-09,True,35-44,Konya
C005623,U025370,CMP_BANK,2026-09-23,True,35-44,Ankara
C005624,U025371,CMP_BANK,2026-09-18,True,55+,Other
C005625,U025374,CMP_BANK,2026-09-01,True,35-44,Ankara
C005626,U025375,CMP_BANK,2026-07-05,True,45-54,Kocaeli
C005627,U025379,CMP_BANK,2026-07-31,True,25-34,Kayseri
C005628,U025380,CMP_BANK,2026-08-06,True,55+,Ankara
C005629,U025381,CMP_BANK,2026-09-17,True,25-34,Istanbul
C005630,U025382,CMP_BANK,2026-07-29,True,18-24,Izmir
C005631,U025383,CMP_BANK,2026-07-13,True,45-54,Ankara
C005632,U025384,CMP_BANK,2026-07-05,True,35-44,Istanbul
C005633,U025385,CMP_BANK,2026-08-12,True,35-44,Other
C005634,U025386,CMP_BANK,2026-07-08,True,35-44,Konya
C005635,U025387,CMP_BANK,2026-07-21,True,35-44,Ankara
C005636,U025388,CMP_BANK,2026-08-15,True,25-34,Bursa
C005637,U025389,CMP_BANK,2026-09-13,True,35-44,Istanbul
C005638,U025391,CMP_BANK,2026-07-19,True,45-54,Other
C005639,U025392,CMP_BANK,2026-08-04,True,55+,Istanbul
C005640,U025401,CMP_BANK,2026-07-31,True,35-44,Istanbul
C005641,U025402,CMP_BANK,2026-08-14,True,55+,Ankara
C005642,U025403,CMP_BANK,2026-07-24,True,35-44,Gaziantep
C005643,U025404,CMP_BANK,2026-08-07,True,35-44,Bursa
C005644,U025405,CMP_BANK,2026-07-24,True,45-54,Istanbul
C005645,U025406,CMP_BANK,2026-07-15,True,55+,Other
C005646,U025408,CMP_BANK,2026-08-02,True,25-34,Other
C005647,U025410,CMP_BANK,2026-07-02,True,35-44,Istanbul
C005648,U025411,CMP_BANK,2026-07-14,True,35-44,Izmir
C005649,U025413,CMP_BANK,2026-07-04,True,25-34,Antalya
C005650,U025416,CMP_BANK,2026-08-09,True,35-44,Istanbul
C005651,U025417,CMP_BANK,2026-07-23,True,35-44,Bursa
C005652,U025418,CMP_BANK,2026-09-24,True,55+,Izmir
C005653,U025419,CMP_BANK,2026-07-07,True,55+,Istanbul
C005654,U025420,CMP_BANK,2026-07-06,True,55+,Izmir
C005655,U025422,CMP_BANK,2026-08-05,True,35-44,Istanbul
C005656,U025423,CMP_BANK,2026-07-08,True,45-54,Istanbul
C005657,U025424,CMP_BANK,2026-07-10,True,55+,Ankara
C005658,U025430,CMP_BANK,2026-07-18,True,45-54,Other
C005659,U025431,CMP_BANK,2026-07-28,True,45-54,Istanbul
C005660,U025432,CMP_BANK,2026-08-03,True,45-54,Izmir
C005661,U025433,CMP_BANK,2026-07-16,True,25-34,Istanbul
C005662,U025434,CMP_BANK,2026-07-02,True,55+,Other
C005663,U025435,CMP_BANK,2026-07-28,True,25-34,Izmir
C005664,U025436,CMP_BANK,2026-07-28,True,55+,Kayseri
C005665,U025437,CMP_BANK,2026-08-20,True,35-44,Istanbul
C005666,U025439,CMP_BANK,2026-08-19,True,35-44,Ankara
C005667,U025440,CMP_BANK,2026-09-05,True,55+,Istanbul
C005668,U025441,CMP_BANK,2026-08-05,True,25-34,Istanbul
C005669,U025445,CMP_BANK,2026-08-05,True,35-44,Ankara
C005670,U025446,CMP_BANK,2026-08-09,True,55+,Kayseri
C005671,U025447,CMP_BANK,2026-07-09,True,35-44,Istanbul
C005672,U025448,CMP_BANK,2026-07-13,True,55+,Ankara
C005673,U025449,CMP_BANK,2026-08-04,True,35-44,Ankara
C005674,U025450,CMP_BANK,2026-07-28,True,35-44,Istanbul
C005675,U025451,CMP_BANK,2026-08-08,True,25-34,Ankara
C005676,U025452,CMP_BANK,2026-07-21,True,25-34,Other
C005677,U025455,CMP_BANK,2026-09-17,True,35-44,Istanbul
C005678,U025458,CMP_BANK,2026-07-04,True,55+,Istanbul
C005679,U025459,CMP_BANK,2026-08-17,True,45-54,Istanbul
C005680,U025464,CMP_BANK,2026-07-15,True,45-54,Istanbul
C005681,U025467,CMP_BANK,2026-09-24,True,45-54,Istanbul
C005682,U025468,CMP_BANK,2026-07-11,True,35-44,Istanbul
C005683,U025471,CMP_BANK,2026-07-18,True,45-54,Istanbul
C005684,U025472,CMP_BANK,2026-07-03,True,45-54,Istanbul
C005685,U025473,CMP_BANK,2026-08-06,True,45-54,Istanbul
C005686,U025474,CMP_BANK,2026-07-16,True,45-54,Konya
C005687,U025476,CMP_BANK,2026-07-03,True,55+,Kayseri
C005688,U025477,CMP_BANK,2026-07-01,True,35-44,Other
C005689,U025478,CMP_BANK,2026-08-23,True,45-54,Antalya
C005690,U025483,CMP_BANK,2026-07-03,True,18-24,Istanbul
C005691,U025484,CMP_BANK,2026-07-21,True,35-44,Istanbul
C005692,U025485,CMP_BANK,2026-09-17,True,25-34,Izmir
C005693,U025486,CMP_BANK,2026-09-07,True,35-44,Istanbul
C005694,U025487,CMP_BANK,2026-08-19,True,35-44,Izmir
C005695,U025488,CMP_BANK,2026-07-17,True,45-54,Konya
C005696,U025489,CMP_BANK,2026-07-03,True,35-44,Konya
C005697,U025490,CMP_BANK,2026-07-27,True,25-34,Kocaeli
C005698,U025491,CMP_BANK,2026-08-24,True,25-34,Istanbul
C005699,U025493,CMP_BANK,2026-07-28,True,25-34,Ankara
C005700,U025495,CMP_BANK,2026-08-04,True,35-44,Antalya
C005701,U025496,CMP_BANK,2026-07-10,True,25-34,Izmir
C005702,U025498,CMP_BANK,2026-07-21,True,55+,Ankara
C005703,U025501,CMP_BANK,2026-07-24,True,35-44,Ankara
C005704,U025503,CMP_BANK,2026-08-03,True,18-24,Istanbul
C005705,U025504,CMP_BANK,2026-09-18,True,18-24,Istanbul
C005706,U025506,CMP_BANK,2026-07-04,True,45-54,Istanbul
C005707,U025508,CMP_BANK,2026-07-18,True,35-44,Istanbul
C005708,U025511,CMP_BANK,2026-08-09,True,25-34,Istanbul
C005709,U025512,CMP_BANK,2026-07-14,True,25-34,Kayseri
C005710,U025513,CMP_BANK,2026-08-15,True,45-54,Antalya
C005711,U025514,CMP_BANK,2026-08-04,True,25-34,Bursa
C005712,U025516,CMP_BANK,2026-07-06,True,45-54,Konya
C005713,U025520,CMP_BANK,2026-07-08,True,35-44,Istanbul
C005714,U025521,CMP_BANK,2026-07-08,True,25-34,Other
C005715,U025522,CMP_BANK,2026-08-13,True,55+,Ankara
C005716,U025523,CMP_BANK,2026-07-10,True,45-54,Istanbul
C005717,U025525,CMP_BANK,2026-08-03,True,25-34,Bursa
C005718,U025528,CMP_BANK,2026-07-23,True,25-34,Istanbul
C005719,U025532,CMP_BANK,2026-07-10,True,55+,Kocaeli
C005720,U025533,CMP_BANK,2026-09-05,True,45-54,Istanbul
C005721,U025534,CMP_BANK,2026-07-08,True,45-54,Izmir
C005722,U025535,CMP_BANK,2026-07-07,True,45-54,Other
C005723,U025537,CMP_BANK,2026-07-11,True,45-54,Istanbul
C005724,U025539,CMP_BANK,2026-07-17,True,55+,Istanbul
C005725,U025540,CMP_BANK,2026-08-06,True,35-44,Ankara
C005726,U025541,CMP_BANK,2026-08-07,True,45-54,Ankara
C005727,U025543,CMP_BANK,2026-07-28,True,35-44,Istanbul
C005728,U025544,CMP_BANK,2026-09-03,True,25-34,Ankara
C005729,U025545,CMP_BANK,2026-07-16,True,55+,Istanbul
C005730,U025546,CMP_BANK,2026-08-29,True,55+,Ankara
C005731,U025547,CMP_BANK,2026-08-02,True,45-54,Izmir
C005732,U025552,CMP_BANK,2026-08-20,True,55+,Istanbul
C005733,U025553,CMP_BANK,2026-07-06,True,18-24,Gaziantep
C005734,U025555,CMP_BANK,2026-08-31,True,18-24,Other
C005735,U025556,CMP_BANK,2026-07-05,True,45-54,Istanbul
C005736,U025557,CMP_BANK,2026-08-06,True,45-54,Istanbul
C005737,U025558,CMP_BANK,2026-07-02,True,55+,Istanbul
C005738,U025559,CMP_BANK,2026-07-11,True,45-54,Istanbul
C005739,U025561,CMP_BANK,2026-07-07,True,18-24,Ankara
C005740,U025564,CMP_BANK,2026-08-03,True,55+,Istanbul
C005741,U025565,CMP_BANK,2026-09-16,True,35-44,Istanbul
C005742,U025566,CMP_BANK,2026-07-13,True,55+,Gaziantep
C005743,U025568,CMP_BANK,2026-07-08,True,18-24,Bursa
C005744,U025569,CMP_BANK,2026-07-06,True,35-44,Kocaeli
C005745,U025570,CMP_BANK,2026-07-19,True,25-34,Istanbul
C005746,U025571,CMP_BANK,2026-08-15,True,55+,Istanbul
C005747,U025572,CMP_BANK,2026-07-18,True,55+,Konya
C005748,U025574,CMP_BANK,2026-08-14,True,55+,Istanbul
C005749,U025575,CMP_BANK,2026-08-06,True,55+,Ankara
C005750,U025577,CMP_BANK,2026-07-15,True,45-54,Istanbul
C005751,U025579,CMP_BANK,2026-08-08,True,18-24,Istanbul
C005752,U025580,CMP_BANK,2026-07-28,True,35-44,Izmir
C005753,U025581,CMP_BANK,2026-08-18,True,25-34,Istanbul
C005754,U025582,CMP_BANK,2026-09-19,True,35-44,Izmir
C005755,U025583,CMP_BANK,2026-08-22,True,45-54,Istanbul
C005756,U025586,CMP_BANK,2026-08-16,True,55+,Izmir
C005757,U025587,CMP_BANK,2026-08-21,True,45-54,Istanbul
C005758,U025588,CMP_BANK,2026-08-18,True,35-44,Other
C005759,U025589,CMP_BANK,2026-07-11,True,35-44,Ankara
C005760,U025590,CMP_BANK,2026-07-21,True,35-44,Other
C005761,U025593,CMP_BANK,2026-07-25,True,35-44,Bursa
C005762,U025594,CMP_BANK,2026-08-26,True,25-34,Kocaeli
C005763,U025597,CMP_BANK,2026-08-17,True,55+,Ankara
C005764,U025599,CMP_BANK,2026-07-01,True,55+,Istanbul
C005765,U025601,CMP_BANK,2026-07-20,True,35-44,Istanbul
C005766,U025602,CMP_BANK,2026-08-06,True,55+,Konya
C005767,U025603,CMP_BANK,2026-08-27,True,45-54,Istanbul
C005768,U025605,CMP_BANK,2026-08-11,True,18-24,Istanbul
C005769,U025606,CMP_BANK,2026-07-07,True,55+,Antalya
C005770,U025607,CMP_BANK,2026-07-03,True,25-34,Antalya
C005771,U025609,CMP_BANK,2026-09-07,True,25-34,Bursa
C005772,U025610,CMP_BANK,2026-07-26,True,55+,Ankara
C005773,U025612,CMP_BANK,2026-07-07,True,45-54,Konya
C005774,U025615,CMP_BANK,2026-08-27,True,55+,Konya
C005775,U025616,CMP_BANK,2026-08-12,True,45-54,Istanbul
C005776,U025619,CMP_BANK,2026-08-14,True,35-44,Bursa
C005777,U025620,CMP_BANK,2026-09-05,True,35-44,Kocaeli
C005778,U025622,CMP_BANK,2026-07-20,True,35-44,Istanbul
C005779,U025623,CMP_BANK,2026-07-06,True,35-44,Other
C005780,U025624,CMP_BANK,2026-07-31,True,55+,Istanbul
C005781,U025625,CMP_BANK,2026-07-19,True,55+,Other
C005782,U025626,CMP_BANK,2026-07-02,True,45-54,Ankara
C005783,U025627,CMP_BANK,2026-09-08,True,18-24,Konya
C005784,U025628,CMP_BANK,2026-07-16,True,55+,Istanbul
C005785,U025629,CMP_BANK,2026-07-05,True,25-34,Other
C005786,U025631,CMP_BANK,2026-07-22,True,25-34,Ankara
C005787,U025632,CMP_BANK,2026-09-25,True,45-54,Other
C005788,U025633,CMP_BANK,2026-09-08,True,35-44,Istanbul
C005789,U025634,CMP_BANK,2026-07-09,True,45-54,Ankara
C005790,U025635,CMP_BANK,2026-07-11,True,25-34,Izmir
C005791,U025636,CMP_BANK,2026-08-06,True,55+,Istanbul
C005792,U025638,CMP_BANK,2026-07-19,True,35-44,Istanbul
C005793,U025639,CMP_BANK,2026-07-01,True,18-24,Istanbul
C005794,U025640,CMP_BANK,2026-07-09,True,25-34,Ankara
C005795,U025641,CMP_BANK,2026-07-19,True,18-24,Other
C005796,U025642,CMP_BANK,2026-07-06,True,25-34,Istanbul
C005797,U025643,CMP_BANK,2026-07-08,True,25-34,Gaziantep
C005798,U025644,CMP_BANK,2026-07-05,True,25-34,Istanbul
C005799,U025647,CMP_BANK,2026-07-05,True,35-44,Other
C005800,U025648,CMP_BANK,2026-08-15,True,25-34,Istanbul
C005801,U025651,CMP_BANK,2026-07-06,True,45-54,Istanbul
C005802,U025652,CMP_BANK,2026-09-27,True,35-44,Istanbul
C005803,U025654,CMP_BANK,2026-09-10,True,45-54,Other
C005804,U025655,CMP_BANK,2026-09-27,True,55+,Gaziantep
C005805,U025656,CMP_BANK,2026-08-11,True,35-44,Istanbul
C005806,U025657,CMP_BANK,2026-07-06,True,25-34,Istanbul
C005807,U025659,CMP_BANK,2026-07-03,True,45-54,Istanbul
C005808,U025660,CMP_BANK,2026-07-13,True,25-34,Istanbul
C005809,U025661,CMP_BANK,2026-08-29,True,35-44,Kocaeli
C005810,U025662,CMP_BANK,2026-08-07,True,35-44,Other
C005811,U025663,CMP_BANK,2026-07-06,True,25-34,Istanbul
C005812,U025664,CMP_BANK,2026-09-13,True,35-44,Ankara
C005813,U025665,CMP_BANK,2026-08-14,True,45-54,Ankara
C005814,U025666,CMP_BANK,2026-08-19,True,25-34,Kayseri
C005815,U025668,CMP_BANK,2026-08-04,True,35-44,Istanbul
C005816,U025669,CMP_BANK,2026-07-30,True,45-54,Ankara
C005817,U025671,CMP_BANK,2026-08-12,True,35-44,Istanbul
C005818,U025672,CMP_BANK,2026-07-23,True,35-44,Istanbul
C005819,U025673,CMP_BANK,2026-08-25,True,45-54,Istanbul
C005820,U025674,CMP_BANK,2026-08-02,True,45-54,Ankara
C005821,U025675,CMP_BANK,2026-08-14,True,55+,Istanbul
C005822,U025677,CMP_BANK,2026-08-21,True,35-44,Konya
C005823,U025679,CMP_BANK,2026-07-16,True,55+,Other
C005824,U025682,CMP_BANK,2026-07-23,True,25-34,Other
C005825,U025685,CMP_BANK,2026-07-07,True,25-34,Istanbul
C005826,U025686,CMP_BANK,2026-08-23,True,25-34,Kocaeli
C005827,U025688,CMP_BANK,2026-07-29,True,55+,Istanbul
C005828,U025689,CMP_BANK,2026-08-15,True,35-44,Istanbul
C005829,U025691,CMP_BANK,2026-07-12,True,45-54,Konya
C005830,U025692,CMP_BANK,2026-07-28,True,25-34,Istanbul
C005831,U025695,CMP_BANK,2026-09-09,True,55+,Ankara
C005832,U025696,CMP_BANK,2026-09-16,True,55+,Izmir
C005833,U025697,CMP_BANK,2026-07-11,True,25-34,Other
C005834,U025700,CMP_BANK,2026-07-12,True,25-34,Ankara
C005835,U025703,CMP_BANK,2026-08-11,True,55+,Istanbul
C005836,U025705,CMP_BANK,2026-08-27,True,45-54,Other
C005837,U025706,CMP_BANK,2026-09-05,True,55+,Istanbul
C005838,U025707,CMP_BANK,2026-09-05,True,35-44,Istanbul
C005839,U025713,CMP_BANK,2026-07-05,True,35-44,Other
C005840,U025716,CMP_BANK,2026-07-05,True,35-44,Istanbul
C005841,U025718,CMP_BANK,2026-08-03,True,45-54,Other
C005842,U025719,CMP_BANK,2026-07-21,True,35-44,Istanbul
C005843,U025721,CMP_BANK,2026-07-04,True,45-54,Izmir
C005844,U025722,CMP_BANK,2026-08-22,True,35-44,Ankara
C005845,U025725,CMP_BANK,2026-07-20,True,45-54,Konya
C005846,U025728,CMP_BANK,2026-07-11,True,45-54,Ankara
C005847,U025729,CMP_BANK,2026-08-26,True,35-44,Ankara
C005848,U025730,CMP_BANK,2026-07-04,True,25-34,Other
C005849,U025731,CMP_BANK,2026-07-13,True,45-54,Ankara
C005850,U025732,CMP_BANK,2026-08-14,True,25-34,Istanbul
C005851,U025733,CMP_BANK,2026-09-03,True,45-54,Other
C005852,U025735,CMP_BANK,2026-07-26,True,25-34,Ankara
C005853,U025737,CMP_BANK,2026-07-15,True,35-44,Ankara
C005854,U025738,CMP_BANK,2026-07-10,True,18-24,Kayseri
C005855,U025739,CMP_BANK,2026-08-18,True,35-44,Istanbul
C005856,U025742,CMP_BANK,2026-08-14,True,35-44,Izmir
C005857,U025745,CMP_BANK,2026-08-03,True,25-34,Other
C005858,U025747,CMP_BANK,2026-08-20,True,25-34,Istanbul
C005859,U025748,CMP_BANK,2026-07-17,True,35-44,Gaziantep
C005860,U025749,CMP_BANK,2026-07-23,True,35-44,Istanbul
C005861,U025750,CMP_BANK,2026-09-10,True,35-44,Istanbul
C005862,U025751,CMP_BANK,2026-08-19,True,25-34,Kocaeli
C005863,U025752,CMP_BANK,2026-07-22,True,35-44,Istanbul
C005864,U025755,CMP_BANK,2026-07-05,True,35-44,Istanbul
C005865,U025756,CMP_BANK,2026-07-11,True,55+,Other
C005866,U025757,CMP_BANK,2026-08-04,True,55+,Izmir
C005867,U025758,CMP_BANK,2026-07-23,True,25-34,Other
C005868,U025760,CMP_BANK,2026-08-01,True,45-54,Bursa
C005869,U025762,CMP_BANK,2026-07-06,True,25-34,Istanbul
C005870,U025763,CMP_BANK,2026-07-06,True,55+,Konya
C005871,U025765,CMP_BANK,2026-07-16,True,45-54,Istanbul
C005872,U025766,CMP_BANK,2026-07-16,True,25-34,Izmir
C005873,U025768,CMP_BANK,2026-07-02,True,45-54,Bursa
C005874,U025769,CMP_BANK,2026-07-25,True,45-54,Kocaeli
C005875,U025770,CMP_BANK,2026-07-25,True,25-34,Istanbul
C005876,U025771,CMP_BANK,2026-09-10,True,35-44,Istanbul
C005877,U025773,CMP_BANK,2026-07-16,True,35-44,Istanbul
C005878,U025775,CMP_BANK,2026-07-29,True,25-34,Izmir
C005879,U025776,CMP_BANK,2026-08-08,True,35-44,Ankara
C005880,U025777,CMP_BANK,2026-09-23,True,18-24,Istanbul
C005881,U025778,CMP_BANK,2026-09-05,True,25-34,Istanbul
C005882,U025779,CMP_BANK,2026-07-08,True,25-34,Istanbul
C005883,U025781,CMP_BANK,2026-07-16,True,45-54,Izmir
C005884,U025784,CMP_BANK,2026-07-18,True,45-54,Ankara
C005885,U025786,CMP_BANK,2026-07-04,True,45-54,Ankara
C005886,U025788,CMP_BANK,2026-07-25,True,45-54,Other
C005887,U025789,CMP_BANK,2026-08-15,True,55+,Kayseri
C005888,U025790,CMP_BANK,2026-08-08,True,25-34,Other
C005889,U025791,CMP_BANK,2026-07-24,True,25-34,Other
C005890,U025792,CMP_BANK,2026-08-14,True,18-24,Istanbul
C005891,U025793,CMP_BANK,2026-07-23,True,35-44,Ankara
C005892,U025795,CMP_BANK,2026-08-05,True,55+,Gaziantep
C005893,U025796,CMP_BANK,2026-07-27,True,35-44,Ankara
C005894,U025797,CMP_BANK,2026-07-06,True,35-44,Istanbul
C005895,U025798,CMP_BANK,2026-08-11,True,45-54,Istanbul
C005896,U025800,CMP_BANK,2026-09-09,True,35-44,Kocaeli
C005897,U025801,CMP_BANK,2026-08-21,True,55+,Istanbul
C005898,U025802,CMP_BANK,2026-07-26,True,25-34,Istanbul
C005899,U025803,CMP_BANK,2026-07-09,True,55+,Konya
C005900,U025804,CMP_BANK,2026-08-18,True,35-44,Other
C005901,U025806,CMP_BANK,2026-07-20,True,25-34,Ankara
C005902,U025807,CMP_BANK,2026-09-06,True,25-34,Konya
C005903,U025809,CMP_BANK,2026-07-08,True,45-54,Konya
C005904,U025810,CMP_BANK,2026-07-19,True,45-54,Kocaeli
C005905,U025812,CMP_BANK,2026-08-06,True,45-54,Istanbul
C005906,U025813,CMP_BANK,2026-07-07,True,45-54,Istanbul
C005907,U025814,CMP_BANK,2026-07-20,True,45-54,Izmir
C005908,U025815,CMP_BANK,2026-07-26,True,35-44,Istanbul
C005909,U025816,CMP_BANK,2026-08-03,True,55+,Izmir
C005910,U025817,CMP_BANK,2026-08-01,True,35-44,Istanbul
C005911,U025819,CMP_BANK,2026-08-06,True,55+,Istanbul
C005912,U025820,CMP_BANK,2026-08-07,True,25-34,Ankara
C005913,U025822,CMP_BANK,2026-07-15,True,35-44,Istanbul
C005914,U025823,CMP_BANK,2026-08-10,True,25-34,Istanbul
C005915,U025824,CMP_BANK,2026-07-26,True,55+,Bursa
C005916,U025826,CMP_BANK,2026-08-13,True,45-54,Istanbul
C005917,U025828,CMP_BANK,2026-07-11,True,35-44,Istanbul
C005918,U025829,CMP_BANK,2026-07-04,True,35-44,Kocaeli
C005919,U025830,CMP_BANK,2026-09-05,True,35-44,Istanbul
C005920,U025831,CMP_BANK,2026-07-14,True,45-54,Konya
C005921,U025833,CMP_BANK,2026-07-25,True,45-54,Istanbul
C005922,U025834,CMP_BANK,2026-08-24,True,35-44,Istanbul
C005923,U025835,CMP_BANK,2026-07-02,True,45-54,Istanbul
C005924,U025839,CMP_BANK,2026-07-13,True,45-54,Ankara
C005925,U025840,CMP_BANK,2026-07-18,True,55+,Gaziantep
C005926,U025841,CMP_BANK,2026-08-07,True,18-24,Kocaeli
C005927,U025842,CMP_BANK,2026-09-28,True,35-44,Other
C005928,U025843,CMP_BANK,2026-09-01,True,25-34,Izmir
C005929,U025844,CMP_BANK,2026-07-02,True,25-34,Istanbul
C005930,U025845,CMP_BANK,2026-09-02,True,25-34,Istanbul
C005931,U025846,CMP_BANK,2026-07-11,True,45-54,Izmir
C005932,U025847,CMP_BANK,2026-07-02,True,18-24,Ankara
C005933,U025848,CMP_BANK,2026-08-25,True,45-54,Istanbul
C005934,U025851,CMP_BANK,2026-07-15,True,35-44,Istanbul
C005935,U025852,CMP_BANK,2026-07-31,True,35-44,Istanbul
C005936,U025854,CMP_BANK,2026-09-09,True,45-54,Other
C005937,U025856,CMP_BANK,2026-07-30,True,35-44,Istanbul
C005938,U025858,CMP_BANK,2026-08-02,True,35-44,Istanbul
C005939,U025859,CMP_BANK,2026-07-05,True,18-24,Istanbul
C005940,U025860,CMP_BANK,2026-08-12,True,35-44,Istanbul
C005941,U025862,CMP_BANK,2026-07-09,True,55+,Istanbul
C005942,U025865,CMP_BANK,2026-07-05,True,35-44,Istanbul
C005943,U025867,CMP_BANK,2026-07-25,True,35-44,Other
C005944,U025868,CMP_BANK,2026-07-17,True,45-54,Other
C005945,U025870,CMP_BANK,2026-07-16,True,35-44,Ankara
C005946,U025871,CMP_BANK,2026-09-21,True,45-54,Istanbul
C005947,U025872,CMP_BANK,2026-07-05,True,55+,Kayseri
C005948,U025874,CMP_BANK,2026-07-10,True,45-54,Izmir
C005949,U025875,CMP_BANK,2026-08-07,True,45-54,Ankara
C005950,U025876,CMP_BANK,2026-08-30,True,25-34,Other
C005951,U025880,CMP_BANK,2026-07-31,True,45-54,Antalya
C005952,U025881,CMP_BANK,2026-07-26,True,35-44,Other
C005953,U025882,CMP_BANK,2026-08-04,True,45-54,Ankara
C005954,U025883,CMP_BANK,2026-07-25,True,25-34,Other
C005955,U025884,CMP_BANK,2026-08-25,True,35-44,Istanbul
C005956,U025885,CMP_BANK,2026-07-28,True,45-54,Kocaeli
C005957,U025888,CMP_BANK,2026-07-04,True,18-24,Istanbul
C005958,U025890,CMP_BANK,2026-09-30,True,18-24,Other
C005959,U025893,CMP_BANK,2026-07-27,True,45-54,Kayseri
C005960,U025895,CMP_BANK,2026-09-09,True,45-54,Antalya
C005961,U025897,CMP_BANK,2026-09-02,True,45-54,Istanbul
C005962,U025898,CMP_BANK,2026-07-26,True,35-44,Other
C005963,U025899,CMP_BANK,2026-08-15,True,35-44,Istanbul
C005964,U025900,CMP_BANK,2026-09-29,True,45-54,Gaziantep
C005965,U025901,CMP_BANK,2026-07-09,True,35-44,Istanbul
C005966,U025902,CMP_BANK,2026-07-06,True,55+,Istanbul
C005967,U025903,CMP_BANK,2026-09-09,True,45-54,Istanbul
C005968,U025905,CMP_BANK,2026-09-22,True,25-34,Other
C005969,U025906,CMP_BANK,2026-07-30,True,55+,Istanbul
C005970,U025907,CMP_BANK,2026-08-17,True,25-34,Istanbul
C005971,U025908,CMP_BANK,2026-09-10,True,45-54,Istanbul
C005972,U025910,CMP_BANK,2026-07-18,True,45-54,Istanbul
C005973,U025912,CMP_BANK,2026-08-19,True,45-54,Other
C005974,U025913,CMP_BANK,2026-08-01,True,35-44,Istanbul
C005975,U025914,CMP_BANK,2026-07-22,True,55+,Other
C005976,U025915,CMP_BANK,2026-07-24,True,35-44,Other
C005977,U025919,CMP_BANK,2026-07-20,True,35-44,Kayseri
C005978,U025920,CMP_BANK,2026-07-16,True,45-54,Istanbul
C005979,U025924,CMP_BANK,2026-07-29,True,45-54,Konya
C005980,U025926,CMP_BANK,2026-07-15,True,25-34,Other
C005981,U025927,CMP_BANK,2026-07-10,True,45-54,Ankara
C005982,U025932,CMP_BANK,2026-07-20,True,35-44,Izmir
C005983,U025933,CMP_BANK,2026-07-12,True,25-34,Istanbul
C005984,U025934,CMP_BANK,2026-07-08,True,45-54,Ankara
C005985,U025938,CMP_BANK,2026-07-08,True,55+,Konya
C005986,U025940,CMP_BANK,2026-09-29,True,45-54,Istanbul
C005987,U025941,CMP_BANK,2026-07-31,True,35-44,Istanbul
C005988,U025942,CMP_BANK,2026-07-25,True,55+,Other
C005989,U025943,CMP_BANK,2026-08-18,True,25-34,Kocaeli
C005990,U025944,CMP_BANK,2026-08-22,True,45-54,Konya
C005991,U025945,CMP_BANK,2026-07-09,True,45-54,Konya
C005992,U025946,CMP_BANK,2026-07-18,True,25-34,Istanbul
C005993,U025947,CMP_BANK,2026-07-23,True,35-44,Istanbul
C005994,U025948,CMP_BANK,2026-09-11,True,45-54,Other
C005995,U025950,CMP_BANK,2026-08-19,True,45-54,Istanbul
C005996,U025951,CMP_BANK,2026-07-14,True,35-44,Istanbul
C005997,U025952,CMP_BANK,2026-08-03,True,25-34,Izmir
C005998,U025953,CMP_BANK,2026-07-14,True,35-44,Other
C005999,U025955,CMP_BANK,2026-09-16,True,25-34,Other
C006000,U025956,CMP_BANK,2026-08-02,True,55+,Kocaeli
C006001,U025958,CMP_BANK,2026-08-22,True,35-44,Konya
C006002,U025961,CMP_BANK,2026-07-21,True,25-34,Other
C006003,U025962,CMP_BANK,2026-07-10,True,25-34,Izmir
C006004,U025964,CMP_BANK,2026-07-06,True,35-44,Other
C006005,U025966,CMP_BANK,2026-07-08,True,45-54,Other
C006006,U025967,CMP_BANK,2026-09-09,True,55+,Istanbul
C006007,U025969,CMP_BANK,2026-07-11,True,35-44,Izmir
C006008,U025971,CMP_BANK,2026-07-10,True,25-34,Bursa
C006009,U025974,CMP_BANK,2026-08-17,True,45-54,Kocaeli
C006010,U025975,CMP_BANK,2026-07-09,True,18-24,Istanbul
C006011,U025977,CMP_BANK,2026-07-21,True,45-54,Kayseri
C006012,U025978,CMP_BANK,2026-08-14,True,45-54,Istanbul
C006013,U025979,CMP_BANK,2026-07-09,True,55+,Kayseri
C006014,U025980,CMP_BANK,2026-08-25,True,45-54,Istanbul
C006015,U025981,CMP_BANK,2026-08-13,True,35-44,Izmir
C006016,U025982,CMP_BANK,2026-08-27,True,25-34,Other
C006017,U025984,CMP_BANK,2026-09-28,True,35-44,Istanbul
C006018,U025986,CMP_BANK,2026-07-15,True,45-54,Izmir
C006019,U025989,CMP_BANK,2026-09-02,True,25-34,Kayseri
C006020,U025990,CMP_BANK,2026-09-05,True,35-44,Other
C006021,U025992,CMP_BANK,2026-07-08,True,35-44,Istanbul
C006022,U025994,CMP_BANK,2026-08-17,True,18-24,Istanbul
C006023,U025995,CMP_BANK,2026-09-30,True,35-44,Izmir
C006024,U025996,CMP_BANK,2026-09-20,True,18-24,Ankara
C006025,U025997,CMP_BANK,2026-07-05,True,45-54,Ankara
C006026,U025998,CMP_BANK,2026-07-31,True,45-54,Gaziantep
C006027,U025999,CMP_BANK,2026-08-06,True,25-34,Konya
C006028,U026000,CMP_BANK,2026-08-15,True,25-34,Istanbul
C006029,U026002,CMP_BANK,2026-08-06,True,55+,Istanbul
C006030,U026003,CMP_BANK,2026-09-23,True,25-34,Ankara
C006031,U026006,CMP_BANK,2026-07-17,True,18-24,Istanbul
C006032,U026007,CMP_BANK,2026-09-30,True,35-44,Istanbul
C006033,U026008,CMP_BANK,2026-08-25,True,35-44,Ankara
C006034,U026010,CMP_BANK,2026-08-16,True,45-54,Istanbul
C006035,U026012,CMP_BANK,2026-07-26,True,25-34,Istanbul
C006036,U026013,CMP_BANK,2026-07-04,True,35-44,Istanbul
C006037,U026014,CMP_BANK,2026-08-04,True,45-54,Konya
C006038,U026015,CMP_BANK,2026-07-28,True,35-44,Konya
C006039,U026016,CMP_BANK,2026-07-11,True,35-44,Istanbul
C006040,U026017,CMP_BANK,2026-07-19,True,45-54,Izmir
C006041,U026019,CMP_BANK,2026-07-30,True,35-44,Bursa
C006042,U026021,CMP_BANK,2026-08-19,True,35-44,Izmir
C006043,U026022,CMP_BANK,2026-08-21,True,25-34,Ankara
C006044,U026023,CMP_BANK,2026-09-10,True,45-54,Istanbul
C006045,U026026,CMP_BANK,2026-08-15,True,55+,Istanbul
C006046,U026027,CMP_BANK,2026-07-02,True,35-44,Istanbul
C006047,U026028,CMP_BANK,2026-09-12,True,25-34,Other
C006048,U026030,CMP_BANK,2026-07-19,True,55+,Konya
C006049,U026031,CMP_BANK,2026-07-16,True,35-44,Bursa
C006050,U026034,CMP_BANK,2026-08-14,True,25-34,Konya
C006051,U026035,CMP_BANK,2026-08-16,True,35-44,Ankara
C006052,U026039,CMP_BANK,2026-07-14,True,35-44,Istanbul
C006053,U026040,CMP_BANK,2026-07-08,True,45-54,Izmir
C006054,U026042,CMP_BANK,2026-07-13,True,45-54,Other
C006055,U026043,CMP_BANK,2026-07-26,True,45-54,Izmir
C006056,U026044,CMP_BANK,2026-08-14,True,35-44,Istanbul
C006057,U026045,CMP_BANK,2026-08-07,True,35-44,Istanbul
C006058,U026046,CMP_BANK,2026-07-25,True,35-44,Istanbul
C006059,U026049,CMP_BANK,2026-09-15,True,45-54,Other
C006060,U026050,CMP_BANK,2026-08-12,True,25-34,Istanbul
C006061,U026051,CMP_BANK,2026-08-31,True,45-54,Ankara
C006062,U026052,CMP_BANK,2026-07-08,True,35-44,Bursa
C006063,U026053,CMP_BANK,2026-08-28,True,55+,Istanbul
C006064,U026054,CMP_BANK,2026-08-25,True,25-34,Konya
C006065,U026056,CMP_BANK,2026-08-29,True,35-44,Istanbul
C006066,U026059,CMP_BANK,2026-07-31,True,35-44,Istanbul
C006067,U026060,CMP_BANK,2026-09-14,True,45-54,Bursa
C006068,U026062,CMP_BANK,2026-09-16,True,35-44,Other
C006069,U026063,CMP_BANK,2026-09-10,True,25-34,Istanbul
C006070,U026065,CMP_BANK,2026-07-02,True,45-54,Istanbul
C006071,U026066,CMP_BANK,2026-07-15,True,35-44,Izmir
C006072,U026067,CMP_BANK,2026-09-05,True,25-34,Izmir
C006073,U026068,CMP_BANK,2026-09-04,True,25-34,Kocaeli
C006074,U026069,CMP_BANK,2026-08-10,True,45-54,Antalya
C006075,U026071,CMP_BANK,2026-07-05,True,25-34,Ankara
C006076,U026072,CMP_BANK,2026-07-06,True,35-44,Izmir
C006077,U026074,CMP_BANK,2026-08-08,True,35-44,Other
C006078,U026077,CMP_BANK,2026-07-12,True,18-24,Izmir
C006079,U026080,CMP_BANK,2026-07-13,True,25-34,Other
C006080,U026081,CMP_BANK,2026-09-18,True,25-34,Konya
C006081,U026083,CMP_BANK,2026-08-23,True,35-44,Kayseri
C006082,U026084,CMP_BANK,2026-08-20,True,35-44,Istanbul
C006083,U026086,CMP_BANK,2026-08-19,True,25-34,Ankara
C006084,U026090,CMP_BANK,2026-07-10,True,45-54,Konya
C006085,U026091,CMP_BANK,2026-08-17,True,25-34,Ankara
C006086,U026094,CMP_BANK,2026-08-09,True,45-54,Istanbul
C006087,U026095,CMP_BANK,2026-08-07,True,35-44,Istanbul
C006088,U026097,CMP_BANK,2026-08-23,True,45-54,Antalya
C006089,U026098,CMP_BANK,2026-08-03,True,35-44,Konya
C006090,U026100,CMP_BANK,2026-07-01,True,45-54,Izmir
C006091,U026101,CMP_BANK,2026-07-08,True,35-44,Istanbul
C006092,U026103,CMP_BANK,2026-07-14,True,35-44,Ankara
C006093,U026104,CMP_BANK,2026-07-03,True,35-44,Istanbul
C006094,U026105,CMP_BANK,2026-08-02,True,35-44,Istanbul
C006095,U026106,CMP_BANK,2026-08-21,True,35-44,Other
C006096,U026107,CMP_BANK,2026-07-22,True,35-44,Bursa
C006097,U026109,CMP_BANK,2026-09-26,True,55+,Istanbul
C006098,U026111,CMP_BANK,2026-07-18,True,25-34,Istanbul
C006099,U026112,CMP_BANK,2026-07-13,True,45-54,Istanbul
C006100,U026113,CMP_BANK,2026-08-13,True,55+,Istanbul
C006101,U026114,CMP_BANK,2026-08-03,True,55+,Gaziantep
C006102,U026115,CMP_BANK,2026-08-17,True,55+,Other
C006103,U026116,CMP_BANK,2026-08-11,True,55+,Bursa
C006104,U026118,CMP_BANK,2026-08-02,True,45-54,Istanbul
C006105,U026122,CMP_BANK,2026-08-08,True,35-44,Ankara
C006106,U026123,CMP_BANK,2026-07-09,True,25-34,Istanbul
C006107,U026124,CMP_BANK,2026-08-18,True,18-24,Ankara
C006108,U026125,CMP_BANK,2026-07-31,True,18-24,Ankara
C006109,U026129,CMP_BANK,2026-08-25,True,25-34,Istanbul
C006110,U026131,CMP_BANK,2026-07-22,True,55+,Kocaeli
C006111,U026132,CMP_BANK,2026-07-13,True,18-24,Konya
C006112,U026133,CMP_BANK,2026-07-06,True,45-54,Istanbul
C006113,U026134,CMP_BANK,2026-08-03,True,55+,Istanbul
C006114,U026137,CMP_BANK,2026-08-09,True,35-44,Gaziantep
C006115,U026138,CMP_BANK,2026-08-01,True,35-44,Ankara
C006116,U026139,CMP_BANK,2026-07-06,True,35-44,Izmir
C006117,U026141,CMP_BANK,2026-08-11,True,25-34,Konya
C006118,U026142,CMP_BANK,2026-07-17,True,25-34,Istanbul
C006119,U026143,CMP_BANK,2026-07-14,True,35-44,Ankara
C006120,U026144,CMP_BANK,2026-07-08,True,35-44,Istanbul
C006121,U026146,CMP_BANK,2026-09-01,True,55+,Istanbul
C006122,U026147,CMP_BANK,2026-09-10,True,25-34,Konya
C006123,U026148,CMP_BANK,2026-08-24,True,35-44,Izmir
C006124,U026149,CMP_BANK,2026-09-03,True,45-54,Istanbul
C006125,U026150,CMP_BANK,2026-07-04,True,45-54,Konya
C006126,U026152,CMP_BANK,2026-07-14,True,45-54,Other
C006127,U026153,CMP_BANK,2026-07-22,True,55+,Kocaeli
C006128,U026154,CMP_BANK,2026-08-23,True,35-44,Konya
C006129,U026156,CMP_BANK,2026-07-09,True,35-44,Istanbul
C006130,U026160,CMP_BANK,2026-07-08,True,45-54,Other
C006131,U026162,CMP_BANK,2026-07-30,True,25-34,Istanbul
C006132,U026163,CMP_BANK,2026-07-04,True,25-34,Ankara
C006133,U026164,CMP_BANK,2026-08-07,True,35-44,Konya
C006134,U026165,CMP_BANK,2026-07-01,True,35-44,Izmir
C006135,U026168,CMP_BANK,2026-07-17,True,45-54,Istanbul
C006136,U026169,CMP_BANK,2026-08-11,True,25-34,Istanbul
C006137,U026171,CMP_BANK,2026-07-01,True,25-34,Ankara
C006138,U026172,CMP_BANK,2026-07-04,True,55+,Istanbul
C006139,U026174,CMP_BANK,2026-07-10,True,25-34,Bursa
C006140,U026175,CMP_BANK,2026-09-01,True,18-24,Ankara
C006141,U026177,CMP_BANK,2026-08-13,True,35-44,Other
C006142,U026178,CMP_BANK,2026-09-07,True,45-54,Istanbul
C006143,U026181,CMP_BANK,2026-08-17,True,25-34,Ankara
C006144,U026185,CMP_BANK,2026-07-01,True,45-54,Izmir
C006145,U026186,CMP_BANK,2026-07-26,True,45-54,Istanbul
C006146,U026187,CMP_BANK,2026-07-12,True,35-44,Izmir
C006147,U026188,CMP_BANK,2026-08-24,True,35-44,Istanbul
C006148,U026190,CMP_BANK,2026-07-30,True,45-54,Konya
C006149,U026193,CMP_BANK,2026-07-05,True,45-54,Konya
C006150,U026194,CMP_BANK,2026-07-26,True,45-54,Other
C006151,U026196,CMP_BANK,2026-09-07,True,55+,Istanbul
C006152,U026197,CMP_BANK,2026-08-03,True,18-24,Ankara
C006153,U026198,CMP_BANK,2026-08-25,True,45-54,Ankara
C006154,U026200,CMP_BANK,2026-07-11,True,45-54,Bursa
C006155,U026202,CMP_BANK,2026-07-27,True,35-44,Istanbul
C006156,U026204,CMP_BANK,2026-07-20,True,45-54,Other
C006157,U026205,CMP_BANK,2026-07-08,True,35-44,Istanbul
C006158,U026209,CMP_BANK,2026-07-26,True,18-24,Istanbul
C006159,U026214,CMP_BANK,2026-07-18,True,55+,Istanbul
C006160,U026215,CMP_BANK,2026-09-16,True,25-34,Bursa
C006161,U026216,CMP_BANK,2026-07-17,True,35-44,Istanbul
C006162,U026217,CMP_BANK,2026-07-24,True,45-54,Istanbul
C006163,U026220,CMP_BANK,2026-07-17,True,18-24,Other
C006164,U026223,CMP_BANK,2026-09-01,True,18-24,Istanbul
C006165,U026225,CMP_BANK,2026-07-23,True,55+,Istanbul
C006166,U026228,CMP_BANK,2026-07-01,True,45-54,Ankara
C006167,U026229,CMP_BANK,2026-07-23,True,35-44,Istanbul
C006168,U026230,CMP_BANK,2026-07-29,True,35-44,Gaziantep
C006169,U026232,CMP_BANK,2026-09-16,True,55+,Istanbul
C006170,U026233,CMP_BANK,2026-09-14,True,45-54,Other
C006171,U026234,CMP_BANK,2026-08-29,True,35-44,Other
C006172,U026236,CMP_BANK,2026-08-27,True,25-34,Istanbul
C006173,U026237,CMP_BANK,2026-07-17,True,45-54,Istanbul
C006174,U026239,CMP_BANK,2026-08-03,True,55+,Istanbul
C006175,U026240,CMP_BANK,2026-07-24,True,45-54,Other
C006176,U026244,CMP_BANK,2026-07-11,True,35-44,Istanbul
C006177,U026246,CMP_BANK,2026-09-13,True,25-34,Other
C006178,U026247,CMP_BANK,2026-07-07,True,55+,Istanbul
C006179,U026249,CMP_BANK,2026-07-31,True,25-34,Izmir
C006180,U026252,CMP_BANK,2026-08-26,True,25-34,Izmir
C006181,U026255,CMP_BANK,2026-08-13,True,35-44,Istanbul
C006182,U026256,CMP_BANK,2026-07-31,True,18-24,Antalya
C006183,U026257,CMP_BANK,2026-08-19,True,25-34,Istanbul
C006184,U026258,CMP_BANK,2026-07-04,True,55+,Izmir
C006185,U026260,CMP_BANK,2026-07-05,True,35-44,Other
C006186,U026262,CMP_BANK,2026-09-30,True,55+,Istanbul
C006187,U026263,CMP_BANK,2026-07-03,True,25-34,Ankara
C006188,U026265,CMP_BANK,2026-09-03,True,55+,Other
C006189,U026267,CMP_BANK,2026-07-09,True,35-44,Istanbul
C006190,U026271,CMP_BANK,2026-07-08,True,55+,Kocaeli
C006191,U026272,CMP_BANK,2026-07-07,True,55+,Istanbul
C006192,U026273,CMP_BANK,2026-08-06,True,45-54,Istanbul
C006193,U026275,CMP_BANK,2026-07-10,True,55+,Istanbul
C006194,U026276,CMP_BANK,2026-07-06,True,45-54,Istanbul
C006195,U026279,CMP_BANK,2026-07-15,True,45-54,Ankara
C006196,U026282,CMP_BANK,2026-07-15,True,45-54,Istanbul
C006197,U026284,CMP_BANK,2026-07-22,True,45-54,Konya
C006198,U026285,CMP_BANK,2026-08-10,True,45-54,Izmir
C006199,U026288,CMP_BANK,2026-09-30,True,55+,Other
C006200,U026289,CMP_BANK,2026-09-03,True,55+,Other
C006201,U026290,CMP_BANK,2026-07-17,True,55+,Istanbul
C006202,U026291,CMP_BANK,2026-07-25,True,45-54,Other
C006203,U026293,CMP_BANK,2026-09-24,True,55+,Istanbul
C006204,U026294,CMP_BANK,2026-07-07,True,45-54,Ankara
C006205,U026295,CMP_BANK,2026-08-13,True,25-34,Izmir
C006206,U026296,CMP_BANK,2026-07-05,True,25-34,Ankara
C006207,U026297,CMP_BANK,2026-09-03,True,25-34,Gaziantep
C006208,U026299,CMP_BANK,2026-09-07,True,25-34,Antalya
C006209,U026300,CMP_BANK,2026-08-24,True,25-34,Istanbul
C006210,U026301,CMP_BANK,2026-07-27,True,18-24,Konya
C006211,U026303,CMP_BANK,2026-07-24,True,35-44,Bursa
C006212,U026304,CMP_BANK,2026-07-12,True,25-34,Kocaeli
C006213,U026305,CMP_BANK,2026-08-13,True,45-54,Ankara
C006214,U026308,CMP_BANK,2026-07-31,True,35-44,Istanbul
C006215,U026310,CMP_BANK,2026-07-15,True,45-54,Istanbul
C006216,U026312,CMP_BANK,2026-08-11,True,55+,Istanbul
C006217,U026313,CMP_BANK,2026-08-10,True,45-54,Istanbul
C006218,U026315,CMP_BANK,2026-09-06,True,35-44,Other
C006219,U026316,CMP_BANK,2026-08-18,True,55+,Istanbul
C006220,U026318,CMP_BANK,2026-08-20,True,45-54,Istanbul
C006221,U026319,CMP_BANK,2026-07-18,True,35-44,Izmir
C006222,U026320,CMP_BANK,2026-07-02,True,35-44,Other
C006223,U026321,CMP_BANK,2026-07-24,True,45-54,Istanbul
C006224,U026324,CMP_BANK,2026-07-17,True,45-54,Other
C006225,U026325,CMP_BANK,2026-08-05,True,45-54,Izmir
C006226,U026326,CMP_BANK,2026-08-19,True,18-24,Gaziantep
C006227,U026327,CMP_BANK,2026-08-28,True,45-54,Other
C006228,U026329,CMP_BANK,2026-08-05,True,25-34,Istanbul
C006229,U026330,CMP_BANK,2026-08-13,True,25-34,Istanbul
C006230,U026333,CMP_BANK,2026-09-04,True,45-54,Izmir
C006231,U026334,CMP_BANK,2026-08-29,True,35-44,Ankara
C006232,U026335,CMP_BANK,2026-08-03,True,35-44,Other
C006233,U026336,CMP_BANK,2026-07-28,True,55+,Istanbul
C006234,U026337,CMP_BANK,2026-09-04,True,45-54,Other
C006235,U026338,CMP_BANK,2026-08-10,True,35-44,Istanbul
C006236,U026339,CMP_BANK,2026-08-16,True,55+,Istanbul
C006237,U026340,CMP_BANK,2026-07-08,True,55+,Izmir
C006238,U026342,CMP_BANK,2026-07-16,True,45-54,Istanbul
C006239,U026343,CMP_BANK,2026-07-27,True,25-34,Istanbul
C006240,U026344,CMP_BANK,2026-09-11,True,35-44,Ankara
C006241,U026347,CMP_BANK,2026-08-21,True,55+,Istanbul
C006242,U026348,CMP_BANK,2026-07-15,True,25-34,Istanbul
C006243,U026350,CMP_BANK,2026-07-06,True,55+,Istanbul
C006244,U026352,CMP_BANK,2026-09-04,True,35-44,Ankara
C006245,U026353,CMP_BANK,2026-09-04,True,25-34,Other
C006246,U026354,CMP_BANK,2026-07-24,True,55+,Other
C006247,U026355,CMP_BANK,2026-07-20,True,55+,Ankara
C006248,U026356,CMP_BANK,2026-08-24,True,45-54,Other
C006249,U026357,CMP_BANK,2026-07-02,True,25-34,Istanbul
C006250,U026358,CMP_BANK,2026-09-10,True,55+,Kocaeli
C006251,U026360,CMP_BANK,2026-08-08,True,55+,Konya
C006252,U026361,CMP_BANK,2026-07-10,True,35-44,Bursa
C006253,U026362,CMP_BANK,2026-09-03,True,35-44,Izmir
C006254,U026363,CMP_BANK,2026-07-12,True,55+,Kocaeli
C006255,U026364,CMP_BANK,2026-08-08,True,25-34,Istanbul
C006256,U026367,CMP_BANK,2026-08-04,True,25-34,Istanbul
C006257,U026368,CMP_BANK,2026-07-16,True,25-34,Istanbul
C006258,U026369,CMP_BANK,2026-07-06,True,25-34,Kocaeli
C006259,U026370,CMP_BANK,2026-08-05,True,35-44,Izmir
C006260,U026371,CMP_BANK,2026-07-21,True,25-34,Gaziantep
C006261,U026373,CMP_BANK,2026-07-21,True,18-24,Ankara
C006262,U026375,CMP_BANK,2026-08-14,True,45-54,Konya
C006263,U026376,CMP_BANK,2026-07-08,True,35-44,Other
C006264,U026377,CMP_BANK,2026-09-12,True,35-44,Other
C006265,U026380,CMP_BANK,2026-08-06,True,45-54,Ankara
C006266,U026382,CMP_BANK,2026-07-08,True,35-44,Ankara
C006267,U026385,CMP_BANK,2026-07-15,True,35-44,Istanbul
C006268,U026386,CMP_BANK,2026-07-26,True,55+,Istanbul
C006269,U026387,CMP_BANK,2026-07-19,True,35-44,Antalya
C006270,U026388,CMP_BANK,2026-08-02,True,18-24,Ankara
C006271,U026389,CMP_BANK,2026-09-02,True,35-44,Kocaeli
C006272,U026390,CMP_BANK,2026-07-13,True,35-44,Other
C006273,U026393,CMP_BANK,2026-08-06,True,35-44,Gaziantep
C006274,U026394,CMP_BANK,2026-08-17,True,25-34,Istanbul
C006275,U026395,CMP_BANK,2026-09-06,True,35-44,Other
C006276,U026396,CMP_BANK,2026-08-29,True,35-44,Istanbul
C006277,U026399,CMP_BANK,2026-08-19,True,45-54,Konya
C006278,U026401,CMP_BANK,2026-09-08,True,55+,Izmir
C006279,U026403,CMP_BANK,2026-07-24,True,45-54,Antalya
C006280,U026406,CMP_BANK,2026-07-29,True,25-34,Kayseri
C006281,U026407,CMP_BANK,2026-08-14,True,25-34,Bursa
C006282,U026408,CMP_BANK,2026-08-15,True,55+,Istanbul
C006283,U026409,CMP_BANK,2026-07-17,True,55+,Konya
C006284,U026410,CMP_BANK,2026-07-19,True,18-24,Istanbul
C006285,U026411,CMP_BANK,2026-08-17,True,35-44,Ankara
C006286,U026414,CMP_BANK,2026-08-25,True,55+,Ankara
C006287,U026415,CMP_BANK,2026-07-09,True,45-54,Kocaeli
C006288,U026417,CMP_BANK,2026-08-25,True,45-54,Konya
C006289,U026418,CMP_BANK,2026-09-17,True,25-34,Ankara
C006290,U026419,CMP_BANK,2026-09-15,True,35-44,Other
C006291,U026420,CMP_BANK,2026-09-14,True,55+,Other
C006292,U026422,CMP_BANK,2026-09-01,True,55+,Kocaeli
C006293,U026423,CMP_BANK,2026-08-28,True,35-44,Other
C006294,U026424,CMP_BANK,2026-08-10,True,25-34,Ankara
C006295,U026426,CMP_BANK,2026-07-31,True,45-54,Istanbul
C006296,U026427,CMP_BANK,2026-07-21,True,18-24,Istanbul
C006297,U026428,CMP_BANK,2026-07-28,True,35-44,Istanbul
C006298,U026430,CMP_BANK,2026-07-08,True,25-34,Izmir
C006299,U026435,CMP_BANK,2026-08-05,True,45-54,Ankara
C006300,U026436,CMP_BANK,2026-07-10,True,35-44,Ankara
C006301,U026437,CMP_BANK,2026-09-06,True,25-34,Istanbul
C006302,U026438,CMP_BANK,2026-07-02,True,35-44,Ankara
C006303,U026440,CMP_BANK,2026-07-11,True,35-44,Konya
C006304,U026441,CMP_BANK,2026-07-21,True,35-44,Istanbul
C006305,U026443,CMP_BANK,2026-07-27,True,35-44,Izmir
C006306,U026446,CMP_BANK,2026-08-28,True,35-44,Istanbul
C006307,U026450,CMP_BANK,2026-09-11,True,45-54,Istanbul
C006308,U026451,CMP_BANK,2026-07-17,True,55+,Gaziantep
C006309,U026452,CMP_BANK,2026-07-04,True,55+,Istanbul
C006310,U026453,CMP_BANK,2026-08-30,True,45-54,Istanbul
C006311,U026454,CMP_BANK,2026-09-20,True,45-54,Istanbul
C006312,U026457,CMP_BANK,2026-07-04,True,35-44,Gaziantep
C006313,U026458,CMP_BANK,2026-08-08,True,45-54,Istanbul
C006314,U026459,CMP_BANK,2026-07-02,True,35-44,Other
C006315,U026461,CMP_BANK,2026-07-05,True,55+,Ankara
C006316,U026462,CMP_BANK,2026-08-31,True,35-44,Other
C006317,U026463,CMP_BANK,2026-07-20,True,35-44,Kocaeli
C006318,U026464,CMP_BANK,2026-07-03,True,45-54,Istanbul
C006319,U026465,CMP_BANK,2026-07-04,True,35-44,Izmir
C006320,U026466,CMP_BANK,2026-08-26,True,35-44,Izmir
C006321,U026467,CMP_BANK,2026-08-01,True,35-44,Bursa
C006322,U026469,CMP_BANK,2026-08-07,True,35-44,Kayseri
C006323,U026470,CMP_BANK,2026-08-18,True,55+,Istanbul
C006324,U026471,CMP_BANK,2026-07-09,True,45-54,Kocaeli
C006325,U026472,CMP_BANK,2026-09-06,True,35-44,Istanbul
C006326,U026473,CMP_BANK,2026-07-03,True,25-34,Istanbul
C006327,U026474,CMP_BANK,2026-08-03,True,45-54,Ankara
C006328,U026478,CMP_BANK,2026-08-15,True,45-54,Istanbul
C006329,U026479,CMP_BANK,2026-08-09,True,35-44,Other
C006330,U026480,CMP_BANK,2026-08-17,True,55+,Bursa
C006331,U026481,CMP_BANK,2026-08-31,True,35-44,Istanbul
C006332,U026482,CMP_BANK,2026-07-03,True,45-54,Other
C006333,U026483,CMP_BANK,2026-08-22,True,18-24,Kayseri
C006334,U026484,CMP_BANK,2026-07-16,True,18-24,Istanbul
C006335,U026485,CMP_BANK,2026-09-23,True,45-54,Konya
C006336,U026486,CMP_BANK,2026-07-16,True,55+,Kayseri
C006337,U026487,CMP_BANK,2026-07-25,True,18-24,Kocaeli
C006338,U026488,CMP_BANK,2026-07-07,True,25-34,Gaziantep
C006339,U026489,CMP_BANK,2026-07-06,True,25-34,Istanbul
C006340,U026490,CMP_BANK,2026-08-25,True,45-54,Ankara
C006341,U026492,CMP_BANK,2026-08-10,True,45-54,Istanbul
C006342,U026493,CMP_BANK,2026-07-29,True,35-44,Izmir
C006343,U026494,CMP_BANK,2026-07-18,True,25-34,Ankara
C006344,U026495,CMP_BANK,2026-07-14,True,45-54,Istanbul
C006345,U026496,CMP_BANK,2026-07-29,True,25-34,Other
C006346,U026497,CMP_BANK,2026-08-25,True,45-54,Istanbul
C006347,U026499,CMP_BANK,2026-07-19,True,35-44,Bursa
C006348,U026501,CMP_BANK,2026-08-31,True,35-44,Istanbul
C006349,U026504,CMP_BANK,2026-08-14,True,25-34,Istanbul
C006350,U026505,CMP_BANK,2026-08-15,True,35-44,Istanbul
C006351,U026506,CMP_BANK,2026-07-10,True,45-54,Izmir
C006352,U026507,CMP_BANK,2026-09-23,True,25-34,Istanbul
C006353,U026508,CMP_BANK,2026-09-02,True,55+,Ankara
C006354,U026509,CMP_BANK,2026-07-24,True,45-54,Antalya
C006355,U026510,CMP_BANK,2026-07-31,True,55+,Izmir
C006356,U026511,CMP_BANK,2026-07-16,True,35-44,Istanbul
C006357,U026512,CMP_BANK,2026-08-11,True,55+,Istanbul
C006358,U026513,CMP_BANK,2026-07-03,True,45-54,Other
C006359,U026514,CMP_BANK,2026-07-12,True,25-34,Istanbul
C006360,U026516,CMP_BANK,2026-09-20,True,25-34,Kocaeli
C006361,U026517,CMP_BANK,2026-09-14,True,18-24,Ankara
C006362,U026518,CMP_BANK,2026-09-08,True,55+,Kayseri
C006363,U026519,CMP_BANK,2026-08-06,True,35-44,Istanbul
C006364,U026521,CMP_BANK,2026-07-25,True,35-44,Ankara
C006365,U026522,CMP_BANK,2026-07-13,True,45-54,Ankara
C006366,U026523,CMP_BANK,2026-07-18,True,45-54,Other
C006367,U026524,CMP_BANK,2026-07-30,True,45-54,Kayseri
C006368,U026526,CMP_BANK,2026-09-18,True,35-44,Izmir
C006369,U026529,CMP_BANK,2026-07-20,True,35-44,Other
C006370,U026531,CMP_BANK,2026-08-01,True,55+,Other
C006371,U026532,CMP_BANK,2026-07-26,True,35-44,Izmir
C006372,U026533,CMP_BANK,2026-07-15,True,25-34,Ankara
C006373,U026534,CMP_BANK,2026-08-20,True,25-34,Istanbul
C006374,U026535,CMP_BANK,2026-07-15,True,25-34,Kocaeli
C006375,U026538,CMP_BANK,2026-09-27,True,45-54,Other
C006376,U026541,CMP_BANK,2026-08-06,True,45-54,Istanbul
C006377,U026542,CMP_BANK,2026-08-27,True,45-54,Istanbul
C006378,U026543,CMP_BANK,2026-08-09,True,45-54,Istanbul
C006379,U026544,CMP_BANK,2026-08-30,True,25-34,Istanbul
C006380,U026545,CMP_BANK,2026-07-13,True,45-54,Ankara
C006381,U026546,CMP_BANK,2026-07-14,True,55+,Istanbul
C006382,U026547,CMP_BANK,2026-08-01,True,25-34,Konya
C006383,U026548,CMP_BANK,2026-07-25,True,18-24,Other
C006384,U026549,CMP_BANK,2026-07-18,True,55+,Other
C006385,U026550,CMP_BANK,2026-07-25,True,35-44,Istanbul
C006386,U026552,CMP_BANK,2026-08-14,True,45-54,Izmir
C006387,U026555,CMP_BANK,2026-07-12,True,35-44,Istanbul
C006388,U026558,CMP_BANK,2026-07-20,True,25-34,Istanbul
C006389,U026559,CMP_BANK,2026-07-04,True,45-54,Istanbul
C006390,U026562,CMP_BANK,2026-08-12,True,55+,Izmir
C006391,U026563,CMP_BANK,2026-09-23,True,25-34,Antalya
C006392,U026567,CMP_BANK,2026-07-10,True,18-24,Istanbul
C006393,U026569,CMP_BANK,2026-09-23,True,45-54,Istanbul
C006394,U026573,CMP_BANK,2026-08-07,True,55+,Istanbul
C006395,U026579,CMP_BANK,2026-07-05,True,45-54,Other
C006396,U026580,CMP_BANK,2026-07-03,True,55+,Istanbul
C006397,U026581,CMP_BANK,2026-07-11,True,35-44,Istanbul
C006398,U026584,CMP_BANK,2026-07-12,True,35-44,Bursa
C006399,U026586,CMP_BANK,2026-07-29,True,25-34,Antalya
C006400,U026587,CMP_BANK,2026-07-06,True,45-54,Istanbul
C006401,U026588,CMP_BANK,2026-08-05,True,25-34,Other
C006402,U026593,CMP_BANK,2026-07-12,True,45-54,Istanbul
C006403,U026594,CMP_BANK,2026-07-12,True,45-54,Other
C006404,U026599,CMP_BANK,2026-08-23,True,55+,Istanbul
C006405,U026601,CMP_BANK,2026-07-01,True,45-54,Istanbul
C006406,U026602,CMP_BANK,2026-07-04,True,45-54,Bursa
C006407,U026603,CMP_BANK,2026-08-04,True,35-44,Other
C006408,U026604,CMP_BANK,2026-07-30,True,45-54,Konya
C006409,U026605,CMP_BANK,2026-09-23,True,18-24,Other
C006410,U026607,CMP_BANK,2026-07-18,True,25-34,Other
C006411,U026608,CMP_BANK,2026-08-23,True,25-34,Kocaeli
C006412,U026610,CMP_BANK,2026-07-05,True,45-54,Istanbul
C006413,U026612,CMP_BANK,2026-08-13,True,55+,Bursa
C006414,U026619,CMP_BANK,2026-09-13,True,25-34,Other
C006415,U026620,CMP_BANK,2026-09-17,True,45-54,Ankara
C006416,U026622,CMP_BANK,2026-09-10,True,45-54,Bursa
C006417,U026623,CMP_BANK,2026-08-15,True,25-34,Istanbul
C006418,U026627,CMP_BANK,2026-07-12,True,35-44,Izmir
C006419,U026628,CMP_BANK,2026-07-15,True,45-54,Konya
C006420,U026629,CMP_BANK,2026-07-17,True,45-54,Konya
C006421,U026631,CMP_BANK,2026-07-10,True,45-54,Izmir
C006422,U026632,CMP_BANK,2026-07-06,True,35-44,Istanbul
C006423,U026635,CMP_BANK,2026-08-02,True,18-24,Bursa
C006424,U026636,CMP_BANK,2026-07-20,True,45-54,Kayseri
C006425,U026640,CMP_BANK,2026-07-06,True,25-34,Other
C006426,U026641,CMP_BANK,2026-07-17,True,25-34,Istanbul
C006427,U026643,CMP_BANK,2026-07-28,True,25-34,Izmir
C006428,U026645,CMP_BANK,2026-08-03,True,55+,Ankara
C006429,U026646,CMP_BANK,2026-07-25,True,25-34,Istanbul
C006430,U026648,CMP_BANK,2026-08-19,True,55+,Antalya
C006431,U026649,CMP_BANK,2026-07-07,True,45-54,Other
C006432,U026651,CMP_BANK,2026-07-27,True,18-24,Istanbul
C006433,U026654,CMP_BANK,2026-08-03,True,35-44,Other
C006434,U026656,CMP_BANK,2026-07-12,True,35-44,Istanbul
C006435,U026658,CMP_BANK,2026-08-08,True,25-34,Istanbul
C006436,U026659,CMP_BANK,2026-07-20,True,35-44,Other
C006437,U026660,CMP_BANK,2026-07-16,True,45-54,Istanbul
C006438,U026661,CMP_BANK,2026-07-15,True,55+,Ankara
C006439,U026662,CMP_BANK,2026-09-02,True,25-34,Ankara
C006440,U026663,CMP_BANK,2026-07-31,True,45-54,Istanbul
C006441,U026664,CMP_BANK,2026-09-03,True,45-54,Other
C006442,U026666,CMP_BANK,2026-08-07,True,55+,Izmir
C006443,U026667,CMP_BANK,2026-08-28,True,35-44,Other
C006444,U026669,CMP_BANK,2026-07-07,True,35-44,Ankara
C006445,U026671,CMP_BANK,2026-07-28,True,45-54,Bursa
C006446,U026672,CMP_BANK,2026-09-19,True,55+,Istanbul
C006447,U026673,CMP_BANK,2026-07-27,True,55+,Other
C006448,U026676,CMP_BANK,2026-07-28,True,35-44,Other
C006449,U026677,CMP_BANK,2026-07-30,True,55+,Izmir
C006450,U026680,CMP_BANK,2026-07-06,True,45-54,Kayseri
C006451,U026681,CMP_BANK,2026-09-14,True,45-54,Ankara
C006452,U026683,CMP_BANK,2026-09-16,True,25-34,Other
C006453,U026684,CMP_BANK,2026-07-13,True,45-54,Izmir
C006454,U026685,CMP_BANK,2026-07-21,True,18-24,Ankara
C006455,U026686,CMP_BANK,2026-07-14,True,45-54,Other
C006456,U026687,CMP_BANK,2026-07-06,True,25-34,Istanbul
C006457,U026688,CMP_BANK,2026-09-07,True,25-34,Konya
C006458,U026689,CMP_BANK,2026-08-03,True,45-54,Antalya
C006459,U026690,CMP_BANK,2026-07-08,True,45-54,Other
C006460,U026691,CMP_BANK,2026-09-13,True,55+,Istanbul
C006461,U026693,CMP_BANK,2026-07-15,True,55+,Antalya
C006462,U026694,CMP_BANK,2026-08-12,True,35-44,Other
C006463,U026695,CMP_BANK,2026-09-02,True,55+,Gaziantep
C006464,U026696,CMP_BANK,2026-08-02,True,18-24,Istanbul
C006465,U026697,CMP_BANK,2026-08-10,True,55+,Other
C006466,U026699,CMP_BANK,2026-09-09,True,45-54,Istanbul
C006467,U026701,CMP_BANK,2026-07-12,True,25-34,Istanbul
C006468,U026702,CMP_BANK,2026-07-04,True,35-44,Ankara
C006469,U026703,CMP_BANK,2026-07-23,True,55+,Izmir
C006470,U026704,CMP_BANK,2026-09-15,True,25-34,Other
C006471,U026705,CMP_BANK,2026-08-21,True,35-44,Konya
C006472,U026707,CMP_BANK,2026-07-09,True,45-54,Istanbul
C006473,U026708,CMP_BANK,2026-07-09,True,55+,Istanbul
C006474,U026709,CMP_BANK,2026-07-13,True,18-24,Istanbul
C006475,U026710,CMP_BANK,2026-07-21,True,25-34,Kocaeli
C006476,U026711,CMP_BANK,2026-09-23,True,45-54,Other
C006477,U026712,CMP_BANK,2026-07-06,True,55+,Other
C006478,U026714,CMP_BANK,2026-07-30,True,45-54,Istanbul
C006479,U026716,CMP_BANK,2026-08-01,True,35-44,Ankara
C006480,U026717,CMP_BANK,2026-08-09,True,55+,Other
C006481,U026720,CMP_BANK,2026-07-02,True,55+,Istanbul
C006482,U026721,CMP_BANK,2026-07-17,True,35-44,Antalya
C006483,U026722,CMP_BANK,2026-07-10,True,45-54,Istanbul
C006484,U026723,CMP_BANK,2026-09-06,True,25-34,Kocaeli
C006485,U026724,CMP_BANK,2026-08-24,True,35-44,Other
C006486,U026725,CMP_BANK,2026-08-07,True,45-54,Bursa
C006487,U026726,CMP_BANK,2026-07-22,True,35-44,Istanbul
C006488,U026727,CMP_BANK,2026-09-25,True,45-54,Izmir
C006489,U026728,CMP_BANK,2026-07-02,True,35-44,Istanbul
C006490,U026729,CMP_BANK,2026-07-17,True,45-54,Istanbul
C006491,U026730,CMP_BANK,2026-07-07,True,35-44,Istanbul
C006492,U026731,CMP_BANK,2026-08-20,True,45-54,Istanbul
C006493,U026732,CMP_BANK,2026-07-10,True,25-34,Bursa
C006494,U026735,CMP_BANK,2026-07-18,True,18-24,Izmir
C006495,U026736,CMP_BANK,2026-07-07,True,55+,Istanbul
C006496,U026737,CMP_BANK,2026-07-02,True,45-54,Bursa
C006497,U026738,CMP_BANK,2026-07-11,True,25-34,Istanbul
C006498,U026739,CMP_BANK,2026-08-30,True,25-34,Other
C006499,U026741,CMP_BANK,2026-07-02,True,35-44,Other
C006500,U026742,CMP_BANK,2026-07-24,True,55+,Kayseri
C006501,U026745,CMP_BANK,2026-07-25,True,35-44,Bursa
C006502,U026746,CMP_BANK,2026-08-17,True,55+,Ankara
C006503,U026747,CMP_BANK,2026-07-21,True,45-54,Ankara
C006504,U026749,CMP_BANK,2026-07-03,True,45-54,Istanbul
C006505,U026751,CMP_BANK,2026-09-30,True,35-44,Other
C006506,U026752,CMP_BANK,2026-07-19,True,35-44,Ankara
C006507,U026753,CMP_BANK,2026-08-31,True,35-44,Antalya
C006508,U026754,CMP_BANK,2026-07-31,True,35-44,Izmir
C006509,U026755,CMP_BANK,2026-07-16,True,35-44,Istanbul
C006510,U026756,CMP_BANK,2026-07-23,True,55+,Bursa
C006511,U026757,CMP_BANK,2026-09-22,True,35-44,Ankara
C006512,U026759,CMP_BANK,2026-08-07,True,25-34,Istanbul
C006513,U026762,CMP_BANK,2026-08-13,True,45-54,Istanbul
C006514,U026765,CMP_BANK,2026-07-13,True,35-44,Other
C006515,U026766,CMP_BANK,2026-07-21,True,55+,Gaziantep
C006516,U026767,CMP_BANK,2026-07-06,True,45-54,Istanbul
C006517,U026768,CMP_BANK,2026-07-27,True,25-34,Istanbul
C006518,U026769,CMP_BANK,2026-09-12,True,18-24,Ankara
C006519,U026770,CMP_BANK,2026-08-01,True,35-44,Istanbul
C006520,U026771,CMP_BANK,2026-07-12,True,45-54,Istanbul
C006521,U026773,CMP_BANK,2026-09-11,True,18-24,Istanbul
C006522,U026775,CMP_BANK,2026-07-31,True,45-54,Istanbul
C006523,U026776,CMP_BANK,2026-07-22,True,45-54,Other
C006524,U026777,CMP_BANK,2026-08-19,True,35-44,Istanbul
C006525,U026779,CMP_BANK,2026-07-08,True,25-34,Ankara
C006526,U026780,CMP_BANK,2026-07-10,True,45-54,Izmir
C006527,U026781,CMP_BANK,2026-07-19,True,35-44,Ankara
C006528,U026782,CMP_BANK,2026-07-12,True,45-54,Istanbul
C006529,U026783,CMP_BANK,2026-07-16,True,25-34,Istanbul
C006530,U026784,CMP_BANK,2026-08-05,True,55+,Istanbul
C006531,U026786,CMP_BANK,2026-07-14,True,45-54,Ankara
C006532,U026787,CMP_BANK,2026-09-29,True,35-44,Istanbul
C006533,U026789,CMP_BANK,2026-07-31,True,55+,Ankara
C006534,U026790,CMP_BANK,2026-08-27,True,18-24,Izmir
C006535,U026795,CMP_BANK,2026-07-17,True,35-44,Bursa
C006536,U026796,CMP_BANK,2026-08-19,True,45-54,Other
C006537,U026800,CMP_BANK,2026-08-09,True,45-54,Ankara
C006538,U026801,CMP_BANK,2026-07-04,True,25-34,Istanbul
C006539,U026802,CMP_BANK,2026-09-06,True,55+,Konya
C006540,U026804,CMP_BANK,2026-09-19,True,18-24,Izmir
C006541,U026806,CMP_BANK,2026-07-10,True,35-44,Bursa
C006542,U026810,CMP_BANK,2026-07-29,True,35-44,Istanbul
C006543,U026811,CMP_BANK,2026-07-16,True,45-54,Istanbul
C006544,U026813,CMP_BANK,2026-07-04,True,35-44,Other
C006545,U026815,CMP_BANK,2026-07-08,True,25-34,Istanbul
C006546,U026819,CMP_BANK,2026-09-05,True,25-34,Istanbul
C006547,U026820,CMP_BANK,2026-07-11,True,35-44,Ankara
C006548,U026825,CMP_BANK,2026-08-22,True,45-54,Istanbul
C006549,U026827,CMP_BANK,2026-07-06,True,55+,Istanbul
C006550,U026828,CMP_BANK,2026-09-24,True,35-44,Antalya
C006551,U026829,CMP_BANK,2026-07-02,True,45-54,Istanbul
C006552,U026830,CMP_BANK,2026-09-11,True,35-44,Istanbul
C006553,U026831,CMP_BANK,2026-07-15,True,55+,Istanbul
C006554,U026832,CMP_BANK,2026-07-17,True,45-54,Istanbul
C006555,U026833,CMP_BANK,2026-07-10,True,35-44,Other
C006556,U026834,CMP_BANK,2026-07-09,True,18-24,Istanbul
C006557,U026837,CMP_BANK,2026-07-11,True,35-44,Izmir
C006558,U026838,CMP_BANK,2026-07-11,True,25-34,Istanbul
C006559,U026840,CMP_BANK,2026-07-16,True,25-34,Ankara
C006560,U026841,CMP_BANK,2026-07-04,True,45-54,Istanbul
C006561,U026843,CMP_BANK,2026-09-01,True,45-54,Istanbul
C006562,U026844,CMP_BANK,2026-07-07,True,55+,Other
C006563,U026845,CMP_BANK,2026-07-17,True,35-44,Bursa
C006564,U026846,CMP_BANK,2026-09-06,True,45-54,Bursa
C006565,U026847,CMP_BANK,2026-09-11,True,35-44,Other
C006566,U026848,CMP_BANK,2026-07-14,True,45-54,Ankara
C006567,U026850,CMP_BANK,2026-09-14,True,35-44,Izmir
C006568,U026851,CMP_BANK,2026-07-23,True,35-44,Istanbul
C006569,U026855,CMP_BANK,2026-08-24,True,55+,Istanbul
C006570,U026857,CMP_BANK,2026-09-16,True,55+,Konya
C006571,U026858,CMP_BANK,2026-07-01,True,25-34,Istanbul
C006572,U026859,CMP_BANK,2026-07-27,True,35-44,Ankara
C006573,U026861,CMP_BANK,2026-08-09,True,35-44,Istanbul
C006574,U026864,CMP_BANK,2026-09-29,True,45-54,Istanbul
C006575,U026866,CMP_BANK,2026-09-02,True,55+,Istanbul
C006576,U026868,CMP_BANK,2026-08-26,True,45-54,Istanbul
C006577,U026870,CMP_BANK,2026-07-29,True,45-54,Konya
C006578,U026875,CMP_BANK,2026-07-26,True,55+,Other
C006579,U026876,CMP_BANK,2026-07-27,True,45-54,Antalya
C006580,U026877,CMP_BANK,2026-07-19,True,45-54,Izmir
C006581,U026878,CMP_BANK,2026-07-15,True,55+,Kocaeli
C006582,U026879,CMP_BANK,2026-07-14,True,55+,Other
C006583,U026880,CMP_BANK,2026-07-20,True,35-44,Istanbul
C006584,U026882,CMP_BANK,2026-08-23,True,45-54,Kayseri
C006585,U026883,CMP_BANK,2026-09-28,True,35-44,Konya
C006586,U026884,CMP_BANK,2026-08-14,True,55+,Kocaeli
C006587,U026885,CMP_BANK,2026-09-30,True,35-44,Konya
C006588,U026887,CMP_BANK,2026-07-24,True,55+,Other
C006589,U026890,CMP_BANK,2026-07-22,True,45-54,Bursa
C006590,U026891,CMP_BANK,2026-07-09,True,25-34,Istanbul
C006591,U026892,CMP_BANK,2026-08-21,True,25-34,Antalya
C006592,U026894,CMP_BANK,2026-07-10,True,45-54,Ankara
C006593,U026895,CMP_BANK,2026-08-17,True,35-44,Other
C006594,U026898,CMP_BANK,2026-08-18,True,25-34,Istanbul
C006595,U026899,CMP_BANK,2026-09-02,True,45-54,Konya
C006596,U026900,CMP_BANK,2026-07-10,True,35-44,Istanbul
C006597,U026901,CMP_BANK,2026-09-08,True,45-54,Other
C006598,U026902,CMP_BANK,2026-08-05,True,45-54,Konya
C006599,U026904,CMP_BANK,2026-09-15,True,35-44,Istanbul
C006600,U026905,CMP_BANK,2026-07-04,True,35-44,Istanbul
C006601,U026906,CMP_BANK,2026-09-24,True,45-54,Istanbul
C006602,U026907,CMP_BANK,2026-07-23,True,35-44,Istanbul
C006603,U026908,CMP_BANK,2026-07-19,True,35-44,Istanbul
C006604,U026909,CMP_BANK,2026-08-08,True,25-34,Izmir
C006605,U026911,CMP_BANK,2026-07-11,True,25-34,Istanbul
C006606,U026915,CMP_BANK,2026-07-08,True,25-34,Ankara
C006607,U026916,CMP_BANK,2026-08-08,True,55+,Istanbul
C006608,U026919,CMP_BANK,2026-07-27,True,35-44,Kocaeli
C006609,U026920,CMP_BANK,2026-07-05,True,45-54,Other
C006610,U026921,CMP_BANK,2026-09-11,True,35-44,Istanbul
C006611,U026922,CMP_BANK,2026-07-07,True,35-44,Istanbul
C006612,U026923,CMP_BANK,2026-07-07,True,25-34,Bursa
C006613,U026924,CMP_BANK,2026-07-30,True,55+,Istanbul
C006614,U026928,CMP_BANK,2026-07-07,True,55+,Istanbul
C006615,U026929,CMP_BANK,2026-09-24,True,25-34,Istanbul
C006616,U026930,CMP_BANK,2026-07-16,True,35-44,Antalya
C006617,U026931,CMP_BANK,2026-07-31,True,45-54,Kayseri
C006618,U026933,CMP_BANK,2026-07-16,True,35-44,Kocaeli
C006619,U026936,CMP_BANK,2026-07-06,True,45-54,Other
C006620,U026937,CMP_BANK,2026-07-19,True,55+,Istanbul
C006621,U026938,CMP_BANK,2026-07-19,True,25-34,Istanbul
C006622,U026939,CMP_BANK,2026-07-12,True,45-54,Istanbul
C006623,U026940,CMP_BANK,2026-07-22,True,55+,Istanbul
C006624,U026941,CMP_BANK,2026-07-07,True,35-44,Other
C006625,U026945,CMP_BANK,2026-07-29,True,35-44,Other
C006626,U026947,CMP_BANK,2026-08-01,True,35-44,Izmir
C006627,U026948,CMP_BANK,2026-07-30,True,55+,Kocaeli
C006628,U026949,CMP_BANK,2026-08-16,True,45-54,Istanbul
C006629,U026951,CMP_BANK,2026-08-17,True,35-44,Istanbul
C006630,U026953,CMP_BANK,2026-09-08,True,55+,Istanbul
C006631,U026954,CMP_BANK,2026-08-01,True,35-44,Istanbul
C006632,U026955,CMP_BANK,2026-08-14,True,45-54,Ankara
C006633,U026956,CMP_BANK,2026-07-05,True,35-44,Izmir
C006634,U026957,CMP_BANK,2026-07-22,True,18-24,Antalya
C006635,U026959,CMP_BANK,2026-07-18,True,18-24,Istanbul
C006636,U026960,CMP_BANK,2026-07-30,True,35-44,Ankara
C006637,U026961,CMP_BANK,2026-08-01,True,35-44,Ankara
C006638,U026962,CMP_BANK,2026-08-11,True,45-54,Izmir
C006639,U026965,CMP_BANK,2026-08-15,True,25-34,Izmir
C006640,U026967,CMP_BANK,2026-07-12,True,35-44,Izmir
C006641,U026968,CMP_BANK,2026-07-04,True,55+,Other
C006642,U026971,CMP_BANK,2026-08-22,True,45-54,Istanbul
C006643,U026972,CMP_BANK,2026-07-17,True,45-54,Istanbul
C006644,U026973,CMP_BANK,2026-07-10,True,55+,Izmir
C006645,U026974,CMP_BANK,2026-07-16,True,35-44,Kayseri
C006646,U026975,CMP_BANK,2026-09-30,True,35-44,Other
C006647,U026976,CMP_BANK,2026-07-03,True,35-44,Istanbul
C006648,U026977,CMP_BANK,2026-07-28,True,35-44,Konya
C006649,U026979,CMP_BANK,2026-07-05,True,25-34,Gaziantep
C006650,U026981,CMP_BANK,2026-07-24,True,55+,Other
C006651,U026982,CMP_BANK,2026-07-03,True,55+,Ankara
C006652,U026983,CMP_BANK,2026-09-28,True,18-24,Ankara
C006653,U026984,CMP_BANK,2026-09-06,True,35-44,Istanbul
C006654,U026986,CMP_BANK,2026-07-28,True,55+,Konya
C006655,U026987,CMP_BANK,2026-08-18,True,45-54,Konya
C006656,U026988,CMP_BANK,2026-07-08,True,25-34,Istanbul
C006657,U026989,CMP_BANK,2026-08-07,True,25-34,Istanbul
C006658,U026990,CMP_BANK,2026-07-23,True,55+,Other
C006659,U026992,CMP_BANK,2026-07-12,True,18-24,Istanbul
C006660,U026993,CMP_BANK,2026-07-19,True,45-54,Kocaeli
C006661,U026994,CMP_BANK,2026-08-16,True,25-34,Bursa
C006662,U026998,CMP_BANK,2026-08-10,True,45-54,Istanbul
C006663,U026999,CMP_BANK,2026-07-10,True,55+,Istanbul
C006664,U027001,CMP_BANK,2026-07-10,True,25-34,Istanbul
C006665,U027002,CMP_BANK,2026-07-17,True,55+,Other
C006666,U027003,CMP_BANK,2026-09-02,True,45-54,Other
C006667,U027004,CMP_BANK,2026-09-17,True,55+,Istanbul
C006668,U027005,CMP_BANK,2026-08-12,True,45-54,Istanbul
C006669,U027006,CMP_BANK,2026-08-05,True,35-44,Ankara
C006670,U027007,CMP_BANK,2026-08-09,True,35-44,Istanbul
C006671,U027008,CMP_BANK,2026-08-11,True,35-44,Izmir
C006672,U027009,CMP_BANK,2026-08-12,True,35-44,Istanbul
C006673,U027011,CMP_BANK,2026-07-13,True,35-44,Bursa
C006674,U027013,CMP_BANK,2026-07-08,True,35-44,Konya
C006675,U027014,CMP_BANK,2026-07-18,True,45-54,Istanbul
C006676,U027016,CMP_BANK,2026-07-30,True,45-54,Bursa
C006677,U027018,CMP_BANK,2026-07-08,True,55+,Istanbul
C006678,U027019,CMP_BANK,2026-08-26,True,45-54,Istanbul
C006679,U027022,CMP_BANK,2026-07-06,True,55+,Istanbul
C006680,U027023,CMP_BANK,2026-09-05,True,45-54,Other
C006681,U027024,CMP_BANK,2026-07-18,True,45-54,Istanbul
C006682,U027025,CMP_BANK,2026-08-15,True,45-54,Izmir
C006683,U027026,CMP_BANK,2026-08-08,True,25-34,Ankara
C006684,U027027,CMP_BANK,2026-08-28,True,35-44,Izmir
C006685,U027028,CMP_BANK,2026-09-08,True,35-44,Istanbul
C006686,U027029,CMP_BANK,2026-09-02,True,35-44,Istanbul
C006687,U027030,CMP_BANK,2026-07-26,True,45-54,Istanbul
C006688,U027032,CMP_BANK,2026-07-11,True,55+,Istanbul
C006689,U027033,CMP_BANK,2026-07-30,True,25-34,Kocaeli
C006690,U027034,CMP_BANK,2026-09-03,True,45-54,Ankara
C006691,U027035,CMP_BANK,2026-07-11,True,55+,Kayseri
C006692,U027036,CMP_BANK,2026-07-24,True,35-44,Istanbul
C006693,U027038,CMP_BANK,2026-07-13,True,45-54,Bursa
C006694,U027039,CMP_BANK,2026-09-23,True,35-44,Kocaeli
C006695,U027041,CMP_BANK,2026-07-26,True,35-44,Antalya
C006696,U027042,CMP_BANK,2026-07-22,True,25-34,Ankara
C006697,U027043,CMP_BANK,2026-08-17,True,18-24,Kocaeli
C006698,U027044,CMP_BANK,2026-09-18,True,18-24,Other
C006699,U027047,CMP_BANK,2026-07-25,True,45-54,Ankara
C006700,U027048,CMP_BANK,2026-07-08,True,55+,Kocaeli
C006701,U027050,CMP_BANK,2026-07-19,True,45-54,Other
C006702,U027053,CMP_BANK,2026-08-23,True,35-44,Gaziantep
C006703,U027055,CMP_BANK,2026-07-25,True,18-24,Konya
C006704,U027057,CMP_BANK,2026-07-06,True,45-54,Ankara
C006705,U027058,CMP_BANK,2026-07-04,True,35-44,Konya
C006706,U027059,CMP_BANK,2026-07-29,True,25-34,Bursa
C006707,U027061,CMP_BANK,2026-07-18,True,25-34,Ankara
C006708,U027062,CMP_BANK,2026-09-26,True,45-54,Konya
C006709,U027063,CMP_BANK,2026-08-19,True,25-34,Istanbul
C006710,U027064,CMP_BANK,2026-07-16,True,25-34,Other
C006711,U027067,CMP_BANK,2026-08-03,True,55+,Ankara
C006712,U027069,CMP_BANK,2026-07-26,True,25-34,Istanbul
C006713,U027071,CMP_BANK,2026-07-04,True,35-44,Antalya
C006714,U027072,CMP_BANK,2026-07-17,True,25-34,Istanbul
C006715,U027074,CMP_BANK,2026-08-16,True,35-44,Konya
C006716,U027075,CMP_BANK,2026-07-12,True,35-44,Istanbul
C006717,U027076,CMP_BANK,2026-08-18,True,35-44,Istanbul
C006718,U027079,CMP_BANK,2026-08-19,True,18-24,Bursa
C006719,U027080,CMP_BANK,2026-07-29,True,45-54,Istanbul
C006720,U027082,CMP_BANK,2026-09-30,True,45-54,Other
C006721,U027085,CMP_BANK,2026-08-08,True,35-44,Other
C006722,U027086,CMP_BANK,2026-07-25,True,25-34,Kocaeli
C006723,U027088,CMP_BANK,2026-07-22,True,25-34,Bursa
C006724,U027089,CMP_BANK,2026-07-14,True,45-54,Ankara
C006725,U027090,CMP_BANK,2026-08-15,True,45-54,Other
C006726,U027092,CMP_BANK,2026-07-20,True,55+,Istanbul
C006727,U027093,CMP_BANK,2026-09-28,True,45-54,Gaziantep
C006728,U027094,CMP_BANK,2026-07-22,True,25-34,Konya
C006729,U027097,CMP_BANK,2026-08-16,True,35-44,Istanbul
C006730,U027098,CMP_BANK,2026-08-26,True,55+,Izmir
C006731,U027099,CMP_BANK,2026-08-12,True,25-34,Kocaeli
C006732,U027100,CMP_BANK,2026-08-21,True,45-54,Other
C006733,U027101,CMP_BANK,2026-07-15,True,18-24,Ankara
C006734,U027103,CMP_BANK,2026-07-12,True,35-44,Istanbul
C006735,U027105,CMP_BANK,2026-07-29,True,35-44,Istanbul
C006736,U027106,CMP_BANK,2026-07-27,True,45-54,Other
C006737,U027107,CMP_BANK,2026-08-04,True,35-44,Istanbul
C006738,U027109,CMP_BANK,2026-07-24,True,35-44,Istanbul
C006739,U027112,CMP_BANK,2026-07-28,True,35-44,Istanbul
C006740,U027113,CMP_BANK,2026-07-08,True,45-54,Other
C006741,U027115,CMP_BANK,2026-08-06,True,45-54,Istanbul
C006742,U027117,CMP_BANK,2026-07-03,True,45-54,Ankara
C006743,U027120,CMP_BANK,2026-07-19,True,35-44,Ankara
C006744,U027121,CMP_BANK,2026-08-08,True,35-44,Kayseri
C006745,U027122,CMP_BANK,2026-07-25,True,35-44,Other
C006746,U027123,CMP_BANK,2026-08-20,True,25-34,Istanbul
C006747,U027126,CMP_BANK,2026-07-09,True,55+,Kocaeli
C006748,U027127,CMP_BANK,2026-09-16,True,45-54,Other
C006749,U027128,CMP_BANK,2026-09-10,True,55+,Istanbul
C006750,U027129,CMP_BANK,2026-07-10,True,45-54,Izmir
C006751,U027131,CMP_BANK,2026-09-17,True,35-44,Other
C006752,U027132,CMP_BANK,2026-08-03,True,18-24,Istanbul
C006753,U027133,CMP_BANK,2026-07-01,True,55+,Istanbul
C006754,U027134,CMP_BANK,2026-09-06,True,45-54,Izmir
C006755,U027135,CMP_BANK,2026-08-07,True,55+,Other
C006756,U027137,CMP_BANK,2026-07-09,True,25-34,Istanbul
C006757,U027140,CMP_BANK,2026-07-28,True,45-54,Bursa
C006758,U027142,CMP_BANK,2026-07-13,True,55+,Ankara
C006759,U027143,CMP_BANK,2026-07-20,True,45-54,Other
C006760,U027144,CMP_BANK,2026-07-15,True,45-54,Kocaeli
C006761,U027147,CMP_BANK,2026-09-06,True,25-34,Kocaeli
C006762,U027148,CMP_BANK,2026-07-19,True,45-54,Bursa
C006763,U027149,CMP_BANK,2026-07-23,True,35-44,Izmir
C006764,U027150,CMP_BANK,2026-07-24,True,55+,Izmir
C006765,U027151,CMP_BANK,2026-07-14,True,55+,Istanbul
C006766,U027152,CMP_BANK,2026-07-14,True,45-54,Istanbul
C006767,U027154,CMP_BANK,2026-08-24,True,55+,Kayseri
C006768,U027155,CMP_BANK,2026-07-07,True,35-44,Istanbul
C006769,U027156,CMP_BANK,2026-07-26,True,45-54,Konya
C006770,U027158,CMP_BANK,2026-07-04,True,35-44,Izmir
C006771,U027159,CMP_BANK,2026-08-24,True,25-34,Istanbul
C006772,U027160,CMP_BANK,2026-08-14,True,35-44,Izmir
C006773,U027161,CMP_BANK,2026-07-16,True,45-54,Istanbul
C006774,U027165,CMP_BANK,2026-08-25,True,25-34,Ankara
C006775,U027166,CMP_BANK,2026-08-18,True,55+,Ankara
C006776,U027168,CMP_BANK,2026-09-16,True,45-54,Kocaeli
C006777,U027172,CMP_BANK,2026-07-27,True,55+,Kayseri
C006778,U027174,CMP_BANK,2026-07-06,True,18-24,Konya
C006779,U027176,CMP_BANK,2026-07-05,True,45-54,Other
C006780,U027178,CMP_BANK,2026-07-23,True,55+,Antalya
C006781,U027179,CMP_BANK,2026-07-29,True,35-44,Ankara
C006782,U027180,CMP_BANK,2026-08-29,True,35-44,Istanbul
C006783,U027182,CMP_BANK,2026-07-16,True,35-44,Ankara
C006784,U027186,CMP_BANK,2026-07-06,True,35-44,Ankara
C006785,U027189,CMP_BANK,2026-08-08,True,55+,Istanbul
C006786,U027190,CMP_BANK,2026-07-19,True,45-54,Istanbul
C006787,U027191,CMP_BANK,2026-07-15,True,25-34,Istanbul
C006788,U027192,CMP_BANK,2026-07-17,True,45-54,Izmir
C006789,U027194,CMP_BANK,2026-08-03,True,35-44,Other
C006790,U027195,CMP_BANK,2026-07-22,True,55+,Kocaeli
C006791,U027196,CMP_BANK,2026-07-19,True,45-54,Istanbul
C006792,U027198,CMP_BANK,2026-07-15,True,25-34,Other
C006793,U027199,CMP_BANK,2026-07-04,True,35-44,Ankara
C006794,U027201,CMP_BANK,2026-08-27,True,25-34,Istanbul
C006795,U027202,CMP_BANK,2026-07-23,True,35-44,Ankara
C006796,U027203,CMP_BANK,2026-07-13,True,35-44,Izmir
C006797,U027205,CMP_BANK,2026-09-06,True,55+,Bursa
C006798,U027206,CMP_BANK,2026-08-21,True,55+,Istanbul
C006799,U027207,CMP_BANK,2026-09-15,True,35-44,Istanbul
C006800,U027208,CMP_BANK,2026-07-20,True,25-34,Istanbul
C006801,U027209,CMP_BANK,2026-08-30,True,45-54,Ankara
C006802,U027210,CMP_BANK,2026-09-09,True,35-44,Istanbul
C006803,U027211,CMP_BANK,2026-07-16,True,35-44,Istanbul
C006804,U027212,CMP_BANK,2026-07-30,True,45-54,Konya
C006805,U027213,CMP_BANK,2026-08-08,True,55+,Kocaeli
C006806,U027214,CMP_BANK,2026-07-25,True,35-44,Istanbul
C006807,U027215,CMP_BANK,2026-07-16,True,45-54,Istanbul
C006808,U027216,CMP_BANK,2026-07-16,True,35-44,Ankara
C006809,U027217,CMP_BANK,2026-07-03,True,45-54,Other
C006810,U027218,CMP_BANK,2026-09-07,True,35-44,Istanbul
C006811,U027220,CMP_BANK,2026-08-22,True,25-34,Istanbul
C006812,U027221,CMP_BANK,2026-09-02,True,35-44,Gaziantep
C006813,U027222,CMP_BANK,2026-08-02,True,18-24,Istanbul
C006814,U027225,CMP_BANK,2026-07-29,True,35-44,Kayseri
C006815,U027228,CMP_BANK,2026-07-23,True,45-54,Istanbul
C006816,U027229,CMP_BANK,2026-09-25,True,35-44,Istanbul
C006817,U027232,CMP_BANK,2026-07-10,True,45-54,Ankara
C006818,U027233,CMP_BANK,2026-09-03,True,55+,Kocaeli
C006819,U027234,CMP_BANK,2026-08-10,True,35-44,Other
C006820,U027235,CMP_BANK,2026-09-09,True,55+,Istanbul
C006821,U027236,CMP_BANK,2026-07-04,True,25-34,Istanbul
C006822,U027239,CMP_BANK,2026-07-06,True,35-44,Bursa
C006823,U027240,CMP_BANK,2026-07-18,True,25-34,Gaziantep
C006824,U027241,CMP_BANK,2026-07-10,True,45-54,Istanbul
C006825,U027243,CMP_BANK,2026-07-21,True,55+,Istanbul
C006826,U027244,CMP_BANK,2026-07-11,True,45-54,Istanbul
C006827,U027245,CMP_BANK,2026-07-17,True,55+,Istanbul
C006828,U027246,CMP_BANK,2026-07-10,True,35-44,Ankara
C006829,U027247,CMP_BANK,2026-08-16,True,35-44,Izmir
C006830,U027248,CMP_BANK,2026-07-06,True,25-34,Ankara
C006831,U027250,CMP_BANK,2026-08-24,True,35-44,Istanbul
C006832,U027251,CMP_BANK,2026-08-02,True,35-44,Gaziantep
C006833,U027253,CMP_BANK,2026-08-03,True,55+,Istanbul
C006834,U027254,CMP_BANK,2026-07-16,True,35-44,Istanbul
C006835,U027255,CMP_BANK,2026-07-05,True,35-44,Istanbul
C006836,U027256,CMP_BANK,2026-07-12,True,35-44,Other
C006837,U027257,CMP_BANK,2026-07-08,True,35-44,Other
C006838,U027258,CMP_BANK,2026-07-23,True,45-54,Istanbul
C006839,U027259,CMP_BANK,2026-08-01,True,35-44,Other
C006840,U027262,CMP_BANK,2026-07-12,True,25-34,Bursa
C006841,U027263,CMP_BANK,2026-07-01,True,25-34,Istanbul
C006842,U027268,CMP_BANK,2026-08-07,True,35-44,Ankara
C006843,U027269,CMP_BANK,2026-07-20,True,25-34,Istanbul
C006844,U027270,CMP_BANK,2026-08-01,True,25-34,Istanbul
C006845,U027271,CMP_BANK,2026-08-17,True,45-54,Istanbul
C006846,U027272,CMP_BANK,2026-07-18,True,45-54,Other
C006847,U027273,CMP_BANK,2026-09-09,True,35-44,Istanbul
C006848,U027274,CMP_BANK,2026-07-07,True,25-34,Istanbul
C006849,U027279,CMP_BANK,2026-07-13,True,45-54,Istanbul
C006850,U027280,CMP_BANK,2026-08-25,True,45-54,Kayseri
C006851,U027283,CMP_BANK,2026-07-08,True,55+,Istanbul
C006852,U027284,CMP_BANK,2026-07-19,True,45-54,Other
C006853,U027287,CMP_BANK,2026-07-21,True,35-44,Bursa
C006854,U027289,CMP_BANK,2026-08-28,True,35-44,Istanbul
C006855,U027290,CMP_BANK,2026-07-09,True,25-34,Istanbul
C006856,U027291,CMP_BANK,2026-07-07,True,25-34,Antalya
C006857,U027293,CMP_BANK,2026-07-05,True,45-54,Kocaeli
C006858,U027295,CMP_BANK,2026-07-27,True,45-54,Kayseri
C006859,U027297,CMP_BANK,2026-07-22,True,45-54,Ankara
C006860,U027298,CMP_BANK,2026-08-07,True,25-34,Izmir
C006861,U027299,CMP_BANK,2026-07-09,True,25-34,Other
C006862,U027301,CMP_BANK,2026-09-30,True,25-34,Other
C006863,U027304,CMP_BANK,2026-07-18,True,55+,Izmir
C006864,U027307,CMP_BANK,2026-08-13,True,55+,Bursa
C006865,U027308,CMP_BANK,2026-07-25,True,35-44,Istanbul
C006866,U027309,CMP_BANK,2026-07-08,True,55+,Gaziantep
C006867,U027310,CMP_BANK,2026-07-04,True,25-34,Kocaeli
C006868,U027311,CMP_BANK,2026-07-22,True,25-34,Istanbul
C006869,U027312,CMP_BANK,2026-07-11,True,55+,Ankara
C006870,U027316,CMP_BANK,2026-09-12,True,55+,Ankara
C006871,U027318,CMP_BANK,2026-09-16,True,35-44,Ankara
C006872,U027319,CMP_BANK,2026-08-25,True,45-54,Istanbul
C006873,U027320,CMP_BANK,2026-08-17,True,25-34,Konya
C006874,U027321,CMP_BANK,2026-07-10,True,55+,Other
C006875,U027322,CMP_BANK,2026-08-01,True,35-44,Other
C006876,U027323,CMP_BANK,2026-07-04,True,35-44,Konya
C006877,U027325,CMP_BANK,2026-09-26,True,35-44,Other
C006878,U027327,CMP_BANK,2026-08-16,True,25-34,Istanbul
C006879,U027329,CMP_BANK,2026-08-29,True,35-44,Istanbul
C006880,U027330,CMP_BANK,2026-08-12,True,35-44,Istanbul
C006881,U027332,CMP_BANK,2026-09-20,True,35-44,Istanbul
C006882,U027333,CMP_BANK,2026-08-11,True,45-54,Ankara
C006883,U027334,CMP_BANK,2026-07-09,True,45-54,Izmir
C006884,U027335,CMP_BANK,2026-07-04,True,25-34,Istanbul
C006885,U027336,CMP_BANK,2026-08-07,True,25-34,Istanbul
C006886,U027337,CMP_BANK,2026-09-23,True,55+,Istanbul
C006887,U027338,CMP_BANK,2026-07-22,True,55+,Istanbul
C006888,U027341,CMP_BANK,2026-08-14,True,45-54,Other
C006889,U027343,CMP_BANK,2026-07-07,True,45-54,Istanbul
C006890,U027344,CMP_BANK,2026-07-09,True,45-54,Konya
C006891,U027345,CMP_BANK,2026-08-01,True,45-54,Kocaeli
C006892,U027347,CMP_BANK,2026-08-10,True,35-44,Istanbul
C006893,U027348,CMP_BANK,2026-07-05,True,45-54,Istanbul
C006894,U027349,CMP_BANK,2026-07-12,True,45-54,Ankara
C006895,U027352,CMP_BANK,2026-07-10,True,35-44,Istanbul
C006896,U027354,CMP_BANK,2026-07-16,True,35-44,Ankara
C006897,U027355,CMP_BANK,2026-08-10,True,45-54,Istanbul
C006898,U027356,CMP_BANK,2026-07-26,True,25-34,Bursa
C006899,U027357,CMP_BANK,2026-08-16,True,25-34,Istanbul
C006900,U027358,CMP_BANK,2026-07-23,True,25-34,Ankara
C006901,U027359,CMP_BANK,2026-07-16,True,55+,Ankara
C006902,U027360,CMP_BANK,2026-07-28,True,35-44,Other
C006903,U027361,CMP_BANK,2026-08-15,True,55+,Ankara
C006904,U027364,CMP_BANK,2026-07-19,True,45-54,Istanbul
C006905,U027365,CMP_BANK,2026-07-08,True,55+,Izmir
C006906,U027366,CMP_BANK,2026-07-14,True,35-44,Other
C006907,U027367,CMP_BANK,2026-09-08,True,45-54,Istanbul
C006908,U027368,CMP_BANK,2026-07-12,True,55+,Other
C006909,U027369,CMP_BANK,2026-07-04,True,55+,Istanbul
C006910,U027370,CMP_BANK,2026-08-01,True,25-34,Istanbul
C006911,U027372,CMP_BANK,2026-09-06,True,35-44,Gaziantep
C006912,U027373,CMP_BANK,2026-07-18,True,35-44,Bursa
C006913,U027375,CMP_BANK,2026-09-06,True,45-54,Izmir
C006914,U027377,CMP_BANK,2026-09-27,True,45-54,Konya
C006915,U027378,CMP_BANK,2026-09-28,True,35-44,Other
C006916,U027381,CMP_BANK,2026-07-06,True,25-34,Istanbul
C006917,U027382,CMP_BANK,2026-07-03,True,35-44,Istanbul
C006918,U027384,CMP_BANK,2026-08-03,True,55+,Istanbul
C006919,U027385,CMP_BANK,2026-07-30,True,55+,Bursa
C006920,U027386,CMP_BANK,2026-07-15,True,45-54,Ankara
C006921,U027387,CMP_BANK,2026-08-12,True,25-34,Izmir
C006922,U027388,CMP_BANK,2026-09-22,True,55+,Istanbul
C006923,U027389,CMP_BANK,2026-07-17,True,55+,Istanbul
C006924,U027390,CMP_BANK,2026-07-03,True,35-44,Konya
C006925,U027393,CMP_BANK,2026-07-23,True,25-34,Other
C006926,U027395,CMP_BANK,2026-07-31,True,45-54,Istanbul
C006927,U027396,CMP_BANK,2026-09-23,True,25-34,Istanbul
C006928,U027397,CMP_BANK,2026-07-25,True,55+,Other
C006929,U027398,CMP_BANK,2026-07-18,True,25-34,Other
C006930,U027401,CMP_BANK,2026-07-09,True,35-44,Istanbul
C006931,U027402,CMP_BANK,2026-07-16,True,45-54,Ankara
C006932,U027404,CMP_BANK,2026-08-06,True,35-44,Istanbul
C006933,U027407,CMP_BANK,2026-07-19,True,35-44,Kayseri
C006934,U027408,CMP_BANK,2026-07-09,True,25-34,Ankara
C006935,U027409,CMP_BANK,2026-07-11,True,55+,Istanbul
C006936,U027410,CMP_BANK,2026-07-29,True,25-34,Istanbul
C006937,U027411,CMP_BANK,2026-07-01,True,25-34,Kocaeli
C006938,U027415,CMP_BANK,2026-09-05,True,25-34,Istanbul
C006939,U027416,CMP_BANK,2026-07-21,True,35-44,Ankara
C006940,U027417,CMP_BANK,2026-07-29,True,45-54,Other
C006941,U027418,CMP_BANK,2026-08-07,True,45-54,Istanbul
C006942,U027419,CMP_BANK,2026-08-17,True,45-54,Kayseri
C006943,U027420,CMP_BANK,2026-07-21,True,45-54,Kocaeli
C006944,U027422,CMP_BANK,2026-07-07,True,45-54,Other
C006945,U027423,CMP_BANK,2026-07-11,True,18-24,Other
C006946,U027424,CMP_BANK,2026-08-12,True,55+,Konya
C006947,U027426,CMP_BANK,2026-08-08,True,45-54,Other
C006948,U027427,CMP_BANK,2026-07-06,True,35-44,Other
C006949,U027429,CMP_BANK,2026-07-02,True,45-54,Istanbul
C006950,U027430,CMP_BANK,2026-07-15,True,45-54,Istanbul
C006951,U027432,CMP_BANK,2026-08-19,True,25-34,Istanbul
C006952,U027433,CMP_BANK,2026-08-03,True,25-34,Konya
C006953,U027435,CMP_BANK,2026-09-03,True,35-44,Istanbul
C006954,U027436,CMP_BANK,2026-07-01,True,55+,Other
C006955,U027437,CMP_BANK,2026-07-11,True,35-44,Istanbul
C006956,U027439,CMP_BANK,2026-09-05,True,25-34,Istanbul
C006957,U027441,CMP_BANK,2026-08-16,True,25-34,Istanbul
C006958,U027443,CMP_BANK,2026-09-05,True,55+,Istanbul
C006959,U027444,CMP_BANK,2026-07-18,True,45-54,Ankara
C006960,U027445,CMP_BANK,2026-07-28,True,55+,Other
C006961,U027446,CMP_BANK,2026-07-16,True,45-54,Istanbul
C006962,U027449,CMP_BANK,2026-07-06,True,25-34,Bursa
C006963,U027450,CMP_BANK,2026-07-12,True,35-44,Kayseri
C006964,U027451,CMP_BANK,2026-07-18,True,45-54,Istanbul
C006965,U027452,CMP_BANK,2026-07-04,True,55+,Istanbul
C006966,U027453,CMP_BANK,2026-07-22,True,45-54,Istanbul
C006967,U027454,CMP_BANK,2026-08-11,True,45-54,Istanbul
C006968,U027455,CMP_BANK,2026-08-22,True,55+,Kocaeli
C006969,U027456,CMP_BANK,2026-09-05,True,18-24,Ankara
C006970,U027458,CMP_BANK,2026-07-24,True,55+,Istanbul
C006971,U027459,CMP_BANK,2026-08-15,True,25-34,Istanbul
C006972,U027462,CMP_BANK,2026-08-09,True,45-54,Istanbul
C006973,U027463,CMP_BANK,2026-07-18,True,18-24,Istanbul
C006974,U027464,CMP_BANK,2026-07-03,True,45-54,Ankara
C006975,U027465,CMP_BANK,2026-08-20,True,35-44,Istanbul
C006976,U027467,CMP_BANK,2026-07-01,True,45-54,Kocaeli
C006977,U027469,CMP_BANK,2026-07-27,True,55+,Istanbul
C006978,U027470,CMP_BANK,2026-08-31,True,55+,Izmir
C006979,U027472,CMP_BANK,2026-07-06,True,45-54,Istanbul
C006980,U027473,CMP_BANK,2026-07-21,True,45-54,Izmir
C006981,U027474,CMP_BANK,2026-08-08,True,45-54,Ankara
C006982,U027475,CMP_BANK,2026-08-09,True,25-34,Izmir
C006983,U027477,CMP_BANK,2026-08-14,True,45-54,Ankara
C006984,U027478,CMP_BANK,2026-07-09,True,45-54,Ankara
C006985,U027479,CMP_BANK,2026-08-24,True,35-44,Istanbul
C006986,U027480,CMP_BANK,2026-07-09,True,45-54,Konya
C006987,U027481,CMP_BANK,2026-07-26,True,55+,Kayseri
C006988,U027482,CMP_BANK,2026-08-14,True,55+,Ankara
C006989,U027483,CMP_BANK,2026-09-30,True,45-54,Bursa
C006990,U027484,CMP_BANK,2026-08-13,True,25-34,Other
C006991,U027485,CMP_BANK,2026-08-07,True,45-54,Istanbul
C006992,U027486,CMP_BANK,2026-08-15,True,25-34,Other
C006993,U027488,CMP_BANK,2026-07-07,True,35-44,Konya
C006994,U027489,CMP_BANK,2026-07-04,True,25-34,Izmir
C006995,U027490,CMP_BANK,2026-08-02,True,45-54,Istanbul
C006996,U027491,CMP_BANK,2026-08-08,True,18-24,Antalya
C006997,U027492,CMP_BANK,2026-07-21,True,35-44,Istanbul
C006998,U027493,CMP_BANK,2026-07-10,True,25-34,Istanbul
C006999,U027498,CMP_BANK,2026-07-28,True,25-34,Istanbul
C007000,U027501,CMP_BANK,2026-07-20,True,25-34,Istanbul
C007001,U027504,CMP_BANK,2026-08-15,True,45-54,Izmir
C007002,U027507,CMP_BANK,2026-07-04,True,55+,Istanbul
C007003,U027510,CMP_BANK,2026-08-28,True,45-54,Antalya
C007004,U027512,CMP_BANK,2026-09-10,True,25-34,Antalya
C007005,U027513,CMP_BANK,2026-08-26,True,25-34,Gaziantep
C007006,U027514,CMP_BANK,2026-08-09,True,55+,Ankara
C007007,U027515,CMP_BANK,2026-08-09,True,55+,Istanbul
C007008,U027516,CMP_BANK,2026-07-12,True,55+,Other
C007009,U027517,CMP_BANK,2026-07-28,True,45-54,Istanbul
C007010,U027518,CMP_BANK,2026-07-15,True,45-54,Other
C007011,U027519,CMP_BANK,2026-08-04,True,45-54,Other
C007012,U027522,CMP_BANK,2026-07-21,True,25-34,Istanbul
C007013,U027523,CMP_BANK,2026-09-12,True,35-44,Istanbul
C007014,U027525,CMP_BANK,2026-08-08,True,45-54,Other
C007015,U027528,CMP_BANK,2026-07-28,True,35-44,Istanbul
C007016,U027532,CMP_BANK,2026-08-05,True,45-54,Other
C007017,U027533,CMP_BANK,2026-07-13,True,45-54,Istanbul
C007018,U027534,CMP_BANK,2026-07-11,True,25-34,Kayseri
C007019,U027535,CMP_BANK,2026-07-05,True,35-44,Ankara
C007020,U027537,CMP_BANK,2026-08-02,True,45-54,Istanbul
C007021,U027538,CMP_BANK,2026-07-05,True,55+,Kocaeli
C007022,U027539,CMP_BANK,2026-08-15,True,35-44,Istanbul
C007023,U027541,CMP_BANK,2026-08-15,True,18-24,Kayseri
C007024,U027543,CMP_BANK,2026-07-09,True,45-54,Istanbul
C007025,U027544,CMP_BANK,2026-07-19,True,45-54,Ankara
C007026,U027547,CMP_BANK,2026-07-23,True,35-44,Other
C007027,U027548,CMP_BANK,2026-08-15,True,25-34,Other
C007028,U027549,CMP_BANK,2026-07-26,True,45-54,Ankara
C007029,U027550,CMP_BANK,2026-07-09,True,45-54,Bursa
C007030,U027551,CMP_BANK,2026-07-07,True,18-24,Istanbul
C007031,U027555,CMP_BANK,2026-08-17,True,55+,Istanbul
C007032,U027556,CMP_BANK,2026-07-03,True,25-34,Istanbul
C007033,U027560,CMP_BANK,2026-08-01,True,45-54,Istanbul
C007034,U027561,CMP_BANK,2026-08-07,True,35-44,Istanbul
C007035,U027562,CMP_BANK,2026-08-09,True,35-44,Istanbul
C007036,U027563,CMP_BANK,2026-08-18,True,45-54,Istanbul
C007037,U027565,CMP_BANK,2026-08-01,True,55+,Other
C007038,U027567,CMP_BANK,2026-07-06,True,45-54,Bursa
C007039,U027568,CMP_BANK,2026-08-24,True,25-34,Istanbul
C007040,U027569,CMP_BANK,2026-07-07,True,25-34,Ankara
C007041,U027570,CMP_BANK,2026-07-13,True,25-34,Istanbul
C007042,U027571,CMP_BANK,2026-08-07,True,35-44,Istanbul
C007043,U027572,CMP_BANK,2026-09-15,True,35-44,Konya
C007044,U027573,CMP_BANK,2026-07-31,True,45-54,Konya
C007045,U027575,CMP_BANK,2026-07-11,True,55+,Antalya
C007046,U027576,CMP_BANK,2026-07-26,True,55+,Other
C007047,U027578,CMP_BANK,2026-07-27,True,45-54,Istanbul
C007048,U027579,CMP_BANK,2026-07-18,True,35-44,Bursa
C007049,U027582,CMP_BANK,2026-07-20,True,55+,Ankara
C007050,U027586,CMP_BANK,2026-07-18,True,35-44,Istanbul
C007051,U027588,CMP_BANK,2026-07-11,True,45-54,Istanbul
C007052,U027589,CMP_BANK,2026-07-07,True,25-34,Konya
C007053,U027590,CMP_BANK,2026-07-15,True,35-44,Izmir
C007054,U027594,CMP_BANK,2026-07-02,True,18-24,Istanbul
C007055,U027595,CMP_BANK,2026-07-11,True,25-34,Istanbul
C007056,U027596,CMP_BANK,2026-07-28,True,55+,Gaziantep
C007057,U027597,CMP_BANK,2026-07-03,True,35-44,Ankara
C007058,U027599,CMP_BANK,2026-07-29,True,35-44,Izmir
C007059,U027600,CMP_BANK,2026-08-21,True,45-54,Antalya
C007060,U027601,CMP_BANK,2026-07-17,True,35-44,Other
C007061,U027602,CMP_BANK,2026-08-19,True,45-54,Kocaeli
C007062,U027603,CMP_BANK,2026-09-29,True,35-44,Other
C007063,U027605,CMP_BANK,2026-08-18,True,25-34,Istanbul
C007064,U027606,CMP_BANK,2026-08-12,True,35-44,Kocaeli
C007065,U027607,CMP_BANK,2026-07-17,True,18-24,Bursa
C007066,U027608,CMP_BANK,2026-07-28,True,25-34,Istanbul
C007067,U027609,CMP_BANK,2026-07-06,True,35-44,Konya
C007068,U027610,CMP_BANK,2026-07-14,True,45-54,Konya
C007069,U027612,CMP_BANK,2026-09-19,True,45-54,Istanbul
C007070,U027613,CMP_BANK,2026-07-24,True,45-54,Kocaeli
C007071,U027615,CMP_BANK,2026-07-02,True,45-54,Other
C007072,U027617,CMP_BANK,2026-08-15,True,35-44,Istanbul
C007073,U027618,CMP_BANK,2026-09-24,True,35-44,Istanbul
C007074,U027619,CMP_BANK,2026-07-22,True,25-34,Istanbul
C007075,U027622,CMP_BANK,2026-08-22,True,35-44,Istanbul
C007076,U027623,CMP_BANK,2026-07-09,True,55+,Istanbul
C007077,U027624,CMP_BANK,2026-09-20,True,45-54,Antalya
C007078,U027625,CMP_BANK,2026-07-22,True,45-54,Izmir
C007079,U027626,CMP_BANK,2026-07-20,True,25-34,Bursa
C007080,U027627,CMP_BANK,2026-08-18,True,25-34,Izmir
C007081,U027628,CMP_BANK,2026-08-08,True,35-44,Gaziantep
C007082,U027629,CMP_BANK,2026-08-18,True,25-34,Ankara
C007083,U027630,CMP_BANK,2026-08-17,True,25-34,Other
C007084,U027631,CMP_BANK,2026-07-13,True,35-44,Bursa
C007085,U027632,CMP_BANK,2026-09-07,True,45-54,Ankara
C007086,U027633,CMP_BANK,2026-07-16,True,35-44,Izmir
C007087,U027634,CMP_BANK,2026-09-09,True,18-24,Istanbul
C007088,U027635,CMP_BANK,2026-08-03,True,45-54,Istanbul
C007089,U027637,CMP_BANK,2026-07-31,True,25-34,Gaziantep
C007090,U027640,CMP_BANK,2026-07-31,True,35-44,Bursa
C007091,U027641,CMP_BANK,2026-09-20,True,35-44,Istanbul
C007092,U027642,CMP_BANK,2026-08-18,True,35-44,Other
C007093,U027643,CMP_BANK,2026-07-29,True,45-54,Other
C007094,U027644,CMP_BANK,2026-08-02,True,45-54,Other
C007095,U027645,CMP_BANK,2026-08-01,True,55+,Istanbul
C007096,U027646,CMP_BANK,2026-07-31,True,55+,Bursa
C007097,U027647,CMP_BANK,2026-08-09,True,45-54,Istanbul
C007098,U027648,CMP_BANK,2026-08-31,True,45-54,Other
C007099,U027649,CMP_BANK,2026-08-12,True,45-54,Ankara
C007100,U027650,CMP_BANK,2026-07-13,True,35-44,Istanbul
C007101,U027652,CMP_BANK,2026-07-15,True,35-44,Istanbul
C007102,U027654,CMP_BANK,2026-08-02,True,35-44,Istanbul
C007103,U027656,CMP_BANK,2026-07-24,True,45-54,Istanbul
C007104,U027657,CMP_BANK,2026-08-14,True,35-44,Konya
C007105,U027659,CMP_BANK,2026-07-21,True,45-54,Kocaeli
C007106,U027661,CMP_BANK,2026-07-20,True,45-54,Other
C007107,U027662,CMP_BANK,2026-07-02,True,55+,Istanbul
C007108,U027664,CMP_BANK,2026-07-04,True,25-34,Ankara
C007109,U027665,CMP_BANK,2026-07-22,True,45-54,Istanbul
C007110,U027667,CMP_BANK,2026-07-13,True,45-54,Ankara
C007111,U027668,CMP_BANK,2026-09-28,True,35-44,Izmir
C007112,U027669,CMP_BANK,2026-07-17,True,25-34,Other
C007113,U027672,CMP_BANK,2026-08-27,True,45-54,Kayseri
C007114,U027673,CMP_BANK,2026-08-03,True,55+,Other
C007115,U027675,CMP_BANK,2026-08-19,True,45-54,Other
C007116,U027677,CMP_BANK,2026-08-14,True,45-54,Ankara
C007117,U027678,CMP_BANK,2026-07-12,True,25-34,Istanbul
C007118,U027679,CMP_BANK,2026-08-05,True,45-54,Other
C007119,U027680,CMP_BANK,2026-08-05,True,35-44,Ankara
C007120,U027681,CMP_BANK,2026-08-29,True,35-44,Istanbul
C007121,U027682,CMP_BANK,2026-07-06,True,35-44,Gaziantep
C007122,U027683,CMP_BANK,2026-07-15,True,55+,Istanbul
C007123,U027684,CMP_BANK,2026-07-02,True,45-54,Izmir
C007124,U027686,CMP_BANK,2026-07-27,True,25-34,Izmir
C007125,U027687,CMP_BANK,2026-07-21,True,45-54,Istanbul
C007126,U027689,CMP_BANK,2026-09-21,True,35-44,Kayseri
C007127,U027691,CMP_BANK,2026-07-24,True,55+,Istanbul
C007128,U027692,CMP_BANK,2026-07-07,True,25-34,Kayseri
C007129,U027696,CMP_BANK,2026-07-29,True,18-24,Kocaeli
C007130,U027697,CMP_BANK,2026-08-09,True,55+,Istanbul
C007131,U027698,CMP_BANK,2026-09-12,True,45-54,Konya
C007132,U027700,CMP_BANK,2026-08-15,True,25-34,Izmir
C007133,U027701,CMP_BANK,2026-08-23,True,35-44,Kocaeli
C007134,U027703,CMP_BANK,2026-08-15,True,35-44,Istanbul
C007135,U027704,CMP_BANK,2026-08-14,True,55+,Kocaeli
C007136,U027706,CMP_BANK,2026-09-10,True,35-44,Izmir
C007137,U027708,CMP_BANK,2026-07-08,True,35-44,Istanbul
C007138,U027711,CMP_BANK,2026-08-03,True,35-44,Istanbul
C007139,U027713,CMP_BANK,2026-09-10,True,35-44,Izmir
C007140,U027714,CMP_BANK,2026-07-01,True,45-54,Istanbul
C007141,U027717,CMP_BANK,2026-09-23,True,45-54,Kayseri
C007142,U027718,CMP_BANK,2026-08-13,True,35-44,Istanbul
C007143,U027719,CMP_BANK,2026-07-20,True,35-44,Other
C007144,U027720,CMP_BANK,2026-07-14,True,45-54,Istanbul
C007145,U027721,CMP_BANK,2026-08-23,True,35-44,Istanbul
C007146,U027722,CMP_BANK,2026-08-03,True,45-54,Gaziantep
C007147,U027724,CMP_BANK,2026-07-24,True,35-44,Istanbul
C007148,U027725,CMP_BANK,2026-07-29,True,35-44,Kocaeli
C007149,U027726,CMP_BANK,2026-07-12,True,35-44,Istanbul
C007150,U027728,CMP_BANK,2026-07-20,True,45-54,Istanbul
C007151,U027729,CMP_BANK,2026-07-24,True,45-54,Izmir
C007152,U027730,CMP_BANK,2026-08-15,True,45-54,Konya
C007153,U027732,CMP_BANK,2026-08-16,True,25-34,Ankara
C007154,U027733,CMP_BANK,2026-07-07,True,35-44,Istanbul
C007155,U027737,CMP_BANK,2026-07-14,True,35-44,Istanbul
C007156,U027738,CMP_BANK,2026-08-12,True,25-34,Istanbul
C007157,U027740,CMP_BANK,2026-08-15,True,25-34,Other
C007158,U027741,CMP_BANK,2026-08-21,True,45-54,Kocaeli
C007159,U027742,CMP_BANK,2026-08-01,True,55+,Istanbul
C007160,U027744,CMP_BANK,2026-07-15,True,45-54,Istanbul
C007161,U027745,CMP_BANK,2026-07-21,True,45-54,Istanbul
C007162,U027746,CMP_BANK,2026-08-15,True,55+,Istanbul
C007163,U027747,CMP_BANK,2026-07-18,True,55+,Konya
C007164,U027748,CMP_BANK,2026-07-04,True,35-44,Bursa
C007165,U027749,CMP_BANK,2026-07-07,True,25-34,Ankara
C007166,U027756,CMP_BANK,2026-09-11,True,45-54,Istanbul
C007167,U027758,CMP_BANK,2026-07-30,True,25-34,Istanbul
C007168,U027760,CMP_BANK,2026-07-13,True,35-44,Ankara
C007169,U027761,CMP_BANK,2026-09-16,True,35-44,Istanbul
C007170,U027762,CMP_BANK,2026-07-25,True,55+,Istanbul
C007171,U027763,CMP_BANK,2026-08-06,True,45-54,Istanbul
C007172,U027764,CMP_BANK,2026-07-24,True,45-54,Ankara
C007173,U027768,CMP_BANK,2026-07-21,True,55+,Kayseri
C007174,U027770,CMP_BANK,2026-08-25,True,25-34,Other
C007175,U027772,CMP_BANK,2026-07-26,True,45-54,Istanbul
C007176,U027777,CMP_BANK,2026-08-20,True,45-54,Bursa
C007177,U027778,CMP_BANK,2026-08-15,True,55+,Kayseri
C007178,U027779,CMP_BANK,2026-09-23,True,35-44,Istanbul
C007179,U027780,CMP_BANK,2026-08-20,True,45-54,Istanbul
C007180,U027784,CMP_BANK,2026-08-06,True,18-24,Istanbul
C007181,U027785,CMP_BANK,2026-08-04,True,35-44,Istanbul
C007182,U027787,CMP_BANK,2026-07-14,True,55+,Konya
C007183,U027789,CMP_BANK,2026-08-08,True,25-34,Ankara
C007184,U027790,CMP_BANK,2026-07-04,True,55+,Antalya
C007185,U027791,CMP_BANK,2026-09-20,True,25-34,Ankara
C007186,U027793,CMP_BANK,2026-07-23,True,35-44,Izmir
C007187,U027794,CMP_BANK,2026-07-10,True,55+,Istanbul
C007188,U027796,CMP_BANK,2026-08-09,True,45-54,Antalya
C007189,U027799,CMP_BANK,2026-07-17,True,45-54,Ankara
C007190,U027800,CMP_BANK,2026-07-30,True,35-44,Kayseri
C007191,U027802,CMP_BANK,2026-07-20,True,45-54,Gaziantep
C007192,U027805,CMP_BANK,2026-08-15,True,55+,Kocaeli
C007193,U027806,CMP_BANK,2026-07-09,True,55+,Istanbul
C007194,U027808,CMP_BANK,2026-07-24,True,25-34,Istanbul
C007195,U027812,CMP_BANK,2026-07-27,True,55+,Other
C007196,U027813,CMP_BANK,2026-09-12,True,55+,Istanbul
C007197,U027815,CMP_BANK,2026-07-31,True,45-54,Other
C007198,U027816,CMP_BANK,2026-07-01,True,55+,Istanbul
C007199,U027817,CMP_BANK,2026-07-28,True,25-34,Istanbul
C007200,U027818,CMP_BANK,2026-07-25,True,35-44,Other
C007201,U027819,CMP_BANK,2026-07-06,True,55+,Kocaeli
C007202,U027820,CMP_BANK,2026-07-30,True,45-54,Izmir
C007203,U027822,CMP_BANK,2026-09-01,True,45-54,Antalya
C007204,U027823,CMP_BANK,2026-07-15,True,25-34,Istanbul
C007205,U027825,CMP_BANK,2026-09-17,True,25-34,Istanbul
C007206,U027826,CMP_BANK,2026-09-06,True,45-54,Istanbul
C007207,U027828,CMP_BANK,2026-08-10,True,35-44,Konya
C007208,U027829,CMP_BANK,2026-09-03,True,45-54,Istanbul
C007209,U027831,CMP_BANK,2026-09-27,True,55+,Izmir
C007210,U027835,CMP_BANK,2026-08-22,True,35-44,Ankara
C007211,U027838,CMP_BANK,2026-09-22,True,55+,Other
C007212,U027839,CMP_BANK,2026-07-04,True,35-44,Konya
C007213,U027840,CMP_BANK,2026-09-04,True,25-34,Istanbul
C007214,U027841,CMP_BANK,2026-07-29,True,55+,Istanbul
C007215,U027844,CMP_BANK,2026-09-06,True,35-44,Istanbul
C007216,U027846,CMP_BANK,2026-07-25,True,45-54,Izmir
C007217,U027847,CMP_BANK,2026-07-21,True,45-54,Istanbul
C007218,U027848,CMP_BANK,2026-08-02,True,25-34,Istanbul
C007219,U027849,CMP_BANK,2026-07-14,True,35-44,Other
C007220,U027850,CMP_BANK,2026-08-13,True,35-44,Other
C007221,U027852,CMP_BANK,2026-07-06,True,45-54,Kayseri
C007222,U027853,CMP_BANK,2026-07-07,True,25-34,Other
C007223,U027854,CMP_BANK,2026-07-12,True,45-54,Ankara
C007224,U027855,CMP_BANK,2026-09-18,True,35-44,Istanbul
C007225,U027856,CMP_BANK,2026-08-10,True,45-54,Istanbul
C007226,U027857,CMP_BANK,2026-07-19,True,25-34,Izmir
C007227,U027859,CMP_BANK,2026-08-21,True,45-54,Istanbul
C007228,U027861,CMP_BANK,2026-07-10,True,25-34,Istanbul
C007229,U027862,CMP_BANK,2026-07-16,True,35-44,Other
C007230,U027863,CMP_BANK,2026-08-27,True,45-54,Gaziantep
C007231,U027864,CMP_BANK,2026-07-16,True,45-54,Istanbul
C007232,U027865,CMP_BANK,2026-07-17,True,25-34,Kayseri
C007233,U027868,CMP_BANK,2026-08-02,True,55+,Other
C007234,U027869,CMP_BANK,2026-07-02,True,45-54,Antalya
C007235,U027870,CMP_BANK,2026-08-14,True,35-44,Istanbul
C007236,U027871,CMP_BANK,2026-08-27,True,45-54,Kayseri
C007237,U027872,CMP_BANK,2026-07-15,True,18-24,Istanbul
C007238,U027873,CMP_BANK,2026-08-04,True,45-54,Istanbul
C007239,U027875,CMP_BANK,2026-07-20,True,45-54,Izmir
C007240,U027876,CMP_BANK,2026-07-16,True,18-24,Istanbul
C007241,U027878,CMP_BANK,2026-07-26,True,35-44,Istanbul
C007242,U027879,CMP_BANK,2026-07-19,True,35-44,Istanbul
C007243,U027881,CMP_BANK,2026-07-03,True,35-44,Istanbul
C007244,U027883,CMP_BANK,2026-07-27,True,45-54,Istanbul
C007245,U027884,CMP_BANK,2026-09-12,True,18-24,Izmir
C007246,U027885,CMP_BANK,2026-07-12,True,35-44,Other
C007247,U027887,CMP_BANK,2026-08-14,True,25-34,Istanbul
C007248,U027888,CMP_BANK,2026-07-21,True,25-34,Kocaeli
C007249,U027890,CMP_BANK,2026-07-05,True,18-24,Bursa
C007250,U027892,CMP_BANK,2026-09-20,True,55+,Other
C007251,U027893,CMP_BANK,2026-08-01,True,45-54,Izmir
C007252,U027895,CMP_BANK,2026-07-12,True,18-24,Istanbul
C007253,U027896,CMP_BANK,2026-08-04,True,55+,Istanbul
C007254,U027899,CMP_BANK,2026-09-24,True,45-54,Istanbul
C007255,U027900,CMP_BANK,2026-07-08,True,18-24,Other
C007256,U027901,CMP_BANK,2026-08-11,True,45-54,Other
C007257,U027903,CMP_BANK,2026-09-13,True,45-54,Izmir
C007258,U027906,CMP_BANK,2026-08-02,True,35-44,Istanbul
C007259,U027907,CMP_BANK,2026-07-17,True,55+,Other
C007260,U027908,CMP_BANK,2026-07-11,True,35-44,Istanbul
C007261,U027910,CMP_BANK,2026-07-25,True,45-54,Istanbul
C007262,U027913,CMP_BANK,2026-07-03,True,35-44,Ankara
C007263,U027915,CMP_BANK,2026-09-03,True,35-44,Istanbul
C007264,U027917,CMP_BANK,2026-07-03,True,35-44,Other
C007265,U027919,CMP_BANK,2026-07-09,True,18-24,Ankara
C007266,U027922,CMP_BANK,2026-09-01,True,45-54,Istanbul
C007267,U027923,CMP_BANK,2026-07-07,True,45-54,Kayseri
C007268,U027925,CMP_BANK,2026-07-15,True,35-44,Istanbul
C007269,U027926,CMP_BANK,2026-08-26,True,25-34,Kocaeli
C007270,U027927,CMP_BANK,2026-07-31,True,45-54,Istanbul
C007271,U027928,CMP_BANK,2026-07-08,True,35-44,Other
C007272,U027930,CMP_BANK,2026-07-04,True,45-54,Ankara
C007273,U027933,CMP_BANK,2026-07-31,True,55+,Istanbul
C007274,U027934,CMP_BANK,2026-09-11,True,25-34,Izmir
C007275,U027935,CMP_BANK,2026-09-14,True,25-34,Other
C007276,U027938,CMP_BANK,2026-07-26,True,35-44,Istanbul
C007277,U027939,CMP_BANK,2026-07-16,True,45-54,Kayseri
C007278,U027941,CMP_BANK,2026-07-02,True,45-54,Ankara
C007279,U027942,CMP_BANK,2026-08-04,True,35-44,Istanbul
C007280,U027944,CMP_BANK,2026-07-07,True,25-34,Antalya
C007281,U027946,CMP_BANK,2026-07-19,True,25-34,Konya
C007282,U027948,CMP_BANK,2026-09-05,True,35-44,Istanbul
C007283,U027949,CMP_BANK,2026-07-09,True,18-24,Other
C007284,U027951,CMP_BANK,2026-08-22,True,45-54,Bursa
C007285,U027952,CMP_BANK,2026-07-20,True,55+,Istanbul
C007286,U027953,CMP_BANK,2026-09-03,True,55+,Istanbul
C007287,U027956,CMP_BANK,2026-08-04,True,45-54,Istanbul
C007288,U027957,CMP_BANK,2026-07-02,True,45-54,Izmir
C007289,U027958,CMP_BANK,2026-08-08,True,35-44,Ankara
C007290,U027961,CMP_BANK,2026-07-18,True,45-54,Kocaeli
C007291,U027962,CMP_BANK,2026-07-18,True,55+,Kocaeli
C007292,U027964,CMP_BANK,2026-07-27,True,25-34,Kocaeli
C007293,U027966,CMP_BANK,2026-08-02,True,45-54,Istanbul
C007294,U027967,CMP_BANK,2026-07-24,True,35-44,Istanbul
C007295,U027969,CMP_BANK,2026-08-11,True,25-34,Istanbul
C007296,U027970,CMP_BANK,2026-08-27,True,45-54,Other
C007297,U027971,CMP_BANK,2026-07-16,True,55+,Gaziantep
C007298,U027972,CMP_BANK,2026-07-23,True,45-54,Istanbul
C007299,U027975,CMP_BANK,2026-07-26,True,45-54,Istanbul
C007300,U027976,CMP_BANK,2026-08-16,True,25-34,Istanbul
C007301,U027977,CMP_BANK,2026-07-22,True,35-44,Istanbul
C007302,U027979,CMP_BANK,2026-08-19,True,18-24,Izmir
C007303,U027980,CMP_BANK,2026-08-17,True,45-54,Istanbul
C007304,U027981,CMP_BANK,2026-08-06,True,55+,Istanbul
C007305,U027983,CMP_BANK,2026-09-03,True,45-54,Konya
C007306,U027984,CMP_BANK,2026-08-13,True,45-54,Istanbul
C007307,U027985,CMP_BANK,2026-07-24,True,25-34,Istanbul
C007308,U027986,CMP_BANK,2026-08-01,True,45-54,Other
C007309,U027988,CMP_BANK,2026-08-09,True,35-44,Istanbul
C007310,U027991,CMP_BANK,2026-08-07,True,35-44,Kocaeli
C007311,U027993,CMP_BANK,2026-08-10,True,45-54,Istanbul
C007312,U027994,CMP_BANK,2026-09-27,True,55+,Kayseri
C007313,U027995,CMP_BANK,2026-07-01,True,35-44,Istanbul
C007314,U027997,CMP_BANK,2026-09-07,True,45-54,Kayseri
C007315,U027998,CMP_BANK,2026-07-03,True,35-44,Istanbul
C007316,U028000,CMP_BANK,2026-07-05,True,45-54,Istanbul
C007317,U028001,CMP_BANK,2026-07-07,True,18-24,Istanbul
C007318,U028004,CMP_BANK,2026-07-18,True,45-54,Ankara
C007319,U028005,CMP_BANK,2026-09-18,True,35-44,Istanbul
C007320,U028007,CMP_BANK,2026-07-24,True,55+,Istanbul
C007321,U028010,CMP_BANK,2026-07-04,True,55+,Ankara
C007322,U028011,CMP_BANK,2026-07-19,True,45-54,Istanbul
C007323,U028012,CMP_BANK,2026-09-20,True,45-54,Ankara
C007324,U028018,CMP_BANK,2026-07-29,True,35-44,Other
C007325,U028019,CMP_BANK,2026-07-16,True,35-44,Istanbul
C007326,U028021,CMP_BANK,2026-08-22,True,55+,Ankara
C007327,U028022,CMP_BANK,2026-08-19,True,55+,Istanbul
C007328,U028023,CMP_BANK,2026-07-08,True,35-44,Istanbul
C007329,U028024,CMP_BANK,2026-09-01,True,45-54,Antalya
C007330,U028025,CMP_BANK,2026-09-24,True,55+,Istanbul
C007331,U028030,CMP_BANK,2026-08-11,True,35-44,Gaziantep
C007332,U028031,CMP_BANK,2026-09-24,True,55+,Izmir
C007333,U028034,CMP_BANK,2026-07-27,True,35-44,Istanbul
C007334,U028035,CMP_BANK,2026-08-01,True,55+,Ankara
C007335,U028037,CMP_BANK,2026-07-25,True,35-44,Istanbul
C007336,U028038,CMP_BANK,2026-09-15,True,55+,Other
C007337,U028039,CMP_BANK,2026-07-18,True,45-54,Bursa
C007338,U028041,CMP_BANK,2026-07-07,True,45-54,Istanbul
C007339,U028042,CMP_BANK,2026-07-22,True,35-44,Ankara
C007340,U028043,CMP_BANK,2026-07-09,True,35-44,Istanbul
C007341,U028044,CMP_BANK,2026-08-25,True,45-54,Ankara
C007342,U028045,CMP_BANK,2026-07-20,True,35-44,Other
C007343,U028046,CMP_BANK,2026-08-02,True,25-34,Istanbul
C007344,U028047,CMP_BANK,2026-08-31,True,55+,Istanbul
C007345,U028049,CMP_BANK,2026-07-23,True,25-34,Istanbul
C007346,U028051,CMP_BANK,2026-07-07,True,45-54,Konya
C007347,U028053,CMP_BANK,2026-09-22,True,25-34,Ankara
C007348,U028055,CMP_BANK,2026-08-14,True,55+,Other
C007349,U028056,CMP_BANK,2026-07-31,True,35-44,Istanbul
C007350,U028057,CMP_BANK,2026-08-01,True,55+,Izmir
C007351,U028059,CMP_BANK,2026-07-17,True,35-44,Other
C007352,U028063,CMP_BANK,2026-09-15,True,45-54,Gaziantep
C007353,U028065,CMP_BANK,2026-07-07,True,55+,Istanbul
C007354,U028069,CMP_BANK,2026-07-03,True,25-34,Istanbul
C007355,U028070,CMP_BANK,2026-07-19,True,35-44,Konya
C007356,U028071,CMP_BANK,2026-08-12,True,35-44,Other
C007357,U028072,CMP_BANK,2026-09-24,True,55+,Istanbul
C007358,U028073,CMP_BANK,2026-08-22,True,18-24,Istanbul
C007359,U028074,CMP_BANK,2026-08-01,True,35-44,Ankara
C007360,U028075,CMP_BANK,2026-07-21,True,45-54,Ankara
C007361,U028076,CMP_BANK,2026-07-27,True,45-54,Izmir
C007362,U028077,CMP_BANK,2026-08-17,True,45-54,Istanbul
C007363,U028079,CMP_BANK,2026-08-31,True,25-34,Other
C007364,U028081,CMP_BANK,2026-07-04,True,25-34,Istanbul
C007365,U028082,CMP_BANK,2026-07-19,True,35-44,Istanbul
C007366,U028083,CMP_BANK,2026-08-26,True,25-34,Bursa
C007367,U028084,CMP_BANK,2026-08-06,True,18-24,Ankara
C007368,U028085,CMP_BANK,2026-07-30,True,55+,Kayseri
C007369,U028087,CMP_BANK,2026-07-08,True,45-54,Istanbul
C007370,U028091,CMP_BANK,2026-07-29,True,18-24,Kocaeli
C007371,U028092,CMP_BANK,2026-08-24,True,35-44,Izmir
C007372,U028093,CMP_BANK,2026-08-15,True,45-54,Istanbul
C007373,U028094,CMP_BANK,2026-07-17,True,55+,Konya
C007374,U028096,CMP_BANK,2026-07-18,True,25-34,Ankara
C007375,U028097,CMP_BANK,2026-08-25,True,45-54,Izmir
C007376,U028099,CMP_BANK,2026-07-11,True,25-34,Izmir
C007377,U028100,CMP_BANK,2026-07-29,True,25-34,Bursa
C007378,U028101,CMP_BANK,2026-08-18,True,55+,Ankara
C007379,U028102,CMP_BANK,2026-08-30,True,35-44,Other
C007380,U028103,CMP_BANK,2026-07-12,True,25-34,Istanbul
C007381,U028104,CMP_BANK,2026-07-24,True,35-44,Konya
C007382,U028106,CMP_BANK,2026-07-16,True,55+,Izmir
C007383,U028109,CMP_BANK,2026-09-17,True,55+,Istanbul
C007384,U028110,CMP_BANK,2026-09-25,True,45-54,Istanbul
C007385,U028111,CMP_BANK,2026-07-17,True,25-34,Bursa
C007386,U028115,CMP_BANK,2026-07-14,True,35-44,Istanbul
C007387,U028116,CMP_BANK,2026-09-17,True,25-34,Other
C007388,U028119,CMP_BANK,2026-08-08,True,25-34,Istanbul
C007389,U028122,CMP_BANK,2026-08-30,True,35-44,Istanbul
C007390,U028124,CMP_BANK,2026-07-14,True,35-44,Ankara
C007391,U028125,CMP_BANK,2026-08-09,True,45-54,Konya
C007392,U028126,CMP_BANK,2026-07-27,True,18-24,Other
C007393,U028128,CMP_BANK,2026-07-04,True,25-34,Konya
C007394,U028129,CMP_BANK,2026-07-08,True,35-44,Other
C007395,U028130,CMP_BANK,2026-08-08,True,35-44,Istanbul
C007396,U028131,CMP_BANK,2026-08-07,True,35-44,Istanbul
C007397,U028132,CMP_BANK,2026-07-12,True,25-34,Ankara
C007398,U028134,CMP_BANK,2026-07-16,True,35-44,Other
C007399,U028139,CMP_BANK,2026-07-09,True,35-44,Other
C007400,U028140,CMP_BANK,2026-09-23,True,25-34,Istanbul
C007401,U028142,CMP_BANK,2026-07-15,True,45-54,Gaziantep
C007402,U028143,CMP_BANK,2026-09-14,True,25-34,Other
C007403,U028144,CMP_BANK,2026-08-18,True,55+,Istanbul
C007404,U028145,CMP_BANK,2026-09-21,True,25-34,Istanbul
C007405,U028146,CMP_BANK,2026-08-12,True,25-34,Bursa
C007406,U028147,CMP_BANK,2026-08-24,True,55+,Istanbul
C007407,U028148,CMP_BANK,2026-08-12,True,45-54,Other
C007408,U028150,CMP_BANK,2026-07-29,True,25-34,Istanbul
C007409,U028154,CMP_BANK,2026-07-06,True,35-44,Ankara
C007410,U028155,CMP_BANK,2026-08-19,True,25-34,Istanbul
C007411,U028161,CMP_BANK,2026-07-30,True,25-34,Other
C007412,U028162,CMP_BANK,2026-07-28,True,35-44,Other
C007413,U028163,CMP_BANK,2026-08-28,True,55+,Istanbul
C007414,U028164,CMP_BANK,2026-09-24,True,45-54,Istanbul
C007415,U028165,CMP_BANK,2026-07-07,True,35-44,Ankara
C007416,U028167,CMP_BANK,2026-07-13,True,25-34,Istanbul
C007417,U028172,CMP_BANK,2026-07-08,True,45-54,Ankara
C007418,U028173,CMP_BANK,2026-07-30,True,45-54,Bursa
C007419,U028174,CMP_BANK,2026-07-21,True,55+,Other
C007420,U028175,CMP_BANK,2026-09-08,True,55+,Istanbul
C007421,U028176,CMP_BANK,2026-08-04,True,25-34,Kocaeli
C007422,U028178,CMP_BANK,2026-07-16,True,45-54,Istanbul
C007423,U028179,CMP_BANK,2026-08-18,True,55+,Other
C007424,U028180,CMP_BANK,2026-09-05,True,45-54,Ankara
C007425,U028181,CMP_BANK,2026-07-11,True,25-34,Istanbul
C007426,U028182,CMP_BANK,2026-07-25,True,35-44,Istanbul
C007427,U028183,CMP_BANK,2026-08-06,True,35-44,Istanbul
C007428,U028184,CMP_BANK,2026-07-07,True,45-54,Istanbul
C007429,U028186,CMP_BANK,2026-08-07,True,45-54,Istanbul
C007430,U028187,CMP_BANK,2026-08-18,True,45-54,Istanbul
C007431,U028189,CMP_BANK,2026-08-09,True,35-44,Istanbul
C007432,U028190,CMP_BANK,2026-08-21,True,35-44,Ankara
C007433,U028191,CMP_BANK,2026-07-18,True,25-34,Izmir
C007434,U028192,CMP_BANK,2026-07-18,True,55+,Istanbul
C007435,U028193,CMP_BANK,2026-08-08,True,45-54,Gaziantep
C007436,U028195,CMP_BANK,2026-07-16,True,25-34,Gaziantep
C007437,U028196,CMP_BANK,2026-07-13,True,35-44,Other
C007438,U028198,CMP_BANK,2026-07-28,True,55+,Istanbul
C007439,U028200,CMP_BANK,2026-07-16,True,45-54,Other
C007440,U028201,CMP_BANK,2026-08-21,True,35-44,Bursa
C007441,U028202,CMP_BANK,2026-08-30,True,35-44,Ankara
C007442,U028203,CMP_BANK,2026-07-16,True,35-44,Istanbul
C007443,U028204,CMP_BANK,2026-07-28,True,45-54,Ankara
C007444,U028206,CMP_BANK,2026-07-18,True,25-34,Kocaeli
C007445,U028207,CMP_BANK,2026-07-07,True,55+,Other
C007446,U028208,CMP_BANK,2026-09-16,True,35-44,Istanbul
C007447,U028209,CMP_BANK,2026-08-01,True,35-44,Kocaeli
C007448,U028210,CMP_BANK,2026-08-22,True,35-44,Ankara
C007449,U028211,CMP_BANK,2026-08-17,True,45-54,Istanbul
C007450,U028212,CMP_BANK,2026-08-28,True,35-44,Konya
C007451,U028213,CMP_BANK,2026-07-23,True,25-34,Other
C007452,U028215,CMP_BANK,2026-07-31,True,45-54,Istanbul
C007453,U028218,CMP_BANK,2026-08-06,True,35-44,Ankara
C007454,U028221,CMP_BANK,2026-07-07,True,35-44,Istanbul
C007455,U028223,CMP_BANK,2026-07-10,True,45-54,Other
C007456,U028226,CMP_BANK,2026-08-09,True,25-34,Istanbul
C007457,U028227,CMP_BANK,2026-09-10,True,25-34,Istanbul
C007458,U028228,CMP_BANK,2026-09-15,True,35-44,Istanbul
C007459,U028230,CMP_BANK,2026-07-22,True,55+,Ankara
C007460,U028231,CMP_BANK,2026-07-08,True,35-44,Istanbul
C007461,U028233,CMP_BANK,2026-07-11,True,35-44,Istanbul
C007462,U028235,CMP_BANK,2026-08-18,True,35-44,Antalya
C007463,U028236,CMP_BANK,2026-07-28,True,35-44,Istanbul
C007464,U028237,CMP_BANK,2026-08-01,True,55+,Other
C007465,U028238,CMP_BANK,2026-07-24,True,45-54,Bursa
C007466,U028240,CMP_BANK,2026-08-21,True,45-54,Izmir
C007467,U028241,CMP_BANK,2026-07-25,True,45-54,Ankara
C007468,U028244,CMP_BANK,2026-07-30,True,45-54,Izmir
C007469,U028246,CMP_BANK,2026-07-01,True,35-44,Ankara
C007470,U028248,CMP_BANK,2026-08-18,True,55+,Konya
C007471,U028249,CMP_BANK,2026-09-07,True,55+,Istanbul
C007472,U028250,CMP_BANK,2026-07-21,True,35-44,Ankara
C007473,U028251,CMP_BANK,2026-07-04,True,25-34,Other
C007474,U028253,CMP_BANK,2026-08-30,True,45-54,Other
C007475,U028254,CMP_BANK,2026-08-02,True,25-34,Izmir
C007476,U028255,CMP_BANK,2026-07-23,True,35-44,Istanbul
C007477,U028256,CMP_BANK,2026-07-05,True,45-54,Gaziantep
C007478,U028257,CMP_BANK,2026-08-08,True,55+,Ankara
C007479,U028258,CMP_BANK,2026-09-15,True,35-44,Istanbul
C007480,U028262,CMP_BANK,2026-08-10,True,45-54,Istanbul
C007481,U028267,CMP_BANK,2026-07-12,True,45-54,Istanbul
C007482,U028268,CMP_BANK,2026-09-06,True,55+,Ankara
C007483,U028270,CMP_BANK,2026-07-06,True,45-54,Kayseri
C007484,U028274,CMP_BANK,2026-07-15,True,25-34,Ankara
C007485,U028275,CMP_BANK,2026-07-07,True,45-54,Kocaeli
C007486,U028276,CMP_BANK,2026-07-22,True,55+,Other
C007487,U028277,CMP_BANK,2026-08-01,True,25-34,Istanbul
C007488,U028279,CMP_BANK,2026-08-05,True,25-34,Other
C007489,U028280,CMP_BANK,2026-08-22,True,25-34,Kocaeli
C007490,U028281,CMP_BANK,2026-07-30,True,55+,Ankara
C007491,U028282,CMP_BANK,2026-08-05,True,35-44,Other
C007492,U028283,CMP_BANK,2026-07-14,True,35-44,Istanbul
C007493,U028284,CMP_BANK,2026-08-15,True,55+,Istanbul
C007494,U028286,CMP_BANK,2026-08-22,True,35-44,Konya
C007495,U028287,CMP_BANK,2026-09-01,True,25-34,Kayseri
C007496,U028291,CMP_BANK,2026-07-19,True,45-54,Other
C007497,U028292,CMP_BANK,2026-08-11,True,35-44,Istanbul
C007498,U028294,CMP_BANK,2026-07-04,True,25-34,Istanbul
C007499,U028295,CMP_BANK,2026-08-25,True,55+,Izmir
C007500,U028297,CMP_BANK,2026-08-15,True,55+,Istanbul
C007501,U028298,CMP_BANK,2026-07-02,True,25-34,Other
C007502,U028299,CMP_BANK,2026-07-11,True,18-24,Istanbul
C007503,U028300,CMP_BANK,2026-07-01,True,25-34,Istanbul
C007504,U028305,CMP_BANK,2026-07-12,True,45-54,Ankara
C007505,U028306,CMP_BANK,2026-07-27,True,45-54,Istanbul
C007506,U028308,CMP_BANK,2026-08-22,True,25-34,Kocaeli
C007507,U028309,CMP_BANK,2026-07-28,True,35-44,Izmir
C007508,U028310,CMP_BANK,2026-07-04,True,45-54,Istanbul
C007509,U028311,CMP_BANK,2026-07-09,True,55+,Other
C007510,U028312,CMP_BANK,2026-07-22,True,45-54,Istanbul
C007511,U028313,CMP_BANK,2026-07-30,True,35-44,Istanbul
C007512,U028314,CMP_BANK,2026-07-23,True,18-24,Ankara
C007513,U028315,CMP_BANK,2026-07-19,True,25-34,Istanbul
C007514,U028316,CMP_BANK,2026-08-08,True,35-44,Ankara
C007515,U028317,CMP_BANK,2026-08-02,True,45-54,Ankara
C007516,U028318,CMP_BANK,2026-07-16,True,45-54,Other
C007517,U028319,CMP_BANK,2026-07-18,True,55+,Antalya
C007518,U028320,CMP_BANK,2026-07-27,True,35-44,Istanbul
C007519,U028322,CMP_BANK,2026-09-27,True,45-54,Istanbul
C007520,U028324,CMP_BANK,2026-07-24,True,25-34,Other
C007521,U028326,CMP_BANK,2026-07-24,True,55+,Istanbul
C007522,U028327,CMP_BANK,2026-08-23,True,35-44,Ankara
C007523,U028329,CMP_BANK,2026-08-31,True,45-54,Istanbul
C007524,U028330,CMP_BANK,2026-09-16,True,25-34,Other
C007525,U028333,CMP_BANK,2026-08-10,True,35-44,Istanbul
C007526,U028336,CMP_BANK,2026-08-06,True,35-44,Istanbul
C007527,U028337,CMP_BANK,2026-08-21,True,45-54,Ankara
C007528,U028338,CMP_BANK,2026-07-06,True,35-44,Istanbul
C007529,U028339,CMP_BANK,2026-07-16,True,25-34,Konya
C007530,U028341,CMP_BANK,2026-08-29,True,45-54,Istanbul
C007531,U028342,CMP_BANK,2026-08-14,True,55+,Istanbul
C007532,U028343,CMP_BANK,2026-07-20,True,18-24,Istanbul
C007533,U028344,CMP_BANK,2026-09-01,True,45-54,Istanbul
C007534,U028346,CMP_BANK,2026-08-30,True,25-34,Konya
C007535,U028347,CMP_BANK,2026-09-13,True,35-44,Bursa
C007536,U028349,CMP_BANK,2026-07-29,True,45-54,Istanbul
C007537,U028350,CMP_BANK,2026-08-26,True,35-44,Other
C007538,U028351,CMP_BANK,2026-08-16,True,25-34,Other
C007539,U028352,CMP_BANK,2026-09-07,True,45-54,Other
C007540,U028354,CMP_BANK,2026-08-04,True,45-54,Antalya
C007541,U028355,CMP_BANK,2026-07-25,True,45-54,Istanbul
C007542,U028357,CMP_BANK,2026-07-26,True,25-34,Izmir
C007543,U028358,CMP_BANK,2026-09-20,True,45-54,Kayseri
C007544,U028360,CMP_BANK,2026-07-24,True,25-34,Kocaeli
C007545,U028362,CMP_BANK,2026-07-06,True,25-34,Kayseri
C007546,U028364,CMP_BANK,2026-07-18,True,45-54,Kocaeli
C007547,U028365,CMP_BANK,2026-07-05,True,25-34,Bursa
C007548,U028366,CMP_BANK,2026-07-07,True,55+,Other
C007549,U028369,CMP_BANK,2026-08-22,True,25-34,Konya
C007550,U028370,CMP_BANK,2026-08-03,True,25-34,Istanbul
C007551,U028371,CMP_BANK,2026-08-21,True,35-44,Istanbul
C007552,U028372,CMP_BANK,2026-07-05,True,35-44,Istanbul
C007553,U028375,CMP_BANK,2026-07-05,True,35-44,Antalya
C007554,U028376,CMP_BANK,2026-09-23,True,55+,Kocaeli
C007555,U028379,CMP_BANK,2026-07-12,True,35-44,Istanbul
C007556,U028380,CMP_BANK,2026-07-02,True,45-54,Istanbul
C007557,U028381,CMP_BANK,2026-08-04,True,35-44,Izmir
C007558,U028384,CMP_BANK,2026-07-09,True,55+,Other
C007559,U028385,CMP_BANK,2026-08-05,True,35-44,Istanbul
C007560,U028387,CMP_BANK,2026-09-02,True,45-54,Izmir
C007561,U028388,CMP_BANK,2026-07-16,True,35-44,Istanbul
C007562,U028389,CMP_BANK,2026-07-16,True,45-54,Istanbul
C007563,U028391,CMP_BANK,2026-08-22,True,25-34,Istanbul
C007564,U028392,CMP_BANK,2026-07-27,True,25-34,Other
C007565,U028393,CMP_BANK,2026-07-26,True,45-54,Other
C007566,U028396,CMP_BANK,2026-07-11,True,35-44,Istanbul
C007567,U028397,CMP_BANK,2026-08-02,True,25-34,Ankara
C007568,U028399,CMP_BANK,2026-07-07,True,45-54,Gaziantep
C007569,U028400,CMP_BANK,2026-07-27,True,25-34,Izmir
C007570,U028401,CMP_BANK,2026-08-29,True,45-54,Bursa
C007571,U028402,CMP_BANK,2026-07-02,True,18-24,Kocaeli
C007572,U028403,CMP_BANK,2026-09-10,True,25-34,Istanbul
C007573,U028404,CMP_BANK,2026-09-18,True,45-54,Istanbul
C007574,U028405,CMP_BANK,2026-07-17,True,35-44,Istanbul
C007575,U028406,CMP_BANK,2026-09-01,True,25-34,Istanbul
C007576,U028407,CMP_BANK,2026-07-09,True,35-44,Kayseri
C007577,U028409,CMP_BANK,2026-08-15,True,25-34,Izmir
C007578,U028410,CMP_BANK,2026-08-08,True,35-44,Other
C007579,U028411,CMP_BANK,2026-07-19,True,55+,Istanbul
C007580,U028412,CMP_BANK,2026-07-25,True,35-44,Istanbul
C007581,U028413,CMP_BANK,2026-07-20,True,35-44,Konya
C007582,U028414,CMP_BANK,2026-07-29,True,45-54,Kayseri
C007583,U028416,CMP_BANK,2026-07-13,True,25-34,Konya
C007584,U028421,CMP_BANK,2026-08-16,True,35-44,Gaziantep
C007585,U028422,CMP_BANK,2026-07-17,True,25-34,Istanbul
C007586,U028423,CMP_BANK,2026-08-11,True,45-54,Gaziantep
C007587,U028424,CMP_BANK,2026-07-23,True,55+,Istanbul
C007588,U028426,CMP_BANK,2026-07-16,True,35-44,Istanbul
C007589,U028427,CMP_BANK,2026-08-26,True,35-44,Istanbul
C007590,U028428,CMP_BANK,2026-07-19,True,45-54,Istanbul
C007591,U028429,CMP_BANK,2026-08-09,True,45-54,Istanbul
C007592,U028431,CMP_BANK,2026-07-29,True,35-44,Bursa
C007593,U028432,CMP_BANK,2026-07-07,True,25-34,Istanbul
C007594,U028433,CMP_BANK,2026-07-09,True,45-54,Bursa
C007595,U028434,CMP_BANK,2026-07-28,True,45-54,Istanbul
C007596,U028440,CMP_BANK,2026-07-08,True,55+,Istanbul
C007597,U028442,CMP_BANK,2026-07-26,True,25-34,Ankara
C007598,U028443,CMP_BANK,2026-08-02,True,35-44,Istanbul
C007599,U028444,CMP_BANK,2026-09-17,True,25-34,Istanbul
C007600,U028445,CMP_BANK,2026-07-30,True,35-44,Istanbul
C007601,U028448,CMP_BANK,2026-09-01,True,45-54,Istanbul
C007602,U028449,CMP_BANK,2026-08-15,True,25-34,Gaziantep
C007603,U028450,CMP_BANK,2026-08-16,True,45-54,Kocaeli
C007604,U028451,CMP_BANK,2026-07-13,True,45-54,Gaziantep
C007605,U028452,CMP_BANK,2026-07-23,True,45-54,Izmir
C007606,U028453,CMP_BANK,2026-08-02,True,25-34,Bursa
C007607,U028454,CMP_BANK,2026-07-20,True,55+,Ankara
C007608,U028456,CMP_BANK,2026-07-29,True,25-34,Other
C007609,U028457,CMP_BANK,2026-07-22,True,35-44,Ankara
C007610,U028458,CMP_BANK,2026-09-25,True,35-44,Ankara
C007611,U028459,CMP_BANK,2026-07-16,True,55+,Istanbul
C007612,U028460,CMP_BANK,2026-07-04,True,35-44,Other
C007613,U028461,CMP_BANK,2026-08-16,True,35-44,Antalya
C007614,U028462,CMP_BANK,2026-07-03,True,45-54,Istanbul
C007615,U028466,CMP_BANK,2026-07-24,True,25-34,Istanbul
C007616,U028467,CMP_BANK,2026-07-03,True,25-34,Gaziantep
C007617,U028468,CMP_BANK,2026-08-04,True,35-44,Konya
C007618,U028471,CMP_BANK,2026-07-21,True,35-44,Ankara
C007619,U028472,CMP_BANK,2026-07-20,True,45-54,Istanbul
C007620,U028474,CMP_BANK,2026-08-24,True,35-44,Konya
C007621,U028475,CMP_BANK,2026-09-28,True,25-34,Istanbul
C007622,U028476,CMP_BANK,2026-09-15,True,25-34,Kocaeli
C007623,U028477,CMP_BANK,2026-07-13,True,25-34,Kayseri
C007624,U028478,CMP_BANK,2026-07-03,True,25-34,Other
C007625,U028480,CMP_BANK,2026-08-31,True,35-44,Bursa
C007626,U028482,CMP_BANK,2026-09-07,True,35-44,Konya
C007627,U028483,CMP_BANK,2026-07-26,True,25-34,Istanbul
C007628,U028484,CMP_BANK,2026-08-26,True,45-54,Other
C007629,U028485,CMP_BANK,2026-07-24,True,35-44,Other
C007630,U028486,CMP_BANK,2026-09-10,True,55+,Ankara
C007631,U028487,CMP_BANK,2026-08-21,True,18-24,Other
C007632,U028488,CMP_BANK,2026-08-21,True,45-54,Other
C007633,U028493,CMP_BANK,2026-09-12,True,45-54,Izmir
C007634,U028494,CMP_BANK,2026-09-28,True,55+,Istanbul
C007635,U028495,CMP_BANK,2026-07-19,True,35-44,Istanbul
C007636,U028497,CMP_BANK,2026-07-04,True,45-54,Istanbul
C007637,U028500,CMP_BANK,2026-07-26,True,35-44,Istanbul
C007638,U028501,CMP_BANK,2026-08-08,True,25-34,Istanbul
C007639,U028503,CMP_BANK,2026-07-08,True,55+,Other
C007640,U028504,CMP_BANK,2026-08-17,True,55+,Ankara
C007641,U028505,CMP_BANK,2026-07-30,True,35-44,Istanbul
C007642,U028506,CMP_BANK,2026-07-19,True,45-54,Ankara
C007643,U028508,CMP_BANK,2026-07-23,True,25-34,Other
C007644,U028510,CMP_BANK,2026-08-12,True,55+,Bursa
C007645,U028511,CMP_BANK,2026-07-05,True,18-24,Other
C007646,U028512,CMP_BANK,2026-08-17,True,35-44,Bursa
C007647,U028513,CMP_BANK,2026-07-10,True,55+,Other
C007648,U028514,CMP_BANK,2026-08-30,True,55+,Other
C007649,U028515,CMP_BANK,2026-08-13,True,25-34,Istanbul
C007650,U028516,CMP_BANK,2026-08-14,True,55+,Konya
C007651,U028517,CMP_BANK,2026-07-26,True,35-44,Other
C007652,U028518,CMP_BANK,2026-08-11,True,45-54,Bursa
C007653,U028519,CMP_BANK,2026-09-07,True,35-44,Istanbul
C007654,U028520,CMP_BANK,2026-07-31,True,35-44,Istanbul
C007655,U028521,CMP_BANK,2026-07-23,True,45-54,Other
C007656,U028522,CMP_BANK,2026-07-04,True,45-54,Other
C007657,U028524,CMP_BANK,2026-07-17,True,55+,Istanbul
C007658,U028525,CMP_BANK,2026-08-25,True,55+,Istanbul
C007659,U028526,CMP_BANK,2026-07-09,True,55+,Istanbul
C007660,U028527,CMP_BANK,2026-07-10,True,35-44,Istanbul
C007661,U028528,CMP_BANK,2026-09-10,True,25-34,Kayseri
C007662,U028529,CMP_BANK,2026-08-08,True,35-44,Izmir
C007663,U028530,CMP_BANK,2026-09-16,True,55+,Other
C007664,U028531,CMP_BANK,2026-08-12,True,55+,Kocaeli
C007665,U028533,CMP_BANK,2026-08-22,True,35-44,Konya
C007666,U028534,CMP_BANK,2026-07-13,True,25-34,Other
C007667,U028535,CMP_BANK,2026-07-30,True,35-44,Ankara
C007668,U028537,CMP_BANK,2026-07-26,True,18-24,Konya
C007669,U028538,CMP_BANK,2026-07-29,True,25-34,Bursa
C007670,U028539,CMP_BANK,2026-07-30,True,45-54,Istanbul
C007671,U028540,CMP_BANK,2026-07-06,True,45-54,Izmir
C007672,U028541,CMP_BANK,2026-08-22,True,25-34,Istanbul
C007673,U028542,CMP_BANK,2026-07-20,True,35-44,Bursa
C007674,U028545,CMP_BANK,2026-07-06,True,25-34,Other
C007675,U028546,CMP_BANK,2026-08-15,True,55+,Other
C007676,U028547,CMP_BANK,2026-08-02,True,25-34,Bursa
C007677,U028549,CMP_BANK,2026-08-03,True,45-54,Gaziantep
C007678,U028550,CMP_BANK,2026-08-09,True,45-54,Kocaeli
C007679,U028552,CMP_BANK,2026-07-10,True,25-34,Istanbul
C007680,U028554,CMP_BANK,2026-07-01,True,35-44,Other
C007681,U028555,CMP_BANK,2026-07-21,True,55+,Ankara
C007682,U028557,CMP_BANK,2026-07-13,True,35-44,Istanbul
C007683,U028559,CMP_BANK,2026-08-05,True,55+,Antalya
C007684,U028560,CMP_BANK,2026-08-11,True,55+,Istanbul
C007685,U028561,CMP_BANK,2026-08-22,True,45-54,Ankara
C007686,U028564,CMP_BANK,2026-07-22,True,55+,Istanbul
C007687,U028565,CMP_BANK,2026-07-02,True,55+,Ankara
C007688,U028567,CMP_BANK,2026-07-12,True,55+,Istanbul
C007689,U028568,CMP_BANK,2026-07-07,True,35-44,Istanbul
C007690,U028571,CMP_BANK,2026-07-28,True,18-24,Ankara
C007691,U028572,CMP_BANK,2026-08-01,True,55+,Istanbul
C007692,U028573,CMP_BANK,2026-09-15,True,45-54,Bursa
C007693,U028574,CMP_BANK,2026-07-19,True,55+,Istanbul
C007694,U028575,CMP_BANK,2026-07-07,True,35-44,Ankara
C007695,U028576,CMP_BANK,2026-09-17,True,55+,Istanbul
C007696,U028577,CMP_BANK,2026-07-10,True,45-54,Istanbul
C007697,U028578,CMP_BANK,2026-08-09,True,55+,Istanbul
C007698,U028579,CMP_BANK,2026-07-03,True,45-54,Izmir
C007699,U028580,CMP_BANK,2026-07-21,True,55+,Istanbul
C007700,U028581,CMP_BANK,2026-09-15,True,25-34,Konya
C007701,U028582,CMP_BANK,2026-07-25,True,35-44,Other
C007702,U028583,CMP_BANK,2026-08-25,True,45-54,Istanbul
C007703,U028584,CMP_BANK,2026-07-28,True,45-54,Kocaeli
C007704,U028585,CMP_BANK,2026-09-15,True,25-34,Istanbul
C007705,U028586,CMP_BANK,2026-09-17,True,35-44,Istanbul
C007706,U028587,CMP_BANK,2026-09-03,True,35-44,Ankara
C007707,U028588,CMP_BANK,2026-09-25,True,55+,Istanbul
C007708,U028589,CMP_BANK,2026-08-03,True,55+,Istanbul
C007709,U028590,CMP_BANK,2026-07-11,True,25-34,Istanbul
C007710,U028592,CMP_BANK,2026-07-10,True,35-44,Other
C007711,U028593,CMP_BANK,2026-08-12,True,45-54,Istanbul
C007712,U028594,CMP_BANK,2026-08-01,True,55+,Istanbul
C007713,U028595,CMP_BANK,2026-09-27,True,25-34,Istanbul
C007714,U028597,CMP_BANK,2026-07-21,True,45-54,Izmir
C007715,U028598,CMP_BANK,2026-07-07,True,55+,Gaziantep
C007716,U028599,CMP_BANK,2026-09-07,True,55+,Ankara
C007717,U028600,CMP_BANK,2026-09-18,True,45-54,Istanbul
C007718,U028602,,2026-09-06,True,35-44,Istanbul
C007719,U028603,,2026-07-25,False,55+,Istanbul
C007720,U028604,,2026-08-09,False,55+,Istanbul
C007721,U028606,,2026-09-21,False,25-34,Kocaeli
C007722,U028608,,2026-09-01,False,25-34,Izmir
C007723,U028613,,2026-07-07,True,35-44,Istanbul
C007724,U028619,,2026-09-12,True,25-34,Other
C007725,U028620,,2026-09-17,False,35-44,Other
C007726,U028621,,2026-07-09,False,55+,Konya
C007727,U028622,,2026-09-04,False,25-34,Istanbul
C007728,U028623,,2026-09-07,False,25-34,Istanbul
C007729,U028629,,2026-08-29,False,25-34,Istanbul
C007730,U028631,,2026-08-31,False,45-54,Gaziantep
C007731,U028632,,2026-09-29,False,55+,Other
C007732,U028637,,2026-07-10,False,55+,Other
C007733,U028638,,2026-08-31,True,25-34,Istanbul
C007734,U028639,,2026-09-05,False,18-24,Konya
C007735,U028643,,2026-07-14,False,25-34,Istanbul
C007736,U028644,,2026-07-07,False,45-54,Istanbul
C007737,U028645,,2026-09-30,False,25-34,Istanbul
C007738,U028646,,2026-09-02,False,25-34,Kayseri
C007739,U028647,,2026-09-25,False,35-44,Kayseri
C007740,U028648,,2026-07-28,True,55+,Kayseri
C007741,U028654,,2026-09-09,True,35-44,Istanbul
C007742,U028656,,2026-08-03,False,55+,Other
C007743,U028661,,2026-07-27,True,25-34,Istanbul
C007744,U028664,,2026-09-02,False,55+,Other
C007745,U028666,,2026-08-06,False,25-34,Istanbul
C007746,U028667,,2026-09-08,False,35-44,Istanbul
C007747,U028669,,2026-07-11,False,45-54,Istanbul
C007748,U028670,,2026-07-27,False,25-34,Kayseri
C007749,U028673,,2026-09-04,False,55+,Istanbul
C007750,U028675,,2026-08-29,True,25-34,Bursa
C007751,U028678,,2026-08-18,True,35-44,Ankara
C007752,U028683,,2026-09-28,False,18-24,Istanbul
C007753,U028684,,2026-09-12,False,25-34,Istanbul
C007754,U028686,,2026-08-07,False,25-34,Other
C007755,U028687,,2026-08-18,False,18-24,Istanbul
C007756,U028688,,2026-09-21,False,25-34,Other
C007757,U028690,,2026-09-21,False,18-24,Istanbul
C007758,U028692,,2026-08-04,False,35-44,Istanbul
C007759,U028697,,2026-08-03,False,18-24,Other
C007760,U028700,,2026-09-14,False,25-34,Kayseri
C007761,U028701,,2026-09-03,True,35-44,Other
C007762,U028702,,2026-08-19,False,18-24,Other
C007763,U028703,,2026-07-13,False,35-44,Istanbul
C007764,U028705,,2026-08-22,False,35-44,Ankara
C007765,U028706,,2026-08-19,True,18-24,Istanbul
C007766,U028709,,2026-08-06,True,18-24,Gaziantep
C007767,U028711,,2026-07-20,False,25-34,Istanbul
C007768,U028714,,2026-08-29,True,35-44,Izmir
C007769,U028720,,2026-07-22,False,55+,Ankara
C007770,U028724,,2026-08-18,False,55+,Kocaeli
C007771,U028729,,2026-08-05,True,45-54,Ankara
C007772,U028731,,2026-08-24,False,35-44,Istanbul
C007773,U028734,,2026-09-04,True,18-24,Istanbul
C007774,U028740,,2026-08-12,False,35-44,Ankara
C007775,U028741,,2026-07-27,False,25-34,Ankara
C007776,U028743,,2026-09-26,False,45-54,Antalya
C007777,U028744,,2026-08-14,False,25-34,Istanbul
C007778,U028745,,2026-07-27,False,25-34,Istanbul
C007779,U028749,,2026-09-24,True,25-34,Istanbul
C007780,U028751,,2026-08-13,False,35-44,Istanbul
C007781,U028752,,2026-08-07,True,55+,Izmir
C007782,U028753,,2026-08-23,True,55+,Kocaeli
C007783,U028757,,2026-09-06,False,25-34,Istanbul
C007784,U028760,,2026-09-13,False,18-24,Antalya
C007785,U028761,,2026-08-05,False,25-34,Antalya
C007786,U028768,,2026-08-04,False,35-44,Izmir
C007787,U028769,,2026-07-02,False,55+,Istanbul
C007788,U028776,,2026-07-18,False,45-54,Other
C007789,U028780,,2026-09-18,True,25-34,Istanbul
C007790,U028787,,2026-08-26,True,35-44,Ankara
C007791,U028793,,2026-08-03,False,25-34,Izmir
C007792,U028794,,2026-09-19,False,25-34,Istanbul
C007793,U028797,,2026-07-26,False,35-44,Istanbul
C007794,U028802,,2026-09-02,False,55+,Istanbul
C007795,U028803,,2026-09-28,False,25-34,Kayseri
C007796,U028805,,2026-09-24,False,18-24,Istanbul
C007797,U028807,,2026-08-29,False,25-34,Kocaeli
C007798,U028808,,2026-07-17,False,35-44,Kayseri
C007799,U028811,,2026-08-08,False,25-34,Istanbul
C007800,U028812,,2026-08-30,False,35-44,Other
C007801,U028816,,2026-09-14,False,55+,Ankara
C007802,U028819,,2026-08-17,False,35-44,Istanbul
C007803,U028822,,2026-07-26,False,25-34,Istanbul
C007804,U028827,,2026-08-09,False,18-24,Other
C007805,U028830,,2026-08-17,False,25-34,Other
C007806,U028831,,2026-08-26,True,35-44,Ankara
C007807,U028832,,2026-07-18,False,25-34,Bursa
C007808,U028834,,2026-09-02,True,25-34,Kocaeli
C007809,U028835,,2026-08-29,False,25-34,Istanbul
C007810,U028836,,2026-08-14,True,25-34,Gaziantep
C007811,U028837,,2026-07-19,False,45-54,Konya
C007812,U028838,,2026-09-12,False,25-34,Istanbul
C007813,U028839,,2026-08-16,False,25-34,Other
C007814,U028840,,2026-07-17,True,45-54,Istanbul
C007815,U028842,,2026-07-06,True,45-54,Istanbul
C007816,U028843,,2026-09-14,False,55+,Istanbul
C007817,U028847,,2026-09-27,False,45-54,Kocaeli
C007818,U028849,,2026-07-30,False,55+,Istanbul
C007819,U028850,,2026-09-30,False,25-34,Bursa
C007820,U028852,,2026-08-24,False,35-44,Istanbul
C007821,U028856,,2026-08-13,False,25-34,Konya
C007822,U028861,,2026-08-11,True,55+,Ankara
C007823,U028864,,2026-09-30,False,55+,Ankara
C007824,U028868,,2026-08-08,False,35-44,Istanbul
C007825,U028872,,2026-08-08,True,45-54,Istanbul
C007826,U028874,,2026-08-28,False,25-34,Izmir
C007827,U028875,,2026-07-04,True,35-44,Istanbul
C007828,U028880,,2026-08-24,False,55+,Istanbul
C007829,U028884,,2026-07-07,False,35-44,Istanbul
C007830,U028888,,2026-07-19,False,25-34,Izmir
C007831,U028889,,2026-07-05,True,25-34,Gaziantep
C007832,U028890,,2026-09-04,True,18-24,Other
C007833,U028891,,2026-09-18,True,25-34,Istanbul
C007834,U028904,,2026-08-21,False,25-34,Istanbul
C007835,U028905,,2026-08-16,False,25-34,Izmir
C007836,U028906,,2026-07-06,False,25-34,Other
C007837,U028914,,2026-09-08,False,55+,Istanbul
C007838,U028917,,2026-07-21,False,25-34,Ankara
C007839,U028918,,2026-08-03,True,18-24,Istanbul
C007840,U028919,,2026-07-29,False,25-34,Other
C007841,U028925,,2026-07-07,False,18-24,Istanbul
C007842,U028926,,2026-07-14,False,25-34,Istanbul
C007843,U028933,,2026-07-22,True,25-34,Istanbul
C007844,U028938,,2026-08-10,False,35-44,Other
C007845,U028939,,2026-08-04,False,25-34,Istanbul
C007846,U028943,,2026-09-23,False,45-54,Ankara
C007847,U028945,,2026-09-21,False,25-34,Antalya
C007848,U028949,,2026-09-17,False,25-34,Istanbul
C007849,U028950,,2026-09-03,True,25-34,Istanbul
C007850,U028952,,2026-09-13,False,55+,Istanbul
C007851,U028953,,2026-08-29,False,25-34,Istanbul
C007852,U028956,,2026-09-08,False,25-34,Istanbul
C007853,U028958,,2026-08-14,False,55+,Istanbul
C007854,U028963,,2026-08-22,False,18-24,Istanbul
C007855,U028964,,2026-09-13,False,25-34,Bursa
C007856,U028965,,2026-07-21,True,25-34,Other
C007857,U028966,,2026-09-07,False,25-34,Other
C007858,U028968,,2026-08-25,True,25-34,Istanbul
C007859,U028970,,2026-07-14,True,25-34,Istanbul
C007860,U028973,,2026-09-04,False,18-24,Kayseri
C007861,U028975,,2026-09-25,False,25-34,Izmir
C007862,U028976,,2026-09-09,True,45-54,Istanbul
C007863,U028979,,2026-08-23,False,18-24,Konya
C007864,U028981,,2026-08-07,False,25-34,Antalya
C007865,U028985,,2026-09-01,False,25-34,Istanbul
C007866,U028986,,2026-07-11,True,45-54,Kocaeli
C007867,U028989,,2026-09-15,False,35-44,Istanbul
C007868,U028990,,2026-09-04,True,25-34,Other
C007869,U028991,,2026-07-24,True,18-24,Gaziantep
C007870,U028993,,2026-09-14,False,45-54,Istanbul
C007871,U028994,,2026-09-21,False,45-54,Istanbul
C007872,U028997,,2026-09-19,False,35-44,Other
C007873,U028998,,2026-07-29,False,45-54,Istanbul
C007874,U028999,,2026-08-16,False,55+,Istanbul
C007875,U029002,,2026-07-04,True,55+,Istanbul
C007876,U029007,,2026-09-25,False,18-24,Istanbul
C007877,U029008,,2026-09-24,True,25-34,Istanbul
C007878,U029010,,2026-09-17,False,25-34,Kayseri
C007879,U029011,,2026-07-14,False,25-34,Antalya
C007880,U029012,,2026-07-23,False,18-24,Other
C007881,U029013,,2026-07-31,True,35-44,Antalya
C007882,U029014,,2026-08-14,False,25-34,Istanbul
C007883,U029016,,2026-08-28,False,18-24,Istanbul
C007884,U029018,,2026-09-26,False,55+,Bursa
C007885,U029020,,2026-07-29,True,35-44,Ankara
C007886,U029021,,2026-07-07,False,25-34,Istanbul
C007887,U029024,,2026-09-08,False,35-44,Istanbul
C007888,U029027,,2026-09-18,False,25-34,Istanbul
C007889,U029029,,2026-07-13,True,35-44,Other
C007890,U029030,,2026-09-11,False,25-34,Konya
C007891,U029032,,2026-09-19,False,35-44,Istanbul
C007892,U029035,,2026-08-26,False,55+,Istanbul
C007893,U029037,,2026-09-20,True,45-54,Istanbul
C007894,U029038,,2026-08-05,True,35-44,Izmir
C007895,U029040,,2026-07-27,False,35-44,Bursa
C007896,U029043,,2026-08-18,True,25-34,Konya
C007897,U029045,,2026-09-20,False,45-54,Ankara
C007898,U029049,,2026-08-22,False,35-44,Other
C007899,U029051,,2026-09-23,True,25-34,Other
C007900,U029052,,2026-07-01,False,45-54,Antalya
C007901,U029061,,2026-08-24,False,25-34,Istanbul
C007902,U029062,,2026-07-03,False,25-34,Istanbul
C007903,U029064,,2026-08-24,True,55+,Other
C007904,U029068,,2026-07-30,False,25-34,Istanbul
C007905,U029072,,2026-09-22,False,18-24,Bursa
C007906,U029073,,2026-08-30,True,35-44,Other
C007907,U029074,,2026-09-24,True,35-44,Konya
C007908,U029075,,2026-07-27,False,18-24,Istanbul
C007909,U029076,,2026-07-06,True,35-44,Kocaeli
C007910,U029077,,2026-09-24,False,25-34,Antalya
C007911,U029079,,2026-07-21,False,18-24,Istanbul
C007912,U029080,,2026-09-15,False,35-44,Bursa
C007913,U029084,,2026-08-12,False,35-44,Istanbul
C007914,U029088,,2026-09-15,False,55+,Istanbul
C007915,U029092,,2026-09-12,True,45-54,Istanbul
C007916,U029099,,2026-07-05,False,35-44,Konya
C007917,U029107,,2026-08-31,False,25-34,Other
C007918,U029109,,2026-07-19,False,35-44,Other
C007919,U029110,,2026-07-08,False,45-54,Kayseri
C007920,U029119,,2026-07-27,False,45-54,Istanbul
C007921,U029123,,2026-08-26,True,25-34,Istanbul
C007922,U029125,,2026-08-19,True,35-44,Istanbul
C007923,U029131,,2026-08-06,False,25-34,Other
C007924,U029137,,2026-09-21,False,45-54,Istanbul
C007925,U029140,,2026-09-15,False,25-34,Istanbul
C007926,U029142,,2026-07-20,False,35-44,Istanbul
C007927,U029143,,2026-07-15,False,25-34,Antalya
C007928,U029145,,2026-08-19,True,45-54,Istanbul
C007929,U029150,,2026-07-18,False,25-34,Ankara
C007930,U029153,,2026-09-14,False,25-34,Bursa
C007931,U029156,,2026-07-03,False,35-44,Gaziantep
C007932,U029158,,2026-07-07,False,18-24,Istanbul
C007933,U029160,,2026-09-15,False,25-34,Istanbul
C007934,U029169,,2026-08-31,False,18-24,Konya
C007935,U029170,,2026-07-29,False,18-24,Istanbul
C007936,U029173,,2026-07-15,True,25-34,Other
C007937,U029176,,2026-09-21,False,25-34,Antalya
C007938,U029178,,2026-09-06,False,18-24,Ankara
C007939,U029185,,2026-09-13,False,55+,Izmir
C007940,U029186,,2026-09-02,False,45-54,Istanbul
C007941,U029191,,2026-07-19,True,18-24,Konya
C007942,U029192,,2026-08-18,False,25-34,Konya
C007943,U029195,,2026-07-10,False,25-34,Antalya
C007944,U029198,,2026-08-13,False,45-54,Ankara
C007945,U029204,,2026-08-26,False,55+,Istanbul
C007946,U029205,,2026-09-14,False,18-24,Bursa
C007947,U029208,,2026-07-09,True,35-44,Ankara
C007948,U029209,,2026-09-08,False,25-34,Bursa
C007949,U029213,,2026-08-22,False,55+,Istanbul
C007950,U029214,,2026-09-28,False,35-44,Other
C007951,U029216,,2026-07-08,True,25-34,Izmir
C007952,U029217,,2026-08-10,False,35-44,Istanbul
C007953,U029218,,2026-09-18,False,18-24,Other
C007954,U029226,,2026-08-12,False,25-34,Istanbul
C007955,U029228,,2026-08-20,False,18-24,Istanbul
C007956,U029229,,2026-08-13,False,25-34,Istanbul
C007957,U029232,,2026-09-21,False,35-44,Ankara
C007958,U029233,,2026-07-14,False,25-34,Antalya
C007959,U029235,,2026-08-02,True,35-44,Istanbul
C007960,U029239,,2026-08-10,False,18-24,Konya
C007961,U029243,,2026-07-03,False,18-24,Kocaeli
C007962,U029245,,2026-08-20,False,35-44,Ankara
C007963,U029247,,2026-07-18,True,25-34,Kocaeli
C007964,U029249,,2026-07-20,False,25-34,Antalya
C007965,U029250,,2026-09-21,False,25-34,Kocaeli
C007966,U029251,,2026-07-28,False,25-34,Other
C007967,U029254,,2026-09-19,False,45-54,Other
C007968,U029255,,2026-09-07,False,25-34,Gaziantep
C007969,U029260,,2026-08-04,False,25-34,Istanbul
C007970,U029263,,2026-08-11,False,25-34,Istanbul
C007971,U029265,,2026-08-09,False,45-54,Gaziantep
C007972,U029272,,2026-09-12,True,25-34,Istanbul
C007973,U029274,,2026-09-26,False,45-54,Ankara
C007974,U029277,,2026-09-03,True,45-54,Istanbul
C007975,U029280,,2026-08-16,True,35-44,Other
C007976,U029284,,2026-09-04,False,35-44,Other
C007977,U029285,,2026-08-07,False,35-44,Istanbul
C007978,U029288,,2026-07-30,False,35-44,Antalya
C007979,U029294,,2026-07-30,False,25-34,Istanbul
C007980,U029296,,2026-09-18,True,35-44,Istanbul
C007981,U029297,,2026-09-03,False,25-34,Izmir
C007982,U029300,,2026-09-20,True,35-44,Istanbul
C007983,U029302,,2026-08-04,True,35-44,Other
C007984,U029304,,2026-08-29,False,25-34,Istanbul
C007985,U029306,,2026-08-23,True,55+,Ankara
C007986,U029308,,2026-08-21,False,18-24,Ankara
C007987,U029311,,2026-08-18,True,18-24,Konya
C007988,U029313,,2026-08-05,False,25-34,Istanbul
C007989,U029316,,2026-09-06,False,18-24,Istanbul
C007990,U029322,,2026-07-27,True,35-44,Istanbul
C007991,U029323,,2026-09-30,True,45-54,Izmir
C007992,U029326,,2026-09-21,False,25-34,Ankara
C007993,U029327,,2026-07-29,False,45-54,Istanbul
C007994,U029330,,2026-07-26,False,35-44,Konya
C007995,U029331,,2026-08-14,True,35-44,Izmir
C007996,U029332,,2026-09-15,False,35-44,Istanbul
C007997,U029333,,2026-07-14,False,18-24,Istanbul
C007998,U029338,,2026-09-07,False,25-34,Istanbul
C007999,U029339,,2026-07-04,False,55+,Istanbul
C008000,U029341,,2026-08-26,False,18-24,Istanbul
C008001,U029342,,2026-08-18,False,25-34,Izmir
C008002,U029343,,2026-09-01,False,25-34,Ankara
C008003,U029350,,2026-08-13,True,25-34,Istanbul
C008004,U029361,,2026-07-17,False,55+,Izmir
C008005,U029362,,2026-09-11,False,45-54,Izmir
C008006,U029363,,2026-09-17,False,35-44,Ankara
C008007,U029366,,2026-07-15,False,35-44,Ankara
C008008,U029367,,2026-08-27,False,35-44,Istanbul
C008009,U029368,,2026-07-28,True,55+,Istanbul
C008010,U029371,,2026-07-09,True,25-34,Kocaeli
C008011,U029374,,2026-07-25,False,25-34,Other
C008012,U029378,,2026-08-02,False,25-34,Gaziantep
C008013,U029381,,2026-08-05,False,25-34,Other
C008014,U029382,,2026-07-14,True,45-54,Istanbul
C008015,U029383,,2026-08-16,False,55+,Istanbul
C008016,U029384,,2026-07-31,True,55+,Kocaeli
C008017,U029385,,2026-07-17,False,35-44,Gaziantep
C008018,U029386,,2026-07-25,False,25-34,Istanbul
C008019,U029387,,2026-09-21,False,45-54,Other
C008020,U029390,,2026-07-23,False,25-34,Gaziantep
C008021,U029391,,2026-08-06,False,25-34,Bursa
C008022,U029393,,2026-09-22,False,55+,Kayseri
C008023,U029394,,2026-07-05,False,18-24,Other
C008024,U029402,,2026-09-13,True,18-24,Istanbul
C008025,U029405,,2026-09-29,False,25-34,Ankara
C008026,U029406,,2026-09-22,True,55+,Konya
C008027,U029410,,2026-07-27,True,25-34,Gaziantep
C008028,U029420,,2026-09-24,False,18-24,Istanbul
C008029,U029422,,2026-09-12,False,25-34,Other
C008030,U029423,,2026-07-26,True,35-44,Ankara
C008031,U029424,,2026-09-28,False,55+,Istanbul
C008032,U029430,,2026-09-07,False,18-24,Izmir
C008033,U029432,,2026-07-13,True,18-24,Istanbul
C008034,U029442,,2026-07-04,False,35-44,Izmir
C008035,U029443,,2026-08-16,False,35-44,Other
C008036,U029445,,2026-09-15,False,25-34,Konya
C008037,U029447,,2026-08-21,True,55+,Istanbul
C008038,U029450,,2026-08-22,True,35-44,Istanbul
C008039,U029451,,2026-09-25,False,35-44,Konya
C008040,U029453,,2026-09-04,False,25-34,Other
C008041,U029454,,2026-08-04,False,18-24,Istanbul
C008042,U029457,,2026-07-07,False,45-54,Istanbul
C008043,U029459,,2026-07-26,False,45-54,Istanbul
C008044,U029463,,2026-07-16,True,25-34,Konya
C008045,U029467,,2026-07-04,False,35-44,Other
C008046,U029468,,2026-09-29,False,25-34,Bursa
C008047,U029472,,2026-09-02,False,45-54,Istanbul
C008048,U029473,,2026-07-12,True,55+,Istanbul
C008049,U029474,,2026-09-23,False,18-24,Istanbul
C008050,U029476,,2026-07-15,False,35-44,Istanbul
C008051,U029477,,2026-08-04,True,25-34,Istanbul
C008052,U029482,,2026-09-09,True,25-34,Istanbul
C008053,U029487,,2026-07-30,False,18-24,Ankara
C008054,U029489,,2026-08-19,False,35-44,Konya
C008055,U029490,,2026-08-20,True,18-24,Bursa
C008056,U029494,,2026-08-26,False,35-44,Antalya
C008057,U029504,,2026-09-20,False,18-24,Other
C008058,U029509,,2026-09-10,False,35-44,Istanbul
C008059,U029512,,2026-09-23,False,35-44,Istanbul
C008060,U029517,,2026-08-27,False,25-34,Ankara
C008061,U029520,,2026-09-23,False,45-54,Antalya
C008062,U029522,,2026-07-30,True,35-44,Istanbul
C008063,U029525,,2026-09-04,False,18-24,Istanbul
C008064,U029530,,2026-08-08,False,25-34,Istanbul
C008065,U029535,,2026-07-25,False,25-34,Ankara
C008066,U029540,,2026-07-09,False,45-54,Ankara
C008067,U029541,,2026-09-16,False,55+,Istanbul
C008068,U029550,,2026-07-28,False,25-34,Ankara
C008069,U029552,,2026-07-21,False,35-44,Istanbul
C008070,U029553,,2026-07-10,False,25-34,Istanbul
C008071,U029554,,2026-07-10,True,35-44,Istanbul
C008072,U029560,,2026-07-28,True,45-54,Konya
C008073,U029562,,2026-08-31,False,18-24,Other
C008074,U029563,,2026-07-08,True,35-44,Ankara
C008075,U029566,,2026-08-11,False,25-34,Bursa
C008076,U029569,,2026-07-07,False,45-54,Istanbul
C008077,U029570,,2026-08-27,False,25-34,Izmir
C008078,U029571,,2026-08-09,False,25-34,Istanbul
C008079,U029575,,2026-09-18,False,45-54,Antalya
C008080,U029580,,2026-07-16,True,45-54,Istanbul
C008081,U029581,,2026-08-25,False,18-24,Istanbul
C008082,U029584,,2026-07-26,False,18-24,Istanbul
C008083,U029597,,2026-09-05,False,45-54,Konya
C008084,U029599,,2026-09-26,False,25-34,Antalya
C008085,U029601,,2026-08-14,True,35-44,Ankara
C008086,U029604,,2026-08-30,False,18-24,Istanbul
C008087,U029606,,2026-09-30,False,25-34,Istanbul
C008088,U029610,,2026-09-09,True,35-44,Istanbul
C008089,U029612,,2026-07-17,False,45-54,Ankara
C008090,U029613,,2026-07-12,True,18-24,Istanbul
C008091,U029617,,2026-08-08,False,25-34,Istanbul
C008092,U029622,,2026-09-13,False,25-34,Istanbul
C008093,U029624,,2026-07-26,True,35-44,Istanbul
C008094,U029626,,2026-07-04,False,35-44,Istanbul
C008095,U029631,,2026-08-23,False,25-34,Kayseri
C008096,U029632,,2026-07-28,True,45-54,Kayseri
C008097,U029633,,2026-07-27,False,45-54,Istanbul
C008098,U029638,,2026-08-14,False,35-44,Other
C008099,U029639,,2026-08-15,False,25-34,Istanbul
C008100,U029641,,2026-08-20,False,25-34,Istanbul
C008101,U029649,,2026-08-12,True,35-44,Kocaeli
C008102,U029653,,2026-08-28,False,35-44,Istanbul
C008103,U029654,,2026-09-20,False,55+,Konya
C008104,U029656,,2026-09-27,True,18-24,Other
C008105,U029659,,2026-09-26,False,55+,Other
C008106,U029660,,2026-09-12,False,35-44,Istanbul
C008107,U029661,,2026-09-02,False,35-44,Ankara
C008108,U029663,,2026-07-29,False,35-44,Istanbul
C008109,U029664,,2026-09-03,True,55+,Istanbul
C008110,U029665,,2026-09-19,False,18-24,Istanbul
C008111,U029672,,2026-09-14,True,18-24,Konya
C008112,U029673,,2026-08-05,False,35-44,Other
C008113,U029676,,2026-07-31,False,25-34,Istanbul
C008114,U029680,,2026-07-07,False,55+,Istanbul
C008115,U029683,,2026-09-04,False,25-34,Ankara
C008116,U029684,,2026-09-23,False,25-34,Ankara
C008117,U029685,,2026-08-08,False,18-24,Izmir
C008118,U029687,,2026-07-15,False,45-54,Ankara
C008119,U029689,,2026-09-01,False,55+,Istanbul
C008120,U029690,,2026-07-25,False,25-34,Istanbul
C008121,U029694,,2026-07-11,False,35-44,Other
C008122,U029695,,2026-08-31,True,45-54,Istanbul
C008123,U029697,,2026-09-14,True,35-44,Istanbul
C008124,U029701,,2026-08-26,False,18-24,Istanbul
C008125,U029702,,2026-09-27,False,25-34,Ankara
C008126,U029703,,2026-07-27,True,18-24,Other
C008127,U029704,,2026-09-13,False,18-24,Izmir
C008128,U029708,,2026-08-08,False,25-34,Istanbul
C008129,U029715,,2026-07-29,True,35-44,Ankara
C008130,U029716,,2026-08-27,False,25-34,Gaziantep
C008131,U029720,,2026-09-12,True,45-54,Konya
C008132,U029721,,2026-09-12,False,25-34,Istanbul
C008133,U029727,,2026-07-16,False,25-34,Other
C008134,U029729,,2026-07-18,False,45-54,Istanbul
C008135,U029731,,2026-09-05,False,55+,Izmir
C008136,U029739,,2026-08-02,False,35-44,Ankara
C008137,U029743,,2026-07-31,False,25-34,Bursa
C008138,U029751,,2026-08-13,False,18-24,Ankara
C008139,U029752,,2026-07-23,False,25-34,Istanbul
C008140,U029753,,2026-08-01,False,35-44,Kayseri
C008141,U029755,,2026-07-06,False,25-34,Bursa
C008142,U029756,,2026-08-04,True,35-44,Istanbul
C008143,U029757,,2026-08-29,True,55+,Gaziantep
C008144,U029760,,2026-07-14,False,55+,Istanbul
C008145,U029761,,2026-07-17,True,18-24,Istanbul
C008146,U029765,,2026-07-23,True,25-34,Kayseri
C008147,U029768,,2026-08-12,False,35-44,Ankara
C008148,U029769,,2026-07-15,False,35-44,Istanbul
C008149,U029771,,2026-09-20,False,35-44,Other
C008150,U029773,,2026-08-09,False,35-44,Istanbul
C008151,U029774,,2026-09-06,False,18-24,Istanbul
C008152,U029775,,2026-08-09,True,35-44,Istanbul
C008153,U029776,,2026-07-06,False,25-34,Istanbul
C008154,U029778,,2026-07-04,False,35-44,Konya
C008155,U029782,,2026-07-19,False,25-34,Kayseri
C008156,U029784,,2026-08-01,False,18-24,Other
C008157,U029786,,2026-08-14,False,45-54,Other
C008158,U029792,,2026-07-30,False,25-34,Istanbul
C008159,U029793,,2026-09-13,False,25-34,Ankara
C008160,U029796,,2026-07-10,False,25-34,Other
C008161,U029798,,2026-08-13,False,25-34,Istanbul
C008162,U029799,,2026-08-10,True,25-34,Istanbul
C008163,U029808,,2026-08-14,False,55+,Other
C008164,U029811,,2026-09-04,True,25-34,Gaziantep
C008165,U029814,,2026-08-30,True,18-24,Ankara
C008166,U029820,,2026-08-08,False,25-34,Ankara
C008167,U029821,,2026-08-18,False,25-34,Bursa
C008168,U029826,,2026-08-12,False,35-44,Istanbul
C008169,U029831,,2026-07-19,True,35-44,Ankara
C008170,U029833,,2026-09-04,False,18-24,Istanbul
C008171,U029834,,2026-09-22,True,25-34,Istanbul
C008172,U029839,,2026-08-08,False,18-24,Istanbul
C008173,U029842,,2026-09-14,True,35-44,Istanbul
C008174,U029844,,2026-08-23,False,25-34,Konya
C008175,U029850,,2026-09-20,False,25-34,Other
C008176,U029852,,2026-07-10,True,18-24,Other
C008177,U029854,,2026-07-15,False,25-34,Izmir
C008178,U029858,,2026-07-20,True,45-54,Istanbul
C008179,U029861,,2026-09-30,False,55+,Istanbul
C008180,U029864,,2026-08-22,True,45-54,Istanbul
C008181,U029865,,2026-07-21,False,35-44,Other
C008182,U029866,,2026-07-31,False,18-24,Istanbul
C008183,U029868,,2026-07-29,False,18-24,Ankara
C008184,U029872,,2026-08-22,True,35-44,Gaziantep
C008185,U029873,,2026-08-27,True,25-34,Istanbul
C008186,U029879,,2026-08-02,False,35-44,Izmir
C008187,U029880,,2026-09-04,True,45-54,Istanbul
C008188,U029884,,2026-08-27,False,35-44,Istanbul
C008189,U029888,,2026-08-31,False,25-34,Bursa
C008190,U029889,,2026-08-26,False,55+,Konya
C008191,U029891,,2026-07-11,False,35-44,Istanbul
C008192,U029899,,2026-08-01,True,25-34,Ankara
C008193,U029901,,2026-07-26,False,35-44,Istanbul
C008194,U029902,,2026-08-18,False,18-24,Konya
C008195,U029905,,2026-08-21,False,25-34,Kayseri
C008196,U029906,,2026-08-22,False,25-34,Kocaeli
C008197,U029910,,2026-08-03,False,55+,Bursa
C008198,U029912,,2026-08-19,False,18-24,Izmir
C008199,U029916,,2026-07-30,False,45-54,Other
C008200,U029917,,2026-09-13,False,35-44,Ankara
C008201,U029924,,2026-09-18,False,55+,Izmir
C008202,U029925,,2026-09-17,False,35-44,Konya
C008203,U029926,,2026-09-19,True,25-34,Istanbul
C008204,U029928,,2026-09-07,True,45-54,Istanbul
C008205,U029929,,2026-08-31,False,45-54,Gaziantep
C008206,U029931,,2026-08-21,False,55+,Other
C008207,U029932,,2026-08-23,False,25-34,Ankara
C008208,U029936,,2026-07-20,False,35-44,Istanbul
C008209,U029939,,2026-08-10,False,35-44,Other
C008210,U029941,,2026-07-21,True,35-44,Istanbul
C008211,U029944,,2026-07-03,True,45-54,Ankara
C008212,U029945,,2026-08-26,True,25-34,Izmir
C008213,U029947,,2026-09-11,False,35-44,Istanbul
C008214,U029956,,2026-09-14,True,18-24,Istanbul
C008215,U029960,,2026-07-06,False,55+,Kocaeli
C008216,U029961,,2026-07-26,False,25-34,Istanbul
C008217,U029965,,2026-08-16,True,18-24,Istanbul
C008218,U029967,,2026-09-13,False,25-34,Ankara
C008219,U029969,,2026-08-22,True,55+,Other
C008220,U029970,,2026-08-15,False,35-44,Izmir
C008221,U029972,,2026-08-03,False,25-34,Izmir
C008222,U029974,,2026-07-20,False,35-44,Istanbul
C008223,U029976,,2026-09-10,False,45-54,Istanbul
C008224,U029982,,2026-08-19,False,25-34,Kocaeli
C008225,U029983,,2026-09-27,True,35-44,Ankara
C008226,U029984,,2026-07-29,False,45-54,Other
C008227,U029985,,2026-07-10,False,18-24,Other
C008228,U029989,,2026-07-14,True,18-24,Izmir
C008229,U029994,,2026-08-25,True,25-34,Gaziantep
C008230,U029995,,2026-07-30,True,25-34,Istanbul
C008231,U029997,,2026-08-19,False,25-34,Istanbul
C008232,U029998,,2026-09-24,False,25-34,Ankara
C008233,U030000,,2026-09-18,False,45-54,Istanbul
C008234,U030002,,2026-08-27,True,45-54,Ankara
C008235,U030004,,2026-08-25,True,35-44,Konya
C008236,U030005,,2026-08-28,False,25-34,Istanbul
C008237,U030006,,2026-09-14,False,35-44,Istanbul
C008238,U030007,,2026-08-08,False,25-34,Istanbul
C008239,U030008,,2026-08-26,False,35-44,Other
C008240,U030023,,2026-07-16,False,35-44,Kayseri
C008241,U030024,,2026-09-19,True,45-54,Istanbul
C008242,U030026,,2026-09-21,False,18-24,Gaziantep
C008243,U030032,,2026-09-25,False,18-24,Ankara
C008244,U030034,,2026-07-10,True,25-34,Kocaeli
C008245,U030035,,2026-08-17,False,25-34,Istanbul
C008246,U030040,,2026-07-07,False,25-34,Ankara
C008247,U030042,,2026-09-07,False,35-44,Kocaeli
C008248,U030043,,2026-08-14,False,25-34,Istanbul
C008249,U030047,,2026-08-04,False,55+,Istanbul
C008250,U030052,,2026-08-31,False,45-54,Istanbul
C008251,U030053,,2026-08-28,False,25-34,Istanbul
C008252,U030054,,2026-07-06,False,25-34,Istanbul
C008253,U030057,,2026-07-11,False,35-44,Other
C008254,U030058,,2026-09-27,False,35-44,Istanbul
C008255,U030062,,2026-08-14,False,18-24,Istanbul
C008256,U030064,,2026-08-02,False,25-34,Istanbul
C008257,U030065,,2026-09-27,False,35-44,Ankara
C008258,U030068,,2026-08-11,False,35-44,Other
C008259,U030069,,2026-07-18,True,25-34,Istanbul
C008260,U030074,,2026-08-17,True,35-44,Other
C008261,U030078,,2026-09-13,True,35-44,Istanbul
C008262,U030079,,2026-07-13,False,35-44,Izmir
C008263,U030084,,2026-09-20,False,35-44,Ankara
C008264,U030087,,2026-09-20,False,35-44,Other
C008265,U030089,,2026-09-30,False,35-44,Konya
C008266,U030090,,2026-08-10,False,55+,Istanbul
C008267,U030091,,2026-09-03,False,18-24,Bursa
C008268,U030093,,2026-09-07,True,18-24,Istanbul
C008269,U030094,,2026-08-28,False,25-34,Other
C008270,U030097,,2026-07-17,False,18-24,Konya
C008271,U030102,,2026-08-08,False,25-34,Bursa
C008272,U030103,,2026-07-23,False,18-24,Other
C008273,U030104,,2026-07-02,True,25-34,Istanbul
C008274,U030105,,2026-08-25,True,18-24,Bursa
C008275,U030109,,2026-07-20,False,25-34,Istanbul
C008276,U030110,,2026-08-12,False,35-44,Izmir
C008277,U030117,,2026-07-19,False,18-24,Istanbul
C008278,U030118,,2026-07-21,False,55+,Bursa
C008279,U030120,,2026-07-22,False,35-44,Konya
C008280,U030123,,2026-08-03,True,35-44,Antalya
C008281,U030124,,2026-07-27,False,45-54,Istanbul
C008282,U030125,,2026-07-13,False,35-44,Istanbul
C008283,U030126,,2026-08-25,False,35-44,Istanbul
C008284,U030130,,2026-09-23,True,55+,Ankara
C008285,U030135,,2026-07-10,False,18-24,Istanbul
C008286,U030139,,2026-08-06,True,25-34,Ankara
C008287,U030140,,2026-09-02,False,45-54,Kayseri
C008288,U030141,,2026-08-27,False,45-54,Izmir
C008289,U030142,,2026-08-11,False,25-34,Kocaeli
C008290,U030143,,2026-08-09,True,45-54,Other
C008291,U030144,,2026-09-14,True,25-34,Other
C008292,U030146,,2026-07-11,False,35-44,Other
C008293,U030147,,2026-09-03,False,18-24,Other
C008294,U030149,,2026-09-19,False,25-34,Other
C008295,U030150,,2026-09-16,False,25-34,Konya
C008296,U030151,,2026-08-03,False,25-34,Other
C008297,U030152,,2026-07-11,False,18-24,Istanbul
C008298,U030155,,2026-07-13,True,35-44,Izmir
C008299,U030160,,2026-08-18,False,45-54,Istanbul
C008300,U030162,,2026-08-31,False,35-44,Other
C008301,U030164,,2026-08-13,True,18-24,Istanbul
C008302,U030165,,2026-08-07,False,35-44,Istanbul
C008303,U030169,,2026-07-08,False,45-54,Ankara
C008304,U030171,,2026-08-08,False,45-54,Izmir
C008305,U030173,,2026-09-03,False,25-34,Istanbul
C008306,U030175,,2026-07-10,False,25-34,Konya
C008307,U030176,,2026-07-10,True,25-34,Other
C008308,U030186,,2026-07-28,False,35-44,Ankara
C008309,U030187,,2026-08-10,False,18-24,Istanbul
C008310,U030190,,2026-08-31,False,35-44,Kayseri
C008311,U030194,,2026-07-27,False,35-44,Other
C008312,U030196,,2026-07-10,True,25-34,Antalya
C008313,U030198,,2026-09-06,False,25-34,Istanbul
C008314,U030203,,2026-08-29,False,35-44,Istanbul
C008315,U030206,,2026-09-03,False,35-44,Kocaeli
C008316,U030210,,2026-08-29,False,25-34,Istanbul
C008317,U030211,,2026-07-17,False,35-44,Kocaeli
C008318,U030212,,2026-08-13,True,35-44,Other
C008319,U030216,,2026-07-01,False,18-24,Izmir
C008320,U030218,,2026-07-16,True,25-34,Istanbul
C008321,U030219,,2026-09-27,False,55+,Istanbul
C008322,U030220,,2026-09-10,True,45-54,Istanbul
C008323,U030221,,2026-08-25,False,55+,Istanbul
C008324,U030228,,2026-08-31,True,25-34,Izmir
C008325,U030229,,2026-07-11,True,25-34,Ankara
C008326,U030232,,2026-07-26,False,25-34,Istanbul
C008327,U030233,,2026-08-29,False,25-34,Istanbul
C008328,U030234,,2026-08-03,True,45-54,Antalya
C008329,U030238,,2026-07-10,False,45-54,Ankara
C008330,U030243,,2026-09-19,False,55+,Bursa
C008331,U030244,,2026-09-29,False,45-54,Istanbul
C008332,U030245,,2026-07-29,False,35-44,Istanbul
C008333,U030248,,2026-09-21,False,55+,Gaziantep
C008334,U030250,,2026-07-09,False,35-44,Istanbul
C008335,U030251,,2026-07-31,False,18-24,Istanbul
C008336,U030253,,2026-07-26,True,18-24,Bursa
C008337,U030256,,2026-07-18,True,25-34,Istanbul
C008338,U030258,,2026-08-28,False,25-34,Other
C008339,U030259,,2026-09-03,False,55+,Istanbul
C008340,U030260,,2026-07-29,False,35-44,Istanbul
C008341,U030263,,2026-07-25,False,18-24,Antalya
C008342,U030266,,2026-08-09,True,35-44,Istanbul
C008343,U030267,,2026-09-12,True,45-54,Istanbul
C008344,U030275,,2026-08-27,True,18-24,Istanbul
C008345,U030276,,2026-09-11,False,25-34,Ankara
C008346,U030277,,2026-07-26,False,25-34,Kocaeli
C008347,U030280,,2026-07-09,False,45-54,Ankara
C008348,U030285,,2026-07-12,False,35-44,Konya
C008349,U030290,,2026-09-07,False,25-34,Izmir
C008350,U030292,,2026-09-07,False,35-44,Istanbul
C008351,U030297,,2026-08-28,False,18-24,Ankara
C008352,U030303,,2026-08-24,True,25-34,Konya
C008353,U030306,,2026-08-01,True,25-34,Ankara
C008354,U030309,,2026-09-05,True,35-44,Istanbul
C008355,U030310,,2026-09-19,False,35-44,Kayseri
C008356,U030312,,2026-09-29,False,35-44,Izmir
C008357,U030316,,2026-07-19,False,35-44,Istanbul
C008358,U030318,,2026-08-13,False,35-44,Ankara
C008359,U030319,,2026-08-20,True,45-54,Istanbul
C008360,U030321,,2026-09-22,False,35-44,Bursa
C008361,U030324,,2026-08-26,False,25-34,Istanbul
C008362,U030325,,2026-07-21,True,55+,Istanbul
C008363,U030327,,2026-08-01,False,35-44,Kocaeli
C008364,U030333,,2026-09-03,False,25-34,Istanbul
C008365,U030335,,2026-08-03,False,35-44,Istanbul
C008366,U030336,,2026-07-21,False,18-24,Izmir
C008367,U030341,,2026-08-29,False,35-44,Antalya
C008368,U030343,,2026-08-25,False,25-34,Izmir
C008369,U030344,,2026-08-18,False,35-44,Konya
C008370,U030345,,2026-09-17,True,25-34,Istanbul
C008371,U030346,,2026-09-21,True,35-44,Other
C008372,U030349,,2026-07-09,True,35-44,Istanbul
C008373,U030350,,2026-09-04,False,45-54,Other
C008374,U030352,,2026-08-21,False,25-34,Other
C008375,U030354,,2026-08-18,False,25-34,Izmir
C008376,U030355,,2026-09-17,True,18-24,Kayseri
C008377,U030357,,2026-09-03,False,35-44,Gaziantep
C008378,U030359,,2026-09-29,False,35-44,Istanbul
C008379,U030360,,2026-07-23,True,55+,Other
C008380,U030363,,2026-09-20,False,25-34,Istanbul
C008381,U030365,,2026-08-04,True,35-44,Other
C008382,U030366,,2026-07-21,False,25-34,Gaziantep
C008383,U030368,,2026-08-02,True,35-44,Other
C008384,U030369,,2026-09-25,False,45-54,Other
C008385,U030372,,2026-09-04,False,18-24,Istanbul
C008386,U030378,,2026-07-07,True,45-54,Gaziantep
C008387,U030387,,2026-07-11,False,55+,Izmir
C008388,U030394,,2026-07-20,False,45-54,Istanbul
C008389,U030396,,2026-09-10,False,35-44,Istanbul
C008390,U030397,,2026-07-10,True,55+,Ankara
C008391,U030400,,2026-09-23,True,18-24,Istanbul
C008392,U030402,,2026-08-11,True,18-24,Istanbul
C008393,U030404,,2026-08-11,False,55+,Istanbul
C008394,U030405,,2026-09-04,False,25-34,Ankara
C008395,U030409,,2026-07-21,False,45-54,Istanbul
C008396,U030411,,2026-08-29,True,35-44,Istanbul
C008397,U030421,,2026-07-14,True,25-34,Izmir
C008398,U030422,,2026-08-02,False,25-34,Istanbul
C008399,U030428,,2026-07-27,False,45-54,Istanbul
C008400,U030429,,2026-09-20,True,25-34,Istanbul
C008401,U030430,,2026-08-05,False,18-24,Other
C008402,U030432,,2026-09-13,False,25-34,Istanbul
C008403,U030433,,2026-09-07,True,35-44,Kocaeli
C008404,U030435,,2026-08-17,False,35-44,Kocaeli
C008405,U030438,,2026-09-26,False,25-34,Izmir
C008406,U030439,,2026-07-31,False,45-54,Istanbul
C008407,U030441,,2026-08-08,False,35-44,Kayseri
C008408,U030442,,2026-08-05,False,35-44,Ankara
C008409,U030443,,2026-09-12,True,18-24,Other
C008410,U030444,,2026-09-30,True,25-34,Other
C008411,U030446,,2026-08-24,False,55+,Gaziantep
C008412,U030447,,2026-08-23,False,25-34,Other
C008413,U030450,,2026-07-31,False,35-44,Istanbul
C008414,U030451,,2026-07-27,False,25-34,Other
C008415,U030454,,2026-07-20,False,55+,Other
C008416,U030456,,2026-08-27,True,45-54,Istanbul
C008417,U030458,,2026-08-27,True,35-44,Istanbul
C008418,U030459,,2026-07-06,False,25-34,Gaziantep
C008419,U030460,,2026-09-13,True,35-44,Istanbul
C008420,U030462,,2026-09-07,True,25-34,Kayseri
C008421,U030464,,2026-08-04,False,25-34,Istanbul
C008422,U030472,,2026-09-25,False,35-44,Istanbul
C008423,U030473,,2026-07-24,True,25-34,Istanbul
C008424,U030476,,2026-08-29,False,35-44,Other
C008425,U030480,,2026-07-11,False,35-44,Izmir
C008426,U030486,,2026-09-08,True,35-44,Kocaeli
C008427,U030489,,2026-07-19,False,25-34,Other
C008428,U030491,,2026-09-25,False,35-44,Istanbul
C008429,U030493,,2026-07-28,True,35-44,Istanbul
C008430,U030494,,2026-07-27,False,35-44,Istanbul
C008431,U030495,,2026-09-06,False,35-44,Other
C008432,U030499,,2026-07-20,False,35-44,Ankara
C008433,U030502,,2026-09-02,False,35-44,Other
C008434,U030503,,2026-07-26,False,35-44,Istanbul
C008435,U030506,,2026-07-07,True,55+,Gaziantep
C008436,U030513,,2026-07-06,False,45-54,Kayseri
C008437,U030514,,2026-07-11,True,35-44,Other
C008438,U030516,,2026-09-09,False,35-44,Ankara
C008439,U030520,,2026-07-11,True,25-34,Konya
C008440,U030530,,2026-07-08,False,25-34,Ankara
C008441,U030531,,2026-09-07,False,35-44,Antalya
C008442,U030539,,2026-09-06,True,45-54,Ankara
C008443,U030541,,2026-07-21,False,45-54,Antalya
C008444,U030542,,2026-09-15,False,35-44,Izmir
C008445,U030543,,2026-08-27,False,18-24,Ankara
C008446,U030546,,2026-07-08,True,55+,Other
C008447,U030554,,2026-08-07,False,45-54,Istanbul
C008448,U030555,,2026-09-16,False,55+,Other
C008449,U030557,,2026-07-03,False,25-34,Istanbul
C008450,U030558,,2026-09-17,False,18-24,Ankara
C008451,U030560,,2026-07-16,False,55+,Istanbul
C008452,U030561,,2026-08-14,False,35-44,Other
C008453,U030562,,2026-08-09,True,25-34,Konya
C008454,U030563,,2026-08-13,False,25-34,Ankara
C008455,U030564,,2026-07-10,False,55+,Istanbul
C008456,U030567,,2026-09-03,False,18-24,Istanbul
C008457,U030569,,2026-09-11,False,35-44,Istanbul
C008458,U030571,,2026-08-08,True,35-44,Izmir
C008459,U030573,,2026-09-24,False,18-24,Bursa
C008460,U030577,,2026-07-21,True,45-54,Istanbul
C008461,U030579,,2026-07-04,True,25-34,Istanbul
C008462,U030580,,2026-07-19,False,45-54,Istanbul
C008463,U030581,,2026-07-31,True,35-44,Istanbul
C008464,U030582,,2026-09-09,False,55+,Bursa
C008465,U030592,,2026-07-25,False,35-44,Istanbul
C008466,U030597,,2026-09-17,True,25-34,Istanbul
C008467,U030606,,2026-07-25,True,18-24,Istanbul
C008468,U030607,,2026-08-06,False,35-44,Konya
C008469,U030609,,2026-07-05,False,55+,Istanbul
C008470,U030612,,2026-07-09,False,25-34,Kocaeli
C008471,U030613,,2026-09-15,False,35-44,Ankara
C008472,U030614,,2026-08-08,False,18-24,Ankara
C008473,U030617,,2026-07-06,False,55+,Other
C008474,U030620,,2026-07-27,False,35-44,Istanbul
C008475,U030621,,2026-09-16,False,55+,Istanbul
C008476,U030622,,2026-07-14,False,35-44,Ankara
C008477,U030623,,2026-09-05,False,35-44,Istanbul
C008478,U030624,,2026-09-03,False,25-34,Istanbul
C008479,U030626,,2026-07-15,True,25-34,Istanbul
C008480,U030632,,2026-08-22,False,25-34,Other
C008481,U030635,,2026-08-27,False,55+,Ankara
C008482,U030639,,2026-08-04,False,35-44,Istanbul
C008483,U030640,,2026-09-26,False,55+,Istanbul
C008484,U030645,,2026-08-20,False,45-54,Istanbul
C008485,U030646,,2026-07-25,False,35-44,Bursa
C008486,U030656,,2026-08-29,False,25-34,Istanbul
C008487,U030657,,2026-09-12,False,45-54,Other
C008488,U030660,,2026-08-29,True,25-34,Other
C008489,U030664,,2026-08-03,False,35-44,Izmir
C008490,U030666,,2026-07-26,False,35-44,Istanbul
C008491,U030668,,2026-07-23,False,25-34,Istanbul
C008492,U030673,,2026-08-01,False,25-34,Ankara
C008493,U030675,,2026-09-02,False,55+,Istanbul
C008494,U030676,,2026-07-31,False,35-44,Konya
C008495,U030679,,2026-08-20,False,18-24,Istanbul
C008496,U030680,,2026-09-24,False,25-34,Kocaeli
C008497,U030688,,2026-08-19,False,45-54,Istanbul
C008498,U030689,,2026-09-27,True,25-34,Izmir
C008499,U030693,,2026-07-08,True,25-34,Ankara
C008500,U030698,,2026-07-19,False,25-34,Other
C008501,U030699,,2026-08-08,True,18-24,Istanbul
C008502,U030700,,2026-08-07,False,45-54,Ankara
C008503,U030702,,2026-08-11,False,18-24,Konya
C008504,U030705,,2026-08-22,True,55+,Other
C008505,U030706,,2026-09-25,False,35-44,Antalya
C008506,U030707,,2026-09-03,True,45-54,Izmir
C008507,U030708,,2026-08-07,False,25-34,Istanbul
C008508,U030709,,2026-07-11,False,25-34,Other
C008509,U030710,,2026-07-04,True,25-34,Istanbul
C008510,U030718,,2026-09-07,False,18-24,Istanbul
C008511,U030721,,2026-07-09,False,25-34,Istanbul
C008512,U030723,,2026-08-28,False,25-34,Izmir
C008513,U030724,,2026-07-24,False,55+,Izmir
C008514,U030725,,2026-08-18,False,25-34,Izmir
C008515,U030726,,2026-08-08,False,55+,Other
C008516,U030729,,2026-09-27,False,35-44,Bursa
C008517,U030732,,2026-08-04,False,18-24,Konya
C008518,U030735,,2026-07-25,False,45-54,Other
C008519,U030736,,2026-09-03,False,25-34,Istanbul
C008520,U030739,,2026-09-24,False,55+,Other
C008521,U030740,,2026-07-08,False,35-44,Ankara
C008522,U030741,,2026-08-06,False,45-54,Izmir
C008523,U030743,,2026-09-15,False,55+,Ankara
C008524,U030744,,2026-07-10,True,18-24,Istanbul
C008525,U030745,,2026-08-11,False,35-44,Other
C008526,U030746,,2026-09-23,False,25-34,Ankara
C008527,U030750,,2026-09-22,False,18-24,Ankara
C008528,U030754,,2026-07-08,True,35-44,Istanbul
C008529,U030757,,2026-07-25,True,25-34,Istanbul
C008530,U030758,,2026-09-07,False,25-34,Other
C008531,U030759,,2026-09-20,False,55+,Ankara
C008532,U030761,,2026-09-17,False,25-34,Istanbul
C008533,U030762,,2026-07-31,True,45-54,Izmir
C008534,U030764,,2026-09-01,True,25-34,Other
C008535,U030768,,2026-09-07,True,25-34,Istanbul
C008536,U030769,,2026-09-27,False,25-34,Istanbul
C008537,U030772,,2026-07-22,False,25-34,Istanbul
C008538,U030775,,2026-07-22,False,25-34,Other
C008539,U030789,,2026-08-20,False,25-34,Kayseri
C008540,U030792,,2026-09-22,False,35-44,Istanbul
C008541,U030793,,2026-08-26,False,18-24,Istanbul
C008542,U030794,,2026-08-20,False,25-34,Istanbul
C008543,U030796,,2026-07-17,False,45-54,Other
C008544,U030797,,2026-08-19,False,25-34,Konya
C008545,U030799,,2026-07-24,False,45-54,Izmir
C008546,U030804,,2026-09-17,True,25-34,Gaziantep
C008547,U030805,,2026-07-19,False,25-34,Gaziantep
C008548,U030806,,2026-09-19,False,25-34,Istanbul
C008549,U030808,,2026-07-26,True,25-34,Istanbul
C008550,U030814,,2026-09-03,True,35-44,Istanbul
C008551,U030816,,2026-08-12,False,25-34,Izmir
C008552,U030817,,2026-09-22,True,25-34,Other
C008553,U030818,,2026-09-01,True,35-44,Other
C008554,U030820,,2026-07-17,True,25-34,Istanbul
C008555,U030821,,2026-09-13,False,35-44,Konya
C008556,U030824,,2026-07-16,False,25-34,Gaziantep
C008557,U030826,,2026-08-03,True,55+,Istanbul
C008558,U030827,,2026-07-17,False,25-34,Istanbul
C008559,U030828,,2026-07-25,False,25-34,Istanbul
C008560,U030829,,2026-09-15,False,18-24,Konya
C008561,U030831,,2026-08-04,True,18-24,Istanbul
C008562,U030832,,2026-07-26,True,45-54,Ankara
C008563,U030834,,2026-08-02,True,18-24,Istanbul
C008564,U030835,,2026-07-20,True,45-54,Konya
C008565,U030836,,2026-07-04,False,25-34,Izmir
C008566,U030839,,2026-08-27,False,25-34,Kayseri
C008567,U030840,,2026-08-22,False,18-24,Other
C008568,U030846,,2026-08-06,True,35-44,Kocaeli
C008569,U030848,,2026-08-18,False,25-34,Istanbul
C008570,U030853,,2026-09-18,True,18-24,Istanbul
C008571,U030859,,2026-08-17,True,18-24,Other
C008572,U030872,,2026-08-20,False,45-54,Istanbul
C008573,U030873,,2026-09-28,False,55+,Other
C008574,U030875,,2026-09-27,True,18-24,Gaziantep
C008575,U030877,,2026-08-08,True,35-44,Istanbul
C008576,U030880,,2026-08-31,True,35-44,Istanbul
C008577,U030882,,2026-09-10,False,35-44,Izmir
C008578,U030884,,2026-08-12,False,45-54,Other
C008579,U030885,,2026-08-23,True,25-34,Istanbul
C008580,U030888,,2026-07-12,True,25-34,Bursa
C008581,U030890,,2026-09-15,True,18-24,Istanbul
C008582,U030891,,2026-08-05,False,25-34,Istanbul
C008583,U030893,,2026-07-23,False,25-34,Bursa
C008584,U030894,,2026-07-12,True,25-34,Istanbul
C008585,U030898,,2026-07-13,True,25-34,Istanbul
C008586,U030900,,2026-09-04,True,35-44,Bursa
C008587,U030908,,2026-09-30,False,18-24,Bursa
C008588,U030910,,2026-09-16,False,55+,Istanbul
C008589,U030911,,2026-09-16,True,55+,Bursa
C008590,U030917,,2026-09-26,True,35-44,Istanbul
C008591,U030918,,2026-09-04,False,35-44,Kocaeli
C008592,U030919,,2026-08-23,False,25-34,Ankara
C008593,U030928,,2026-08-30,True,55+,Other
C008594,U030937,,2026-08-02,False,18-24,Other
C008595,U030940,,2026-09-01,False,35-44,Istanbul
C008596,U030942,,2026-08-18,False,25-34,Bursa
C008597,U030943,,2026-07-28,False,35-44,Istanbul
C008598,U030946,,2026-09-26,False,35-44,Istanbul
C008599,U030949,,2026-07-07,False,35-44,Istanbul
C008600,U030950,,2026-08-30,True,25-34,Other
C008601,U030952,,2026-07-11,True,25-34,Istanbul
C008602,U030956,,2026-09-22,False,45-54,Istanbul
C008603,U030959,,2026-09-29,True,35-44,Istanbul
C008604,U030960,,2026-08-02,True,35-44,Other
C008605,U030964,,2026-08-28,False,18-24,Konya
C008606,U030967,,2026-08-28,False,25-34,Gaziantep
C008607,U030968,,2026-08-03,False,55+,Izmir
C008608,U030969,,2026-08-05,True,18-24,Ankara
C008609,U030971,,2026-07-16,True,18-24,Bursa
C008610,U030973,,2026-09-03,True,35-44,Ankara
C008611,U030977,,2026-08-17,True,35-44,Other
C008612,U030979,,2026-08-19,True,25-34,Ankara
C008613,U030982,,2026-09-19,False,18-24,Other
C008614,U030983,,2026-09-24,False,55+,Istanbul
C008615,U030986,,2026-09-05,False,25-34,Ankara
C008616,U030989,,2026-09-04,False,35-44,Istanbul
C008617,U030990,,2026-08-22,True,55+,Ankara
C008618,U030992,,2026-09-22,True,35-44,Izmir
C008619,U030995,,2026-09-03,True,25-34,Antalya
C008620,U030997,,2026-07-18,False,35-44,Other
C008621,U030998,,2026-08-16,False,18-24,Istanbul
C008622,U031002,,2026-07-16,False,25-34,Istanbul
C008623,U031004,,2026-07-05,False,35-44,Istanbul
C008624,U031007,,2026-07-16,False,55+,Istanbul
C008625,U031008,,2026-09-16,False,35-44,Izmir
C008626,U031010,,2026-07-06,True,18-24,Ankara
C008627,U031018,,2026-08-20,True,25-34,Gaziantep
C008628,U031019,,2026-08-31,False,25-34,Izmir
C008629,U031024,,2026-07-12,False,25-34,Istanbul
C008630,U031029,,2026-08-16,True,45-54,Izmir
C008631,U031035,,2026-08-10,False,35-44,Other
C008632,U031036,,2026-09-03,False,35-44,Other
C008633,U031037,,2026-08-18,True,45-54,Istanbul
C008634,U031047,,2026-07-23,False,18-24,Istanbul
C008635,U031048,,2026-08-21,False,45-54,Istanbul
C008636,U031051,,2026-09-12,False,55+,Kayseri
C008637,U031053,,2026-09-04,False,25-34,Gaziantep
C008638,U031060,,2026-07-12,False,35-44,Istanbul
C008639,U031068,,2026-08-21,False,25-34,Kayseri
C008640,U031072,,2026-08-28,False,35-44,Izmir
C008641,U031075,,2026-07-17,True,35-44,Gaziantep
C008642,U031077,,2026-08-07,False,18-24,Istanbul
C008643,U031078,,2026-08-24,True,45-54,Izmir
C008644,U031079,,2026-09-04,True,18-24,Istanbul
C008645,U031080,,2026-08-22,True,35-44,Other
C008646,U031083,,2026-08-18,True,25-34,Istanbul
C008647,U031086,,2026-09-16,False,45-54,Konya
C008648,U031089,,2026-09-13,True,25-34,Konya
C008649,U031090,,2026-08-24,False,45-54,Istanbul
C008650,U031096,,2026-07-08,True,35-44,Ankara
C008651,U031099,,2026-09-04,False,18-24,Kocaeli
C008652,U031100,,2026-08-17,True,35-44,Istanbul
C008653,U031110,,2026-09-23,False,25-34,Istanbul
C008654,U031113,,2026-07-18,False,18-24,Istanbul
C008655,U031118,,2026-09-30,False,25-34,Istanbul
C008656,U031121,,2026-09-05,False,35-44,Other
C008657,U031129,,2026-07-25,False,35-44,Istanbul
C008658,U031137,,2026-08-30,False,35-44,Kayseri
C008659,U031140,,2026-07-31,False,35-44,Other
C008660,U031142,,2026-08-20,True,35-44,Istanbul
C008661,U031144,,2026-08-09,False,25-34,Istanbul
C008662,U031147,,2026-08-09,True,25-34,Bursa
C008663,U031150,,2026-07-15,True,35-44,Konya
C008664,U031153,,2026-07-23,False,18-24,Istanbul
C008665,U031154,,2026-07-26,False,35-44,Istanbul
C008666,U031155,,2026-07-07,False,35-44,Other
C008667,U031157,,2026-08-07,True,25-34,Istanbul
C008668,U031162,,2026-09-20,False,35-44,Ankara
C008669,U031165,,2026-09-20,False,35-44,Other
C008670,U031167,,2026-07-09,True,25-34,Other
C008671,U031169,,2026-07-13,True,55+,Istanbul
C008672,U031170,,2026-09-01,True,25-34,Ankara
C008673,U031174,,2026-09-19,True,18-24,Istanbul
C008674,U031176,,2026-09-18,False,35-44,Istanbul
C008675,U031177,,2026-07-19,False,18-24,Istanbul
C008676,U031179,,2026-07-29,False,25-34,Bursa
C008677,U031181,,2026-07-25,False,25-34,Istanbul
C008678,U031182,,2026-09-21,False,35-44,Konya
C008679,U031184,,2026-07-17,False,18-24,Ankara
C008680,U031185,,2026-08-02,False,45-54,Istanbul
C008681,U031190,,2026-09-03,False,35-44,Bursa
C008682,U031191,,2026-08-30,False,25-34,Istanbul
C008683,U031192,,2026-07-31,False,45-54,Istanbul
C008684,U031195,,2026-08-04,False,25-34,Kayseri
C008685,U031198,,2026-09-03,True,45-54,Other
C008686,U031200,,2026-08-26,False,25-34,Kocaeli
