notification_id,customer_id,notification_type,instrument_id,sent_date,opened
N000001,C000001,welcome,,2026-09-01,False
N000002,C000002,welcome,,2026-09-23,True
N000003,C000003,welcome,,2026-07-17,False
N000004,C000004,welcome,,2026-08-10,True
N000005,C000005,welcome,,2026-09-05,True
N000006,C000006,welcome,,2026-08-21,False
N000007,C000007,welcome,,2026-08-13,True
N000008,C000008,welcome,,2026-09-03,True
N000009,C000009,welcome,,2026-07-15,True
N000010,C000009,compliance_change,INS001,2026-08-03,False
N000011,C000010,welcome,,2026-09-26,False
N000012,C000011,welcome,,2026-09-20,True
N000013,C000012,welcome,,2026-07-23,False
N000014,C000013,welcome,,2026-07-07,True
N000015,C000014,welcome,,2026-09-07,True
N000016,C000015,welcome,,2026-09-22,False
N000017,C000016,welcome,,2026-09-29,True
N000018,C000017,welcome,,2026-09-04,False
N000019,C000018,welcome,,2026-07-25,True
N000020,C000019,welcome,,2026-07-23,True
N000021,C000020,welcome,,2026-08-05,True
N000022,C000021,welcome,,2026-09-05,True
N000023,C000022,welcome,,2026-08-22,False
N000024,C000023,welcome,,2026-08-24,True
N000025,C000024,welcome,,2026-09-04,False
N000026,C000025,welcome,,2026-09-06,False
N000027,C000026,welcome,,2026-09-23,True
N000028,C000027,welcome,,2026-07-13,False
N000029,C000028,welcome,,2026-09-03,False
N000030,C000029,welcome,,2026-08-31,True
N000031,C000030,welcome,,2026-07-30,True
N000032,C000031,welcome,,2026-07-20,False
N000033,C000032,welcome,,2026-08-17,False
N000034,C000033,welcome,,2026-08-25,False
N000035,C000034,welcome,,2026-09-03,False
N000036,C000035,welcome,,2026-08-04,True
N000037,C000036,welcome,,2026-09-13,False
N000038,C000037,welcome,,2026-08-14,False
N000039,C000038,welcome,,2026-09-05,True
N000040,C000039,welcome,,2026-08-15,True
N000041,C000040,welcome,,2026-07-27,False
N000042,C000041,welcome,,2026-08-25,True
N000043,C000042,welcome,,2026-08-09,True
N000044,C000043,welcome,,2026-07-19,True
N000045,C000044,welcome,,2026-08-12,True
N000046,C000045,welcome,,2026-07-27,False
N000047,C000046,welcome,,2026-08-05,True
N000048,C000047,welcome,,2026-09-09,False
N000049,C000048,welcome,,2026-08-27,False
N000050,C000049,welcome,,2026-07-22,True
N000051,C000049,compliance_change,INS001,2026-08-03,True
N000052,C000050,welcome,,2026-08-12,False
N000053,C000051,welcome,,2026-09-25,False
N000054,C000052,welcome,,2026-07-04,True
N000055,C000053,welcome,,2026-08-21,True
N000056,C000054,welcome,,2026-08-24,False
N000057,C000055,welcome,,2026-08-28,False
N000058,C000056,welcome,,2026-09-03,True
N000059,C000057,welcome,,2026-08-06,False
N000060,C000058,welcome,,2026-07-24,True
N000061,C000059,welcome,,2026-07-21,True
N000062,C000060,welcome,,2026-07-26,False
N000063,C000061,welcome,,2026-08-20,True
N000064,C000062,welcome,,2026-07-16,False
N000065,C000063,welcome,,2026-08-04,False
N000066,C000064,welcome,,2026-08-18,True
N000067,C000065,welcome,,2026-09-07,False
N000068,C000066,welcome,,2026-08-12,False
N000069,C000067,welcome,,2026-09-16,False
N000070,C000068,welcome,,2026-07-05,False
N000071,C000069,welcome,,2026-08-21,False
N000072,C000070,welcome,,2026-07-18,False
N000073,C000071,welcome,,2026-09-08,False
N000074,C000072,welcome,,2026-08-27,True
N000075,C000073,welcome,,2026-07-04,True
N000076,C000074,welcome,,2026-08-22,False
N000077,C000075,welcome,,2026-07-18,True
N000078,C000075,compliance_change,INS001,2026-08-03,True
N000079,C000076,welcome,,2026-08-10,True
N000080,C000077,welcome,,2026-08-01,True
N000081,C000078,welcome,,2026-07-06,True
N000082,C000079,welcome,,2026-07-21,True
N000083,C000080,welcome,,2026-08-29,False
N000084,C000081,welcome,,2026-07-13,False
N000085,C000082,welcome,,2026-09-05,True
N000086,C000083,welcome,,2026-08-18,True
N000087,C000084,welcome,,2026-08-24,True
N000088,C000085,welcome,,2026-07-06,True
N000089,C000086,welcome,,2026-07-15,False
N000090,C000087,welcome,,2026-08-29,False
N000091,C000088,welcome,,2026-08-12,True
N000092,C000089,welcome,,2026-08-28,True
N000093,C000090,welcome,,2026-07-25,True
N000094,C000091,welcome,,2026-07-08,True
N000095,C000092,welcome,,2026-08-04,False
N000096,C000093,welcome,,2026-07-27,False
N000097,C000094,welcome,,2026-08-24,True
N000098,C000095,welcome,,2026-07-16,True
N000099,C000096,welcome,,2026-08-01,True
N000100,C000097,welcome,,2026-09-07,False
N000101,C000098,welcome,,2026-08-09,False
N000102,C000099,welcome,,2026-09-04,False
N000103,C000100,welcome,,2026-07-23,True
N000104,C000101,welcome,,2026-07-21,True
N000105,C000102,welcome,,2026-09-07,False
N000106,C000103,welcome,,2026-08-05,False
N000107,C000104,welcome,,2026-07-16,True
N000108,C000105,welcome,,2026-07-17,True
N000109,C000106,welcome,,2026-09-21,True
N000110,C000107,welcome,,2026-08-10,True
N000111,C000108,welcome,,2026-08-06,False
N000112,C000109,welcome,,2026-07-19,True
N000113,C000110,welcome,,2026-07-18,True
N000114,C000111,welcome,,2026-08-31,True
N000115,C000112,welcome,,2026-09-22,False
N000116,C000113,welcome,,2026-08-10,True
N000117,C000114,welcome,,2026-07-25,False
N000118,C000115,welcome,,2026-07-13,False
N000119,C000116,welcome,,2026-08-06,False
N000120,C000117,welcome,,2026-09-15,True
N000121,C000118,welcome,,2026-09-29,True
N000122,C000119,welcome,,2026-08-10,True
N000123,C000120,welcome,,2026-07-24,True
N000124,C000121,welcome,,2026-08-19,True
N000125,C000122,welcome,,2026-09-26,True
N000126,C000123,welcome,,2026-08-01,True
N000127,C000124,welcome,,2026-07-17,True
N000128,C000125,welcome,,2026-07-22,True
N000129,C000126,welcome,,2026-08-15,True
N000130,C000127,welcome,,2026-08-08,False
N000131,C000128,welcome,,2026-08-04,True
N000132,C000129,welcome,,2026-09-11,False
N000133,C000130,welcome,,2026-08-12,False
N000134,C000131,welcome,,2026-08-09,True
N000135,C000132,welcome,,2026-08-14,True
N000136,C000133,welcome,,2026-08-05,True
N000137,C000134,welcome,,2026-08-08,False
N000138,C000135,welcome,,2026-07-20,True
N000139,C000136,welcome,,2026-08-14,True
N000140,C000137,welcome,,2026-09-09,True
N000141,C000138,welcome,,2026-09-03,False
N000142,C000139,welcome,,2026-08-02,False
N000143,C000140,welcome,,2026-07-20,True
N000144,C000140,compliance_change,INS001,2026-08-03,True
N000145,C000141,welcome,,2026-07-05,False
N000146,C000142,welcome,,2026-07-21,True
N000147,C000143,welcome,,2026-09-10,True
N000148,C000144,welcome,,2026-09-06,False
N000149,C000145,welcome,,2026-08-12,True
N000150,C000146,welcome,,2026-07-27,True
N000151,C000147,welcome,,2026-08-31,False
N000152,C000148,welcome,,2026-09-13,True
N000153,C000149,welcome,,2026-08-10,True
N000154,C000150,welcome,,2026-07-10,True
N000155,C000151,welcome,,2026-07-16,True
N000156,C000152,welcome,,2026-08-27,False
N000157,C000153,welcome,,2026-07-28,False
N000158,C000154,welcome,,2026-09-06,False
N000159,C000155,welcome,,2026-09-10,False
N000160,C000156,welcome,,2026-07-07,False
N000161,C000157,welcome,,2026-07-15,True
N000162,C000158,welcome,,2026-07-02,True
N000163,C000158,compliance_change,INS001,2026-08-03,False
N000164,C000159,welcome,,2026-07-19,False
N000165,C000160,welcome,,2026-07-07,True
N000166,C000160,compliance_change,INS001,2026-08-03,True
N000167,C000161,welcome,,2026-08-18,True
N000168,C000162,welcome,,2026-09-18,False
N000169,C000163,welcome,,2026-07-04,True
N000170,C000164,welcome,,2026-07-17,True
N000171,C000165,welcome,,2026-07-29,True
N000172,C000166,welcome,,2026-09-08,False
N000173,C000167,welcome,,2026-08-28,False
N000174,C000168,welcome,,2026-07-06,True
N000175,C000169,welcome,,2026-07-17,True
N000176,C000170,welcome,,2026-09-26,False
N000177,C000171,welcome,,2026-07-19,True
N000178,C000172,welcome,,2026-07-06,False
N000179,C000173,welcome,,2026-07-19,False
N000180,C000174,welcome,,2026-09-05,True
N000181,C000175,welcome,,2026-09-07,False
N000182,C000176,welcome,,2026-07-28,True
N000183,C000177,welcome,,2026-08-02,False
N000184,C000178,welcome,,2026-09-09,False
N000185,C000179,welcome,,2026-07-23,False
N000186,C000180,welcome,,2026-09-03,False
N000187,C000181,welcome,,2026-08-12,False
N000188,C000182,welcome,,2026-09-14,True
N000189,C000183,welcome,,2026-08-10,False
N000190,C000184,welcome,,2026-07-15,True
N000191,C000185,welcome,,2026-07-27,False
N000192,C000186,welcome,,2026-07-30,True
N000193,C000187,welcome,,2026-09-22,True
N000194,C000188,welcome,,2026-08-22,True
N000195,C000189,welcome,,2026-07-30,False
N000196,C000190,welcome,,2026-08-25,True
N000197,C000191,welcome,,2026-08-21,False
N000198,C000192,welcome,,2026-08-23,True
N000199,C000193,welcome,,2026-08-17,False
N000200,C000194,welcome,,2026-07-13,True
N000201,C000195,welcome,,2026-08-31,False
N000202,C000196,welcome,,2026-09-29,False
N000203,C000197,welcome,,2026-09-28,True
N000204,C000198,welcome,,2026-09-23,True
N000205,C000199,welcome,,2026-07-13,False
N000206,C000200,welcome,,2026-09-29,True
N000207,C000201,welcome,,2026-07-13,True
N000208,C000202,welcome,,2026-08-01,False
N000209,C000203,welcome,,2026-09-19,False
N000210,C000204,welcome,,2026-08-22,True
N000211,C000205,welcome,,2026-08-30,True
N000212,C000206,welcome,,2026-07-29,False
N000213,C000207,welcome,,2026-08-13,False
N000214,C000208,welcome,,2026-07-15,True
N000215,C000209,welcome,,2026-08-17,False
N000216,C000210,welcome,,2026-08-24,False
N000217,C000211,welcome,,2026-08-09,False
N000218,C000212,welcome,,2026-07-15,True
N000219,C000212,compliance_change,INS001,2026-08-03,True
N000220,C000213,welcome,,2026-09-17,True
N000221,C000214,welcome,,2026-07-17,False
N000222,C000215,welcome,,2026-09-07,False
N000223,C000216,welcome,,2026-07-30,False
N000224,C000217,welcome,,2026-07-09,False
N000225,C000218,welcome,,2026-08-23,True
N000226,C000219,welcome,,2026-09-29,False
N000227,C000220,welcome,,2026-08-03,False
N000228,C000221,welcome,,2026-07-23,True
N000229,C000222,welcome,,2026-07-31,True
N000230,C000223,welcome,,2026-09-14,True
N000231,C000224,welcome,,2026-08-21,True
N000232,C000225,welcome,,2026-08-20,True
N000233,C000226,welcome,,2026-07-29,True
N000234,C000227,welcome,,2026-08-14,True
N000235,C000228,welcome,,2026-07-28,False
N000236,C000229,welcome,,2026-09-15,False
N000237,C000230,welcome,,2026-09-19,False
N000238,C000231,welcome,,2026-08-10,False
N000239,C000232,welcome,,2026-09-22,True
N000240,C000233,welcome,,2026-08-25,False
N000241,C000234,welcome,,2026-07-11,False
N000242,C000234,compliance_change,INS001,2026-08-03,True
N000243,C000235,welcome,,2026-08-03,False
N000244,C000236,welcome,,2026-09-16,True
N000245,C000237,welcome,,2026-08-31,False
N000246,C000238,welcome,,2026-08-06,False
N000247,C000239,welcome,,2026-09-22,False
N000248,C000240,welcome,,2026-09-11,False
N000249,C000241,welcome,,2026-07-11,False
N000250,C000242,welcome,,2026-08-02,False
N000251,C000243,welcome,,2026-09-08,True
N000252,C000244,welcome,,2026-08-12,True
N000253,C000245,welcome,,2026-07-19,True
N000254,C000246,welcome,,2026-07-25,True
N000255,C000247,welcome,,2026-09-05,True
N000256,C000248,welcome,,2026-07-04,False
N000257,C000249,welcome,,2026-09-19,True
N000258,C000250,welcome,,2026-09-26,False
N000259,C000251,welcome,,2026-09-20,True
N000260,C000252,welcome,,2026-08-30,True
N000261,C000253,welcome,,2026-08-21,False
N000262,C000254,welcome,,2026-09-10,True
N000263,C000255,welcome,,2026-07-18,True
N000264,C000256,welcome,,2026-09-03,True
N000265,C000257,welcome,,2026-08-03,False
N000266,C000258,welcome,,2026-08-19,False
N000267,C000259,welcome,,2026-07-14,False
N000268,C000260,welcome,,2026-08-15,True
N000269,C000261,welcome,,2026-09-06,True
N000270,C000262,welcome,,2026-09-20,True
N000271,C000263,welcome,,2026-08-11,False
N000272,C000264,welcome,,2026-07-05,False
N000273,C000265,welcome,,2026-09-18,False
N000274,C000266,welcome,,2026-08-05,False
N000275,C000267,welcome,,2026-08-04,True
N000276,C000268,welcome,,2026-09-19,True
N000277,C000269,welcome,,2026-09-13,True
N000278,C000270,welcome,,2026-07-07,False
N000279,C000271,welcome,,2026-07-19,False
N000280,C000271,compliance_change,INS001,2026-08-03,False
N000281,C000272,welcome,,2026-09-29,False
N000282,C000273,welcome,,2026-09-27,True
N000283,C000274,welcome,,2026-08-17,False
N000284,C000275,welcome,,2026-09-11,False
N000285,C000276,welcome,,2026-08-13,True
N000286,C000277,welcome,,2026-07-16,False
N000287,C000278,welcome,,2026-07-15,True
N000288,C000279,welcome,,2026-08-19,False
N000289,C000280,welcome,,2026-09-22,False
N000290,C000281,welcome,,2026-09-07,True
N000291,C000282,welcome,,2026-08-03,True
N000292,C000283,welcome,,2026-07-04,True
N000293,C000284,welcome,,2026-08-17,True
N000294,C000285,welcome,,2026-07-30,False
N000295,C000286,welcome,,2026-09-21,False
N000296,C000287,welcome,,2026-07-11,True
N000297,C000288,welcome,,2026-08-26,False
N000298,C000289,welcome,,2026-09-26,True
N000299,C000290,welcome,,2026-07-26,True
N000300,C000291,welcome,,2026-09-22,False
N000301,C000292,welcome,,2026-09-20,True
N000302,C000293,welcome,,2026-08-12,True
N000303,C000294,welcome,,2026-09-22,True
N000304,C000295,welcome,,2026-07-10,False
N000305,C000296,welcome,,2026-08-07,True
N000306,C000297,welcome,,2026-09-25,False
N000307,C000298,welcome,,2026-08-10,False
N000308,C000299,welcome,,2026-09-15,True
N000309,C000300,welcome,,2026-08-04,False
N000310,C000301,welcome,,2026-09-21,False
N000311,C000302,welcome,,2026-07-08,False
N000312,C000303,welcome,,2026-08-11,True
N000313,C000304,welcome,,2026-08-06,True
N000314,C000305,welcome,,2026-08-10,True
N000315,C000306,welcome,,2026-08-08,False
N000316,C000307,welcome,,2026-08-04,False
N000317,C000308,welcome,,2026-07-28,False
N000318,C000309,welcome,,2026-07-23,True
N000319,C000310,welcome,,2026-08-21,True
N000320,C000311,welcome,,2026-08-04,False
N000321,C000312,welcome,,2026-07-26,False
N000322,C000313,welcome,,2026-09-14,True
N000323,C000314,welcome,,2026-08-06,False
N000324,C000315,welcome,,2026-09-09,True
N000325,C000316,welcome,,2026-08-12,True
N000326,C000317,welcome,,2026-09-29,True
N000327,C000318,welcome,,2026-09-19,True
N000328,C000319,welcome,,2026-07-25,True
N000329,C000320,welcome,,2026-09-23,False
N000330,C000321,welcome,,2026-09-13,True
N000331,C000322,welcome,,2026-07-17,True
N000332,C000323,welcome,,2026-09-14,False
N000333,C000324,welcome,,2026-09-21,False
N000334,C000325,welcome,,2026-08-31,True
N000335,C000326,welcome,,2026-08-09,False
N000336,C000327,welcome,,2026-09-09,True
N000337,C000328,welcome,,2026-09-21,False
N000338,C000329,welcome,,2026-09-18,True
N000339,C000330,welcome,,2026-07-21,False
N000340,C000331,welcome,,2026-08-20,False
N000341,C000332,welcome,,2026-08-27,False
N000342,C000333,welcome,,2026-09-24,False
N000343,C000334,welcome,,2026-07-21,False
N000344,C000335,welcome,,2026-07-04,False
N000345,C000336,welcome,,2026-07-04,True
N000346,C000337,welcome,,2026-09-21,True
N000347,C000338,welcome,,2026-08-15,False
N000348,C000339,welcome,,2026-08-24,False
N000349,C000340,welcome,,2026-09-06,False
N000350,C000341,welcome,,2026-09-02,False
N000351,C000342,welcome,,2026-08-31,True
N000352,C000343,welcome,,2026-07-27,True
N000353,C000344,welcome,,2026-08-26,True
N000354,C000345,welcome,,2026-07-12,False
N000355,C000346,welcome,,2026-09-26,False
N000356,C000347,welcome,,2026-09-07,True
N000357,C000348,welcome,,2026-07-12,False
N000358,C000349,welcome,,2026-08-07,True
N000359,C000350,welcome,,2026-08-03,True
N000360,C000351,welcome,,2026-08-20,False
N000361,C000352,welcome,,2026-08-06,True
N000362,C000353,welcome,,2026-09-25,False
N000363,C000354,welcome,,2026-09-09,False
N000364,C000355,welcome,,2026-09-20,True
N000365,C000356,welcome,,2026-07-29,True
N000366,C000357,welcome,,2026-07-24,True
N000367,C000358,welcome,,2026-08-02,False
N000368,C000359,welcome,,2026-08-27,True
N000369,C000360,welcome,,2026-08-07,True
N000370,C000361,welcome,,2026-08-04,False
N000371,C000362,welcome,,2026-07-31,True
N000372,C000363,welcome,,2026-07-12,False
N000373,C000364,welcome,,2026-09-26,True
N000374,C000365,welcome,,2026-08-20,True
N000375,C000366,welcome,,2026-09-16,False
N000376,C000367,welcome,,2026-08-08,False
N000377,C000368,welcome,,2026-07-28,True
N000378,C000369,welcome,,2026-09-30,False
N000379,C000370,welcome,,2026-08-21,True
N000380,C000371,welcome,,2026-09-15,True
N000381,C000372,welcome,,2026-09-17,True
N000382,C000373,welcome,,2026-08-16,False
N000383,C000374,welcome,,2026-08-27,True
N000384,C000375,welcome,,2026-07-13,True
N000385,C000376,welcome,,2026-08-06,True
N000386,C000377,welcome,,2026-07-16,True
N000387,C000378,welcome,,2026-09-17,False
N000388,C000379,welcome,,2026-09-21,False
N000389,C000380,welcome,,2026-07-08,False
N000390,C000381,welcome,,2026-09-16,True
N000391,C000382,welcome,,2026-09-17,True
N000392,C000383,welcome,,2026-09-14,True
N000393,C000384,welcome,,2026-09-12,False
N000394,C000385,welcome,,2026-07-31,False
N000395,C000386,welcome,,2026-07-08,False
N000396,C000387,welcome,,2026-08-23,False
N000397,C000388,welcome,,2026-09-22,True
N000398,C000389,welcome,,2026-08-06,False
N000399,C000390,welcome,,2026-09-04,False
N000400,C000391,welcome,,2026-07-05,True
N000401,C000392,welcome,,2026-07-16,False
N000402,C000393,welcome,,2026-08-12,False
N000403,C000394,welcome,,2026-07-25,True
N000404,C000395,welcome,,2026-07-10,True
N000405,C000396,welcome,,2026-09-13,True
N000406,C000397,welcome,,2026-07-13,False
N000407,C000398,welcome,,2026-07-05,True
N000408,C000399,welcome,,2026-08-05,True
N000409,C000400,welcome,,2026-08-10,True
N000410,C000401,welcome,,2026-07-18,True
N000411,C000402,welcome,,2026-07-26,True
N000412,C000403,welcome,,2026-09-01,True
N000413,C000404,welcome,,2026-08-10,False
N000414,C000405,welcome,,2026-07-21,True
N000415,C000406,welcome,,2026-09-05,True
N000416,C000407,welcome,,2026-07-26,True
N000417,C000408,welcome,,2026-08-26,False
N000418,C000409,welcome,,2026-07-12,True
N000419,C000409,compliance_change,INS001,2026-08-03,False
N000420,C000410,welcome,,2026-08-23,False
N000421,C000411,welcome,,2026-07-26,True
N000422,C000411,compliance_change,INS001,2026-08-03,True
N000423,C000412,welcome,,2026-07-06,True
N000424,C000413,welcome,,2026-07-18,True
N000425,C000413,compliance_change,INS001,2026-08-03,False
N000426,C000414,welcome,,2026-09-26,False
N000427,C000415,welcome,,2026-08-14,True
N000428,C000416,welcome,,2026-08-18,False
N000429,C000417,welcome,,2026-09-12,False
N000430,C000418,welcome,,2026-07-09,True
N000431,C000418,compliance_change,INS001,2026-08-03,False
N000432,C000419,welcome,,2026-08-14,True
N000433,C000420,welcome,,2026-07-07,True
N000434,C000421,welcome,,2026-07-30,False
N000435,C000422,welcome,,2026-07-21,False
N000436,C000423,welcome,,2026-09-12,True
N000437,C000424,welcome,,2026-07-05,False
N000438,C000424,compliance_change,INS001,2026-08-03,False
N000439,C000425,welcome,,2026-08-31,False
N000440,C000426,welcome,,2026-08-05,False
N000441,C000427,welcome,,2026-08-30,True
N000442,C000428,welcome,,2026-09-16,False
N000443,C000429,welcome,,2026-09-19,False
N000444,C000430,welcome,,2026-07-26,False
N000445,C000431,welcome,,2026-07-24,True
N000446,C000432,welcome,,2026-09-26,True
N000447,C000433,welcome,,2026-09-19,False
N000448,C000434,welcome,,2026-08-08,True
N000449,C000435,welcome,,2026-08-12,True
N000450,C000436,welcome,,2026-08-07,True
N000451,C000437,welcome,,2026-07-16,False
N000452,C000438,welcome,,2026-07-22,False
N000453,C000439,welcome,,2026-09-22,False
N000454,C000440,welcome,,2026-07-22,False
N000455,C000441,welcome,,2026-07-06,True
N000456,C000442,welcome,,2026-09-23,False
N000457,C000443,welcome,,2026-08-15,False
N000458,C000444,welcome,,2026-07-20,True
N000459,C000445,welcome,,2026-08-22,False
N000460,C000446,welcome,,2026-07-19,False
N000461,C000447,welcome,,2026-07-22,True
N000462,C000448,welcome,,2026-07-08,False
N000463,C000449,welcome,,2026-08-26,False
N000464,C000450,welcome,,2026-08-04,False
N000465,C000451,welcome,,2026-09-07,True
N000466,C000452,welcome,,2026-08-07,True
N000467,C000453,welcome,,2026-09-20,False
N000468,C000454,welcome,,2026-09-06,False
N000469,C000455,welcome,,2026-09-21,False
N000470,C000456,welcome,,2026-09-22,False
N000471,C000457,welcome,,2026-07-21,True
N000472,C000458,welcome,,2026-08-10,True
N000473,C000459,welcome,,2026-08-13,True
N000474,C000460,welcome,,2026-09-30,False
N000475,C000461,welcome,,2026-09-14,True
N000476,C000462,welcome,,2026-08-06,True
N000477,C000463,welcome,,2026-07-03,True
N000478,C000464,welcome,,2026-08-17,False
N000479,C000465,welcome,,2026-09-13,False
N000480,C000466,welcome,,2026-07-23,True
N000481,C000467,welcome,,2026-08-18,True
N000482,C000468,welcome,,2026-07-12,False
N000483,C000469,welcome,,2026-08-14,True
N000484,C000470,welcome,,2026-09-12,False
N000485,C000471,welcome,,2026-07-23,True
N000486,C000472,welcome,,2026-07-18,False
N000487,C000473,welcome,,2026-09-27,True
N000488,C000474,welcome,,2026-09-04,False
N000489,C000475,welcome,,2026-09-12,False
N000490,C000476,welcome,,2026-09-30,False
N000491,C000477,welcome,,2026-07-17,False
N000492,C000478,welcome,,2026-07-19,False
N000493,C000479,welcome,,2026-09-06,True
N000494,C000480,welcome,,2026-09-29,True
N000495,C000481,welcome,,2026-09-11,True
N000496,C000482,welcome,,2026-09-10,False
N000497,C000483,welcome,,2026-08-19,True
N000498,C000484,welcome,,2026-09-15,False
N000499,C000485,welcome,,2026-07-31,True
N000500,C000486,welcome,,2026-07-01,False
N000501,C000487,welcome,,2026-08-13,True
N000502,C000488,welcome,,2026-07-26,True
N000503,C000489,welcome,,2026-07-12,True
N000504,C000490,welcome,,2026-08-15,True
N000505,C000491,welcome,,2026-09-09,True
N000506,C000492,welcome,,2026-07-20,True
N000507,C000493,welcome,,2026-07-12,True
N000508,C000494,welcome,,2026-08-26,True
N000509,C000495,welcome,,2026-07-23,True
N000510,C000496,welcome,,2026-07-03,True
N000511,C000496,compliance_change,INS001,2026-08-03,True
N000512,C000497,welcome,,2026-07-15,False
N000513,C000498,welcome,,2026-09-19,True
N000514,C000499,welcome,,2026-08-29,True
N000515,C000500,welcome,,2026-08-19,False
N000516,C000501,welcome,,2026-07-04,False
N000517,C000501,compliance_change,INS001,2026-08-03,True
N000518,C000502,welcome,,2026-07-27,True
N000519,C000503,welcome,,2026-07-09,True
N000520,C000503,compliance_change,INS001,2026-08-03,False
N000521,C000504,welcome,,2026-08-06,True
N000522,C000505,welcome,,2026-07-21,True
N000523,C000506,welcome,,2026-07-06,False
N000524,C000507,welcome,,2026-08-30,False
N000525,C000508,welcome,,2026-09-16,True
N000526,C000509,welcome,,2026-08-31,True
N000527,C000510,welcome,,2026-09-07,True
N000528,C000511,welcome,,2026-09-14,True
N000529,C000512,welcome,,2026-07-05,False
N000530,C000513,welcome,,2026-08-05,True
N000531,C000514,welcome,,2026-08-26,True
N000532,C000515,welcome,,2026-07-03,True
N000533,C000516,welcome,,2026-08-09,True
N000534,C000517,welcome,,2026-07-21,True
N000535,C000518,welcome,,2026-08-25,False
N000536,C000519,welcome,,2026-07-26,False
N000537,C000520,welcome,,2026-08-29,False
N000538,C000521,welcome,,2026-09-08,False
N000539,C000522,welcome,,2026-08-22,True
N000540,C000523,welcome,,2026-08-20,True
N000541,C000524,welcome,,2026-07-12,False
N000542,C000525,welcome,,2026-08-10,False
N000543,C000526,welcome,,2026-08-10,True
N000544,C000527,welcome,,2026-08-30,True
N000545,C000528,welcome,,2026-08-24,True
N000546,C000529,welcome,,2026-07-06,True
N000547,C000530,welcome,,2026-08-19,False
N000548,C000531,welcome,,2026-09-08,False
N000549,C000532,welcome,,2026-07-16,True
N000550,C000532,compliance_change,INS001,2026-08-03,True
N000551,C000533,welcome,,2026-09-19,False
N000552,C000534,welcome,,2026-07-07,True
N000553,C000535,welcome,,2026-08-20,False
N000554,C000536,welcome,,2026-08-28,True
N000555,C000537,welcome,,2026-07-11,False
N000556,C000538,welcome,,2026-07-12,True
N000557,C000539,welcome,,2026-09-22,False
N000558,C000540,welcome,,2026-07-18,True
N000559,C000541,welcome,,2026-08-10,False
N000560,C000542,welcome,,2026-07-11,True
N000561,C000543,welcome,,2026-08-29,True
N000562,C000544,welcome,,2026-07-13,True
N000563,C000545,welcome,,2026-07-29,False
N000564,C000546,welcome,,2026-09-24,True
N000565,C000547,welcome,,2026-09-14,False
N000566,C000548,welcome,,2026-08-13,True
N000567,C000549,welcome,,2026-07-06,False
N000568,C000550,welcome,,2026-07-04,True
N000569,C000551,welcome,,2026-09-03,False
N000570,C000552,welcome,,2026-07-29,False
N000571,C000553,welcome,,2026-08-20,True
N000572,C000554,welcome,,2026-08-26,False
N000573,C000555,welcome,,2026-07-10,True
N000574,C000556,welcome,,2026-07-28,False
N000575,C000557,welcome,,2026-07-09,True
N000576,C000558,welcome,,2026-08-07,True
N000577,C000559,welcome,,2026-09-21,True
N000578,C000560,welcome,,2026-08-07,False
N000579,C000561,welcome,,2026-07-08,True
N000580,C000561,compliance_change,INS001,2026-08-03,True
N000581,C000562,welcome,,2026-09-21,True
N000582,C000563,welcome,,2026-07-21,True
N000583,C000563,compliance_change,INS001,2026-08-03,True
N000584,C000564,welcome,,2026-07-06,True
N000585,C000565,welcome,,2026-09-15,False
N000586,C000566,welcome,,2026-07-07,False
N000587,C000567,welcome,,2026-07-29,True
N000588,C000568,welcome,,2026-07-23,False
N000589,C000569,welcome,,2026-07-06,True
N000590,C000570,welcome,,2026-08-31,False
N000591,C000571,welcome,,2026-08-12,True
N000592,C000572,welcome,,2026-08-19,True
N000593,C000573,welcome,,2026-07-26,False
N000594,C000574,welcome,,2026-07-12,False
N000595,C000575,welcome,,2026-08-26,False
N000596,C000576,welcome,,2026-08-14,True
N000597,C000577,welcome,,2026-07-28,True
N000598,C000578,welcome,,2026-08-02,True
N000599,C000579,welcome,,2026-09-11,True
N000600,C000580,welcome,,2026-07-03,False
N000601,C000581,welcome,,2026-07-17,False
N000602,C000581,compliance_change,INS001,2026-08-03,False
N000603,C000582,welcome,,2026-09-26,True
N000604,C000583,welcome,,2026-08-10,True
N000605,C000584,welcome,,2026-07-13,True
N000606,C000585,welcome,,2026-07-24,True
N000607,C000585,compliance_change,INS001,2026-08-03,True
N000608,C000586,welcome,,2026-08-06,True
N000609,C000587,welcome,,2026-07-12,False
N000610,C000588,welcome,,2026-09-13,True
N000611,C000589,welcome,,2026-08-16,True
N000612,C000590,welcome,,2026-09-10,True
N000613,C000591,welcome,,2026-08-05,False
N000614,C000592,welcome,,2026-09-30,False
N000615,C000593,welcome,,2026-09-15,True
N000616,C000594,welcome,,2026-09-23,False
N000617,C000595,welcome,,2026-08-17,False
N000618,C000596,welcome,,2026-08-14,True
N000619,C000597,welcome,,2026-07-11,True
N000620,C000598,welcome,,2026-07-19,False
N000621,C000599,welcome,,2026-07-23,False
N000622,C000600,welcome,,2026-07-15,False
N000623,C000601,welcome,,2026-08-05,True
N000624,C000602,welcome,,2026-07-15,False
N000625,C000603,welcome,,2026-09-27,False
N000626,C000604,welcome,,2026-08-08,True
N000627,C000605,welcome,,2026-08-21,True
N000628,C000606,welcome,,2026-08-12,True
N000629,C000607,welcome,,2026-09-26,True
N000630,C000608,welcome,,2026-09-29,True
N000631,C000609,welcome,,2026-07-30,True
N000632,C000610,welcome,,2026-07-10,True
N000633,C000611,welcome,,2026-07-17,True
N000634,C000612,welcome,,2026-07-29,True
N000635,C000613,welcome,,2026-08-20,False
N000636,C000614,welcome,,2026-08-07,False
N000637,C000615,welcome,,2026-08-09,True
N000638,C000616,welcome,,2026-07-10,False
N000639,C000617,welcome,,2026-07-13,True
N000640,C000617,compliance_change,INS001,2026-08-03,False
N000641,C000618,welcome,,2026-07-27,False
N000642,C000619,welcome,,2026-08-15,False
N000643,C000620,welcome,,2026-08-14,True
N000644,C000621,welcome,,2026-08-30,False
N000645,C000622,welcome,,2026-08-09,False
N000646,C000623,welcome,,2026-07-15,False
N000647,C000624,welcome,,2026-09-22,False
N000648,C000625,welcome,,2026-08-26,False
N000649,C000626,welcome,,2026-08-11,True
N000650,C000627,welcome,,2026-09-02,False
N000651,C000628,welcome,,2026-09-13,True
N000652,C000629,welcome,,2026-07-18,True
N000653,C000630,welcome,,2026-07-13,True
N000654,C000630,compliance_change,INS001,2026-08-03,True
N000655,C000631,welcome,,2026-07-04,False
N000656,C000632,welcome,,2026-09-25,False
N000657,C000633,welcome,,2026-07-02,False
N000658,C000634,welcome,,2026-09-01,True
N000659,C000635,welcome,,2026-08-04,True
N000660,C000636,welcome,,2026-08-04,True
N000661,C000637,welcome,,2026-07-06,False
N000662,C000638,welcome,,2026-09-05,False
N000663,C000639,welcome,,2026-09-26,False
N000664,C000640,welcome,,2026-08-20,True
N000665,C000641,welcome,,2026-08-13,True
N000666,C000642,welcome,,2026-07-19,True
N000667,C000642,compliance_change,INS001,2026-08-03,False
N000668,C000643,welcome,,2026-07-08,False
N000669,C000644,welcome,,2026-09-12,True
N000670,C000645,welcome,,2026-09-01,False
N000671,C000646,welcome,,2026-09-07,True
N000672,C000647,welcome,,2026-08-03,True
N000673,C000648,welcome,,2026-09-29,False
N000674,C000649,welcome,,2026-09-20,True
N000675,C000650,welcome,,2026-09-09,False
N000676,C000651,welcome,,2026-08-21,False
N000677,C000652,welcome,,2026-09-14,True
N000678,C000653,welcome,,2026-08-13,True
N000679,C000654,welcome,,2026-09-13,False
N000680,C000655,welcome,,2026-07-27,True
N000681,C000656,welcome,,2026-09-08,True
N000682,C000657,welcome,,2026-09-11,False
N000683,C000658,welcome,,2026-08-07,False
N000684,C000659,welcome,,2026-08-03,True
N000685,C000660,welcome,,2026-07-30,False
N000686,C000661,welcome,,2026-07-28,True
N000687,C000662,welcome,,2026-08-02,True
N000688,C000663,welcome,,2026-08-15,False
N000689,C000664,welcome,,2026-09-15,True
N000690,C000665,welcome,,2026-09-11,False
N000691,C000666,welcome,,2026-07-12,False
N000692,C000667,welcome,,2026-09-22,False
N000693,C000668,welcome,,2026-09-13,True
N000694,C000669,welcome,,2026-08-23,True
N000695,C000670,welcome,,2026-08-24,False
N000696,C000671,welcome,,2026-09-16,True
N000697,C000672,welcome,,2026-08-05,False
N000698,C000673,welcome,,2026-09-23,False
N000699,C000674,welcome,,2026-08-29,True
N000700,C000675,welcome,,2026-09-18,False
N000701,C000676,welcome,,2026-07-12,True
N000702,C000677,welcome,,2026-09-07,True
N000703,C000678,welcome,,2026-07-08,True
N000704,C000679,welcome,,2026-08-24,False
N000705,C000680,welcome,,2026-09-25,True
N000706,C000681,welcome,,2026-08-09,True
N000707,C000682,welcome,,2026-08-15,False
N000708,C000683,welcome,,2026-08-29,True
N000709,C000684,welcome,,2026-07-15,True
N000710,C000685,welcome,,2026-09-15,False
N000711,C000686,welcome,,2026-07-23,False
N000712,C000687,welcome,,2026-09-18,False
N000713,C000688,welcome,,2026-07-21,False
N000714,C000689,welcome,,2026-09-10,True
N000715,C000690,welcome,,2026-08-13,False
N000716,C000691,welcome,,2026-08-31,True
N000717,C000692,welcome,,2026-09-08,True
N000718,C000693,welcome,,2026-07-13,False
N000719,C000694,welcome,,2026-08-27,False
N000720,C000695,welcome,,2026-09-27,False
N000721,C000696,welcome,,2026-09-15,True
N000722,C000697,welcome,,2026-09-24,True
N000723,C000698,welcome,,2026-08-25,False
N000724,C000699,welcome,,2026-08-31,False
N000725,C000700,welcome,,2026-07-15,True
N000726,C000701,welcome,,2026-09-17,True
N000727,C000702,welcome,,2026-09-08,True
N000728,C000703,welcome,,2026-07-26,False
N000729,C000704,welcome,,2026-07-17,True
N000730,C000705,welcome,,2026-08-27,False
N000731,C000706,welcome,,2026-09-03,True
N000732,C000707,welcome,,2026-08-21,False
N000733,C000708,welcome,,2026-09-23,True
N000734,C000709,welcome,,2026-07-23,False
N000735,C000710,welcome,,2026-09-26,False
N000736,C000711,welcome,,2026-09-24,False
N000737,C000712,welcome,,2026-09-16,True
N000738,C000713,welcome,,2026-08-30,True
N000739,C000714,welcome,,2026-07-29,True
N000740,C000715,welcome,,2026-07-21,True
N000741,C000715,compliance_change,INS001,2026-08-03,True
N000742,C000716,welcome,,2026-08-29,False
N000743,C000717,welcome,,2026-09-06,False
N000744,C000718,welcome,,2026-08-10,False
N000745,C000719,welcome,,2026-07-04,False
N000746,C000720,welcome,,2026-08-09,False
N000747,C000721,welcome,,2026-08-28,False
N000748,C000722,welcome,,2026-07-07,True
N000749,C000723,welcome,,2026-09-06,False
N000750,C000724,welcome,,2026-09-13,False
N000751,C000725,welcome,,2026-08-29,False
N000752,C000726,welcome,,2026-07-06,True
N000753,C000727,welcome,,2026-08-24,False
N000754,C000728,welcome,,2026-08-03,True
N000755,C000729,welcome,,2026-07-11,True
N000756,C000730,welcome,,2026-07-22,False
N000757,C000731,welcome,,2026-08-07,True
N000758,C000732,welcome,,2026-09-01,False
N000759,C000733,welcome,,2026-07-03,False
N000760,C000734,welcome,,2026-07-05,False
N000761,C000735,welcome,,2026-07-19,False
N000762,C000736,welcome,,2026-08-10,False
N000763,C000737,welcome,,2026-09-27,True
N000764,C000738,welcome,,2026-07-12,True
N000765,C000739,welcome,,2026-09-11,True
N000766,C000740,welcome,,2026-09-09,False
N000767,C000741,welcome,,2026-09-20,False
N000768,C000742,welcome,,2026-07-11,True
N000769,C000743,welcome,,2026-08-24,True
N000770,C000744,welcome,,2026-09-09,True
N000771,C000745,welcome,,2026-08-08,True
N000772,C000746,welcome,,2026-07-06,False
N000773,C000747,welcome,,2026-09-06,True
N000774,C000748,welcome,,2026-09-13,False
N000775,C000749,welcome,,2026-09-28,True
N000776,C000750,welcome,,2026-07-31,True
N000777,C000751,welcome,,2026-08-11,True
N000778,C000752,welcome,,2026-08-17,True
N000779,C000753,welcome,,2026-08-03,True
N000780,C000754,welcome,,2026-08-30,False
N000781,C000755,welcome,,2026-08-23,False
N000782,C000756,welcome,,2026-08-22,True
N000783,C000757,welcome,,2026-08-30,False
N000784,C000758,welcome,,2026-07-31,False
N000785,C000759,welcome,,2026-07-18,False
N000786,C000760,welcome,,2026-07-28,True
N000787,C000761,welcome,,2026-08-08,False
N000788,C000762,welcome,,2026-08-08,True
N000789,C000763,welcome,,2026-07-28,False
N000790,C000764,welcome,,2026-09-27,False
N000791,C000765,welcome,,2026-07-16,True
N000792,C000765,compliance_change,INS001,2026-08-03,True
N000793,C000766,welcome,,2026-07-05,True
N000794,C000767,welcome,,2026-09-14,True
N000795,C000768,welcome,,2026-07-22,True
N000796,C000769,welcome,,2026-07-15,False
N000797,C000770,welcome,,2026-08-22,True
N000798,C000771,welcome,,2026-09-02,False
N000799,C000772,welcome,,2026-08-12,True
N000800,C000773,welcome,,2026-08-10,False
N000801,C000774,welcome,,2026-08-19,False
N000802,C000775,welcome,,2026-09-02,True
N000803,C000776,welcome,,2026-08-08,True
N000804,C000777,welcome,,2026-09-23,False
N000805,C000778,welcome,,2026-08-06,False
N000806,C000779,welcome,,2026-09-02,False
N000807,C000780,welcome,,2026-07-11,True
N000808,C000780,compliance_change,INS001,2026-08-03,False
N000809,C000781,welcome,,2026-07-13,False
N000810,C000782,welcome,,2026-08-11,True
N000811,C000783,welcome,,2026-08-18,True
N000812,C000784,welcome,,2026-09-03,True
N000813,C000785,welcome,,2026-09-01,False
N000814,C000786,welcome,,2026-08-08,True
N000815,C000787,welcome,,2026-07-13,True
N000816,C000788,welcome,,2026-08-14,True
N000817,C000789,welcome,,2026-09-07,False
N000818,C000790,welcome,,2026-07-02,False
N000819,C000791,welcome,,2026-07-30,False
N000820,C000792,welcome,,2026-08-30,True
N000821,C000793,welcome,,2026-09-15,True
N000822,C000794,welcome,,2026-08-28,False
N000823,C000795,welcome,,2026-07-15,True
N000824,C000795,compliance_change,INS001,2026-08-03,True
N000825,C000796,welcome,,2026-08-22,False
N000826,C000797,welcome,,2026-07-12,False
N000827,C000798,welcome,,2026-09-10,False
N000828,C000799,welcome,,2026-08-15,False
N000829,C000800,welcome,,2026-07-25,True
N000830,C000801,welcome,,2026-07-25,True
N000831,C000802,welcome,,2026-07-09,False
N000832,C000803,welcome,,2026-08-28,True
N000833,C000804,welcome,,2026-09-13,True
N000834,C000805,welcome,,2026-09-16,True
N000835,C000806,welcome,,2026-08-24,True
N000836,C000807,welcome,,2026-07-21,False
N000837,C000808,welcome,,2026-08-04,True
N000838,C000809,welcome,,2026-09-21,True
N000839,C000810,welcome,,2026-09-17,False
N000840,C000811,welcome,,2026-08-07,False
N000841,C000812,welcome,,2026-08-01,False
N000842,C000813,welcome,,2026-08-23,False
N000843,C000814,welcome,,2026-08-31,True
N000844,C000815,welcome,,2026-07-18,False
N000845,C000816,welcome,,2026-07-15,False
N000846,C000817,welcome,,2026-09-19,False
N000847,C000818,welcome,,2026-09-19,False
N000848,C000819,welcome,,2026-08-22,False
N000849,C000820,welcome,,2026-09-04,False
N000850,C000821,welcome,,2026-08-29,True
N000851,C000822,welcome,,2026-08-04,False
N000852,C000823,welcome,,2026-08-02,True
N000853,C000824,welcome,,2026-08-24,True
N000854,C000825,welcome,,2026-07-17,True
N000855,C000826,welcome,,2026-07-20,False
N000856,C000827,welcome,,2026-09-19,True
N000857,C000828,welcome,,2026-08-27,False
N000858,C000829,welcome,,2026-08-19,False
N000859,C000830,welcome,,2026-08-26,True
N000860,C000831,welcome,,2026-08-23,False
N000861,C000832,welcome,,2026-09-13,True
N000862,C000833,welcome,,2026-08-07,True
N000863,C000834,welcome,,2026-07-18,True
N000864,C000835,welcome,,2026-08-01,True
N000865,C000836,welcome,,2026-08-21,True
N000866,C000837,welcome,,2026-07-07,False
N000867,C000838,welcome,,2026-08-10,True
N000868,C000839,welcome,,2026-08-24,False
N000869,C000840,welcome,,2026-08-08,True
N000870,C000841,welcome,,2026-09-12,False
N000871,C000842,welcome,,2026-09-04,False
N000872,C000843,welcome,,2026-08-20,False
N000873,C000844,welcome,,2026-07-09,False
N000874,C000845,welcome,,2026-07-28,False
N000875,C000846,welcome,,2026-09-20,True
N000876,C000847,welcome,,2026-08-16,False
N000877,C000848,welcome,,2026-08-30,False
N000878,C000849,welcome,,2026-09-20,True
N000879,C000850,welcome,,2026-07-16,False
N000880,C000851,welcome,,2026-07-22,False
N000881,C000852,welcome,,2026-07-20,False
N000882,C000853,welcome,,2026-09-05,True
N000883,C000854,welcome,,2026-08-15,True
N000884,C000855,welcome,,2026-08-13,True
N000885,C000856,welcome,,2026-07-11,True
N000886,C000857,welcome,,2026-08-02,False
N000887,C000858,welcome,,2026-08-24,False
N000888,C000859,welcome,,2026-09-16,True
N000889,C000860,welcome,,2026-09-20,False
N000890,C000861,welcome,,2026-09-09,True
N000891,C000862,welcome,,2026-09-11,True
N000892,C000863,welcome,,2026-09-08,True
N000893,C000864,welcome,,2026-08-09,True
N000894,C000865,welcome,,2026-08-01,True
N000895,C000866,welcome,,2026-09-27,True
N000896,C000867,welcome,,2026-07-05,True
N000897,C000867,compliance_change,INS001,2026-08-03,True
N000898,C000868,welcome,,2026-08-21,False
N000899,C000869,welcome,,2026-09-27,False
N000900,C000870,welcome,,2026-09-27,False
N000901,C000871,welcome,,2026-08-14,True
N000902,C000872,welcome,,2026-07-13,True
N000903,C000873,welcome,,2026-09-12,True
N000904,C000874,welcome,,2026-07-23,True
N000905,C000875,welcome,,2026-09-27,False
N000906,C000876,welcome,,2026-09-23,True
N000907,C000877,welcome,,2026-07-07,True
N000908,C000878,welcome,,2026-09-06,False
N000909,C000879,welcome,,2026-09-23,True
N000910,C000880,welcome,,2026-09-17,True
N000911,C000881,welcome,,2026-08-17,False
N000912,C000882,welcome,,2026-09-16,True
N000913,C000883,welcome,,2026-07-30,False
N000914,C000884,welcome,,2026-07-10,False
N000915,C000885,welcome,,2026-09-19,True
N000916,C000886,welcome,,2026-08-16,False
N000917,C000887,welcome,,2026-07-27,False
N000918,C000888,welcome,,2026-08-26,False
N000919,C000889,welcome,,2026-09-24,True
N000920,C000890,welcome,,2026-08-12,True
N000921,C000891,welcome,,2026-07-31,False
N000922,C000892,welcome,,2026-09-08,True
N000923,C000893,welcome,,2026-07-18,False
N000924,C000894,welcome,,2026-09-01,True
N000925,C000895,welcome,,2026-08-08,False
N000926,C000896,welcome,,2026-07-06,False
N000927,C000897,welcome,,2026-08-15,True
N000928,C000898,welcome,,2026-07-07,False
N000929,C000899,welcome,,2026-08-20,True
N000930,C000900,welcome,,2026-08-21,True
N000931,C000901,welcome,,2026-07-10,False
N000932,C000902,welcome,,2026-09-03,True
N000933,C000903,welcome,,2026-07-23,True
N000934,C000904,welcome,,2026-09-24,True
N000935,C000905,welcome,,2026-08-21,True
N000936,C000906,welcome,,2026-08-17,False
N000937,C000907,welcome,,2026-09-06,True
N000938,C000908,welcome,,2026-07-03,True
N000939,C000909,welcome,,2026-08-31,True
N000940,C000910,welcome,,2026-09-16,False
N000941,C000911,welcome,,2026-07-22,True
N000942,C000912,welcome,,2026-09-27,True
N000943,C000913,welcome,,2026-09-18,True
N000944,C000914,welcome,,2026-07-09,True
N000945,C000914,compliance_change,INS001,2026-08-03,True
N000946,C000915,welcome,,2026-08-19,False
N000947,C000916,welcome,,2026-07-03,False
N000948,C000917,welcome,,2026-08-31,True
N000949,C000918,welcome,,2026-09-28,False
N000950,C000919,welcome,,2026-07-22,True
N000951,C000920,welcome,,2026-08-18,True
N000952,C000921,welcome,,2026-08-17,False
N000953,C000922,welcome,,2026-07-15,True
N000954,C000923,welcome,,2026-08-09,True
N000955,C000924,welcome,,2026-07-05,False
N000956,C000925,welcome,,2026-09-18,False
N000957,C000926,welcome,,2026-08-23,False
N000958,C000927,welcome,,2026-08-21,False
N000959,C000928,welcome,,2026-09-14,False
N000960,C000929,welcome,,2026-09-08,True
N000961,C000930,welcome,,2026-07-14,False
N000962,C000931,welcome,,2026-09-01,True
N000963,C000932,welcome,,2026-08-01,False
N000964,C000933,welcome,,2026-09-21,True
N000965,C000934,welcome,,2026-07-21,False
N000966,C000935,welcome,,2026-07-09,True
N000967,C000936,welcome,,2026-08-25,True
N000968,C000937,welcome,,2026-08-06,True
N000969,C000938,welcome,,2026-09-22,False
N000970,C000939,welcome,,2026-08-06,False
N000971,C000940,welcome,,2026-09-08,False
N000972,C000941,welcome,,2026-07-26,False
N000973,C000942,welcome,,2026-08-14,True
N000974,C000943,welcome,,2026-07-08,True
N000975,C000944,welcome,,2026-09-09,True
N000976,C000945,welcome,,2026-07-13,True
N000977,C000946,welcome,,2026-08-02,True
N000978,C000947,welcome,,2026-09-24,True
N000979,C000948,welcome,,2026-09-12,False
N000980,C000949,welcome,,2026-08-07,False
N000981,C000950,welcome,,2026-08-07,True
N000982,C000951,welcome,,2026-07-27,True
N000983,C000952,welcome,,2026-09-20,True
N000984,C000953,welcome,,2026-08-13,False
N000985,C000954,welcome,,2026-08-11,False
N000986,C000955,welcome,,2026-07-20,False
N000987,C000955,compliance_change,INS001,2026-08-03,True
N000988,C000956,welcome,,2026-08-17,True
N000989,C000957,welcome,,2026-09-11,False
N000990,C000958,welcome,,2026-08-23,True
N000991,C000959,welcome,,2026-08-22,True
N000992,C000960,welcome,,2026-09-26,True
N000993,C000961,welcome,,2026-08-26,False
N000994,C000962,welcome,,2026-09-20,False
N000995,C000963,welcome,,2026-09-06,True
N000996,C000964,welcome,,2026-08-11,True
N000997,C000965,welcome,,2026-07-18,True
N000998,C000965,compliance_change,INS001,2026-08-03,False
N000999,C000966,welcome,,2026-09-09,False
N001000,C000967,welcome,,2026-07-30,True
N001001,C000968,welcome,,2026-07-05,False
N001002,C000969,welcome,,2026-09-13,False
N001003,C000970,welcome,,2026-09-09,False
N001004,C000971,welcome,,2026-09-07,True
N001005,C000972,welcome,,2026-08-22,True
N001006,C000973,welcome,,2026-08-09,True
N001007,C000974,welcome,,2026-08-25,False
N001008,C000975,welcome,,2026-09-13,False
N001009,C000976,welcome,,2026-07-02,True
N001010,C000977,welcome,,2026-07-01,True
N001011,C000978,welcome,,2026-09-12,True
N001012,C000979,welcome,,2026-07-26,True
N001013,C000980,welcome,,2026-08-16,True
N001014,C000981,welcome,,2026-09-27,True
N001015,C000982,welcome,,2026-09-02,True
N001016,C000983,welcome,,2026-09-27,True
N001017,C000984,welcome,,2026-09-27,True
N001018,C000985,welcome,,2026-07-29,True
N001019,C000986,welcome,,2026-09-22,True
N001020,C000987,welcome,,2026-08-09,True
N001021,C000988,welcome,,2026-09-29,False
N001022,C000989,welcome,,2026-07-11,True
N001023,C000990,welcome,,2026-08-28,True
N001024,C000991,welcome,,2026-09-27,True
N001025,C000992,welcome,,2026-07-23,False
N001026,C000993,welcome,,2026-09-07,False
N001027,C000994,welcome,,2026-09-11,False
N001028,C000995,welcome,,2026-09-20,False
N001029,C000996,welcome,,2026-08-07,True
N001030,C000997,welcome,,2026-09-02,False
N001031,C000998,welcome,,2026-07-27,False
N001032,C000999,welcome,,2026-08-02,True
N001033,C001000,welcome,,2026-07-16,False
N001034,C001001,welcome,,2026-07-14,True
N001035,C001002,welcome,,2026-07-27,True
N001036,C001003,welcome,,2026-09-12,True
N001037,C001004,welcome,,2026-07-06,True
N001038,C001005,welcome,,2026-08-14,True
N001039,C001006,welcome,,2026-07-29,True
N001040,C001007,welcome,,2026-09-17,True
N001041,C001008,welcome,,2026-08-10,True
N001042,C001009,welcome,,2026-09-06,False
N001043,C001010,welcome,,2026-07-17,False
N001044,C001011,welcome,,2026-07-09,False
N001045,C001012,welcome,,2026-08-04,True
N001046,C001013,welcome,,2026-07-31,True
N001047,C001014,welcome,,2026-08-02,False
N001048,C001015,welcome,,2026-08-04,False
N001049,C001016,welcome,,2026-08-20,True
N001050,C001017,welcome,,2026-07-31,True
N001051,C001018,welcome,,2026-07-20,True
N001052,C001019,welcome,,2026-09-10,True
N001053,C001020,welcome,,2026-08-08,False
N001054,C001021,welcome,,2026-09-22,True
N001055,C001022,welcome,,2026-08-01,True
N001056,C001023,welcome,,2026-07-14,False
N001057,C001024,welcome,,2026-07-15,True
N001058,C001025,welcome,,2026-07-06,True
N001059,C001026,welcome,,2026-08-27,True
N001060,C001027,welcome,,2026-07-20,True
N001061,C001028,welcome,,2026-09-15,True
N001062,C001029,welcome,,2026-09-07,False
N001063,C001030,welcome,,2026-07-14,True
N001064,C001031,welcome,,2026-07-08,True
N001065,C001032,welcome,,2026-07-30,True
N001066,C001033,welcome,,2026-08-05,True
N001067,C001034,welcome,,2026-08-26,False
N001068,C001035,welcome,,2026-09-27,False
N001069,C001036,welcome,,2026-07-31,True
N001070,C001037,welcome,,2026-08-04,True
N001071,C001038,welcome,,2026-07-14,False
N001072,C001039,welcome,,2026-08-01,False
N001073,C001040,welcome,,2026-09-27,True
N001074,C001041,welcome,,2026-08-09,False
N001075,C001042,welcome,,2026-07-15,False
N001076,C001043,welcome,,2026-09-26,True
N001077,C001044,welcome,,2026-09-12,True
N001078,C001045,welcome,,2026-08-16,False
N001079,C001046,welcome,,2026-08-02,True
N001080,C001047,welcome,,2026-09-08,True
N001081,C001048,welcome,,2026-07-04,False
N001082,C001049,welcome,,2026-07-20,False
N001083,C001050,welcome,,2026-09-08,False
N001084,C001051,welcome,,2026-07-10,True
N001085,C001052,welcome,,2026-08-29,False
N001086,C001053,welcome,,2026-08-24,False
N001087,C001054,welcome,,2026-09-18,True
N001088,C001055,welcome,,2026-07-13,True
N001089,C001056,welcome,,2026-07-30,False
N001090,C001057,welcome,,2026-08-28,False
N001091,C001058,welcome,,2026-09-09,False
N001092,C001059,welcome,,2026-09-25,False
N001093,C001060,welcome,,2026-09-16,True
N001094,C001061,welcome,,2026-09-18,False
N001095,C001062,welcome,,2026-08-03,False
N001096,C001063,welcome,,2026-09-22,False
N001097,C001064,welcome,,2026-07-07,True
N001098,C001064,compliance_change,INS001,2026-08-03,False
N001099,C001065,welcome,,2026-08-21,False
N001100,C001066,welcome,,2026-09-17,True
N001101,C001067,welcome,,2026-08-16,False
N001102,C001068,welcome,,2026-08-22,False
N001103,C001069,welcome,,2026-07-12,False
N001104,C001070,welcome,,2026-09-18,True
N001105,C001071,welcome,,2026-07-07,False
N001106,C001072,welcome,,2026-09-03,False
N001107,C001073,welcome,,2026-09-19,True
N001108,C001074,welcome,,2026-08-03,True
N001109,C001075,welcome,,2026-08-29,False
N001110,C001076,welcome,,2026-07-07,True
N001111,C001077,welcome,,2026-08-08,False
N001112,C001078,welcome,,2026-07-30,True
N001113,C001078,compliance_change,INS001,2026-08-03,False
N001114,C001079,welcome,,2026-09-12,True
N001115,C001080,welcome,,2026-09-16,True
N001116,C001081,welcome,,2026-08-17,True
N001117,C001082,welcome,,2026-09-06,False
N001118,C001083,welcome,,2026-09-19,True
N001119,C001084,welcome,,2026-07-05,False
N001120,C001085,welcome,,2026-08-02,True
N001121,C001086,welcome,,2026-09-17,True
N001122,C001087,welcome,,2026-08-18,True
N001123,C001088,welcome,,2026-07-25,True
N001124,C001089,welcome,,2026-08-07,False
N001125,C001090,welcome,,2026-08-26,True
N001126,C001091,welcome,,2026-08-08,True
N001127,C001092,welcome,,2026-09-07,True
N001128,C001093,welcome,,2026-09-18,False
N001129,C001094,welcome,,2026-07-15,True
N001130,C001095,welcome,,2026-09-14,False
N001131,C001096,welcome,,2026-09-05,True
N001132,C001097,welcome,,2026-09-29,True
N001133,C001098,welcome,,2026-08-24,False
N001134,C001099,welcome,,2026-08-15,False
N001135,C001100,welcome,,2026-08-24,False
N001136,C001101,welcome,,2026-09-11,False
N001137,C001102,welcome,,2026-09-16,True
N001138,C001103,welcome,,2026-09-29,True
N001139,C001104,welcome,,2026-08-05,True
N001140,C001105,welcome,,2026-07-19,False
N001141,C001106,welcome,,2026-07-23,True
N001142,C001107,welcome,,2026-07-26,True
N001143,C001108,welcome,,2026-09-11,True
N001144,C001109,welcome,,2026-09-26,False
N001145,C001110,welcome,,2026-07-22,False
N001146,C001111,welcome,,2026-08-08,True
N001147,C001112,welcome,,2026-08-19,True
N001148,C001113,welcome,,2026-09-03,True
N001149,C001114,welcome,,2026-08-23,True
N001150,C001115,welcome,,2026-09-07,False
N001151,C001116,welcome,,2026-08-09,True
N001152,C001117,welcome,,2026-08-29,True
N001153,C001118,welcome,,2026-09-02,False
N001154,C001119,welcome,,2026-08-30,False
N001155,C001120,welcome,,2026-08-05,True
N001156,C001121,welcome,,2026-07-08,True
N001157,C001122,welcome,,2026-09-17,True
N001158,C001123,welcome,,2026-09-23,False
N001159,C001124,welcome,,2026-09-07,True
N001160,C001125,welcome,,2026-07-13,False
N001161,C001126,welcome,,2026-08-25,True
N001162,C001127,welcome,,2026-07-22,False
N001163,C001128,welcome,,2026-08-12,False
N001164,C001129,welcome,,2026-09-10,False
N001165,C001130,welcome,,2026-09-17,True
N001166,C001131,welcome,,2026-08-25,True
N001167,C001132,welcome,,2026-09-11,True
N001168,C001133,welcome,,2026-09-21,False
N001169,C001134,welcome,,2026-07-31,True
N001170,C001135,welcome,,2026-08-27,False
N001171,C001136,welcome,,2026-07-12,False
N001172,C001137,welcome,,2026-07-06,True
N001173,C001138,welcome,,2026-09-11,True
N001174,C001139,welcome,,2026-07-30,True
N001175,C001140,welcome,,2026-09-30,True
N001176,C001141,welcome,,2026-07-15,True
N001177,C001142,welcome,,2026-08-07,False
N001178,C001143,welcome,,2026-07-07,True
N001179,C001144,welcome,,2026-09-08,False
N001180,C001145,welcome,,2026-08-04,True
N001181,C001146,welcome,,2026-08-03,True
N001182,C001147,welcome,,2026-07-07,False
N001183,C001148,welcome,,2026-07-09,True
N001184,C001149,welcome,,2026-09-14,False
N001185,C001150,welcome,,2026-07-28,True
N001186,C001151,welcome,,2026-08-25,True
N001187,C001152,welcome,,2026-08-11,False
N001188,C001153,welcome,,2026-07-06,True
N001189,C001154,welcome,,2026-07-10,False
N001190,C001155,welcome,,2026-09-27,True
N001191,C001156,welcome,,2026-08-04,False
N001192,C001157,welcome,,2026-08-31,True
N001193,C001158,welcome,,2026-08-03,True
N001194,C001159,welcome,,2026-09-09,False
N001195,C001160,welcome,,2026-08-27,False
N001196,C001161,welcome,,2026-08-24,True
N001197,C001162,welcome,,2026-07-24,True
N001198,C001163,welcome,,2026-08-09,False
N001199,C001164,welcome,,2026-07-09,True
N001200,C001164,compliance_change,INS001,2026-08-03,False
N001201,C001165,welcome,,2026-07-07,True
N001202,C001166,welcome,,2026-08-26,True
N001203,C001167,welcome,,2026-09-05,False
N001204,C001168,welcome,,2026-08-13,False
N001205,C001169,welcome,,2026-09-19,True
N001206,C001170,welcome,,2026-07-04,True
N001207,C001170,compliance_change,INS001,2026-08-03,False
N001208,C001171,welcome,,2026-09-08,True
N001209,C001172,welcome,,2026-08-17,True
N001210,C001173,welcome,,2026-09-19,False
N001211,C001174,welcome,,2026-08-05,True
N001212,C001175,welcome,,2026-09-12,True
N001213,C001176,welcome,,2026-07-12,True
N001214,C001177,welcome,,2026-08-14,True
N001215,C001178,welcome,,2026-07-28,True
N001216,C001178,compliance_change,INS001,2026-08-03,False
N001217,C001179,welcome,,2026-09-27,False
N001218,C001180,welcome,,2026-08-30,False
N001219,C001181,welcome,,2026-07-26,True
N001220,C001182,welcome,,2026-08-21,False
N001221,C001183,welcome,,2026-09-15,True
N001222,C001184,welcome,,2026-07-27,False
N001223,C001185,welcome,,2026-09-20,True
N001224,C001186,welcome,,2026-09-17,False
N001225,C001187,welcome,,2026-08-19,False
N001226,C001188,welcome,,2026-09-27,True
N001227,C001189,welcome,,2026-07-28,True
N001228,C001190,welcome,,2026-09-03,True
N001229,C001191,welcome,,2026-08-13,True
N001230,C001192,welcome,,2026-07-16,False
N001231,C001193,welcome,,2026-09-30,False
N001232,C001194,welcome,,2026-08-25,True
N001233,C001195,welcome,,2026-08-27,True
N001234,C001196,welcome,,2026-07-30,True
N001235,C001196,compliance_change,INS001,2026-08-03,False
N001236,C001197,welcome,,2026-07-24,False
N001237,C001198,welcome,,2026-07-24,False
N001238,C001199,welcome,,2026-09-19,True
N001239,C001200,welcome,,2026-09-19,True
N001240,C001201,welcome,,2026-09-18,True
N001241,C001202,welcome,,2026-07-10,True
N001242,C001203,welcome,,2026-09-27,True
N001243,C001204,welcome,,2026-07-07,True
N001244,C001205,welcome,,2026-08-14,True
N001245,C001206,welcome,,2026-07-16,False
N001246,C001207,welcome,,2026-08-22,True
N001247,C001208,welcome,,2026-09-26,False
N001248,C001209,welcome,,2026-07-11,False
N001249,C001210,welcome,,2026-08-23,False
N001250,C001211,welcome,,2026-07-24,False
N001251,C001212,welcome,,2026-08-08,True
N001252,C001213,welcome,,2026-08-11,True
N001253,C001214,welcome,,2026-07-19,False
N001254,C001215,welcome,,2026-09-28,True
N001255,C001216,welcome,,2026-07-12,True
N001256,C001217,welcome,,2026-08-03,False
N001257,C001218,welcome,,2026-08-02,True
N001258,C001219,welcome,,2026-07-13,True
N001259,C001220,welcome,,2026-07-05,True
N001260,C001221,welcome,,2026-08-02,False
N001261,C001222,welcome,,2026-09-05,True
N001262,C001223,welcome,,2026-09-10,True
N001263,C001224,welcome,,2026-09-06,False
N001264,C001225,welcome,,2026-09-27,True
N001265,C001226,welcome,,2026-07-07,True
N001266,C001227,welcome,,2026-08-25,False
N001267,C001228,welcome,,2026-08-28,False
N001268,C001229,welcome,,2026-08-19,False
N001269,C001230,welcome,,2026-09-17,False
N001270,C001231,welcome,,2026-08-24,True
N001271,C001232,welcome,,2026-07-21,False
N001272,C001232,compliance_change,INS001,2026-08-03,True
N001273,C001233,welcome,,2026-07-13,False
N001274,C001233,compliance_change,INS001,2026-08-03,False
N001275,C001234,welcome,,2026-07-22,False
N001276,C001235,welcome,,2026-07-15,False
N001277,C001236,welcome,,2026-07-09,True
N001278,C001237,welcome,,2026-09-13,False
N001279,C001238,welcome,,2026-08-03,False
N001280,C001239,welcome,,2026-07-31,False
N001281,C001240,welcome,,2026-07-28,True
N001282,C001241,welcome,,2026-08-10,False
N001283,C001242,welcome,,2026-07-02,True
N001284,C001243,welcome,,2026-08-13,True
N001285,C001244,welcome,,2026-08-17,False
N001286,C001245,welcome,,2026-08-26,True
N001287,C001246,welcome,,2026-07-11,False
N001288,C001247,welcome,,2026-09-22,False
N001289,C001248,welcome,,2026-09-18,False
N001290,C001249,welcome,,2026-07-10,False
N001291,C001250,welcome,,2026-08-08,True
N001292,C001251,welcome,,2026-08-24,False
N001293,C001252,welcome,,2026-09-12,False
N001294,C001253,welcome,,2026-07-24,False
N001295,C001254,welcome,,2026-09-18,True
N001296,C001255,welcome,,2026-07-15,True
N001297,C001256,welcome,,2026-09-11,True
N001298,C001257,welcome,,2026-07-22,False
N001299,C001258,welcome,,2026-08-14,True
N001300,C001259,welcome,,2026-08-21,True
N001301,C001260,welcome,,2026-08-27,True
N001302,C001261,welcome,,2026-08-04,False
N001303,C001262,welcome,,2026-08-08,False
N001304,C001263,welcome,,2026-07-25,False
N001305,C001264,welcome,,2026-09-02,False
N001306,C001265,welcome,,2026-07-13,False
N001307,C001266,welcome,,2026-08-28,True
N001308,C001267,welcome,,2026-09-24,True
N001309,C001268,welcome,,2026-09-27,False
N001310,C001269,welcome,,2026-08-19,False
N001311,C001270,welcome,,2026-07-09,True
N001312,C001271,welcome,,2026-08-16,True
N001313,C001272,welcome,,2026-08-12,True
N001314,C001273,welcome,,2026-07-21,True
N001315,C001274,welcome,,2026-07-11,True
N001316,C001275,welcome,,2026-07-26,True
N001317,C001276,welcome,,2026-07-23,False
N001318,C001277,welcome,,2026-07-19,True
N001319,C001277,compliance_change,INS001,2026-08-03,False
N001320,C001278,welcome,,2026-07-05,True
N001321,C001279,welcome,,2026-07-29,True
N001322,C001280,welcome,,2026-07-18,True
N001323,C001281,welcome,,2026-07-19,False
N001324,C001282,welcome,,2026-08-29,False
N001325,C001283,welcome,,2026-07-20,True
N001326,C001284,welcome,,2026-08-05,True
N001327,C001285,welcome,,2026-08-17,True
N001328,C001286,welcome,,2026-09-17,False
N001329,C001287,welcome,,2026-08-04,False
N001330,C001288,welcome,,2026-07-29,True
N001331,C001289,welcome,,2026-09-13,True
N001332,C001290,welcome,,2026-08-04,True
N001333,C001291,welcome,,2026-09-21,False
N001334,C001292,welcome,,2026-07-19,True
N001335,C001293,welcome,,2026-09-09,False
N001336,C001294,welcome,,2026-08-27,True
N001337,C001295,welcome,,2026-08-14,False
N001338,C001296,welcome,,2026-09-17,True
N001339,C001297,welcome,,2026-08-01,True
N001340,C001298,welcome,,2026-07-16,True
N001341,C001299,welcome,,2026-08-23,True
N001342,C001300,welcome,,2026-07-13,False
N001343,C001301,welcome,,2026-09-14,True
N001344,C001302,welcome,,2026-09-06,True
N001345,C001303,welcome,,2026-09-12,True
N001346,C001304,welcome,,2026-09-07,False
N001347,C001305,welcome,,2026-08-05,False
N001348,C001306,welcome,,2026-09-27,True
N001349,C001307,welcome,,2026-07-19,False
N001350,C001307,compliance_change,INS001,2026-08-03,True
N001351,C001308,welcome,,2026-09-03,False
N001352,C001309,welcome,,2026-08-24,True
N001353,C001310,welcome,,2026-08-14,True
N001354,C001311,welcome,,2026-07-14,True
N001355,C001312,welcome,,2026-08-05,False
N001356,C001313,welcome,,2026-08-05,False
N001357,C001314,welcome,,2026-08-07,False
N001358,C001315,welcome,,2026-07-05,True
N001359,C001316,welcome,,2026-09-21,True
N001360,C001317,welcome,,2026-07-16,False
N001361,C001318,welcome,,2026-08-24,False
N001362,C001319,welcome,,2026-07-08,False
N001363,C001320,welcome,,2026-08-05,False
N001364,C001321,welcome,,2026-09-19,True
N001365,C001322,welcome,,2026-08-19,True
N001366,C001323,welcome,,2026-09-25,False
N001367,C001324,welcome,,2026-09-12,False
N001368,C001325,welcome,,2026-07-15,True
N001369,C001326,welcome,,2026-08-25,True
N001370,C001327,welcome,,2026-09-19,False
N001371,C001328,welcome,,2026-09-01,True
N001372,C001329,welcome,,2026-07-30,True
N001373,C001330,welcome,,2026-08-25,True
N001374,C001331,welcome,,2026-07-08,False
N001375,C001332,welcome,,2026-09-17,False
N001376,C001333,welcome,,2026-08-07,False
N001377,C001334,welcome,,2026-09-20,True
N001378,C001335,welcome,,2026-07-20,False
N001379,C001336,welcome,,2026-07-26,False
N001380,C001337,welcome,,2026-07-23,True
N001381,C001338,welcome,,2026-08-22,False
N001382,C001339,welcome,,2026-08-20,True
N001383,C001340,welcome,,2026-07-27,True
N001384,C001341,welcome,,2026-08-06,True
N001385,C001342,welcome,,2026-07-04,True
N001386,C001343,welcome,,2026-09-29,False
N001387,C001344,welcome,,2026-07-15,True
N001388,C001345,welcome,,2026-08-16,True
N001389,C001346,welcome,,2026-09-16,True
N001390,C001347,welcome,,2026-07-20,False
N001391,C001348,welcome,,2026-09-19,True
N001392,C001349,welcome,,2026-09-23,True
N001393,C001350,welcome,,2026-08-04,False
N001394,C001351,welcome,,2026-08-08,False
N001395,C001352,welcome,,2026-09-01,False
N001396,C001353,welcome,,2026-08-28,False
N001397,C001354,welcome,,2026-08-12,False
N001398,C001355,welcome,,2026-08-21,False
N001399,C001356,welcome,,2026-08-07,False
N001400,C001357,welcome,,2026-08-06,True
N001401,C001358,welcome,,2026-08-13,False
N001402,C001359,welcome,,2026-08-02,True
N001403,C001360,welcome,,2026-09-17,True
N001404,C001361,welcome,,2026-09-15,False
N001405,C001362,welcome,,2026-09-26,True
N001406,C001363,welcome,,2026-07-08,True
N001407,C001364,welcome,,2026-07-05,True
N001408,C001365,welcome,,2026-09-22,True
N001409,C001366,welcome,,2026-07-20,False
N001410,C001367,welcome,,2026-07-10,True
N001411,C001368,welcome,,2026-09-26,True
N001412,C001369,welcome,,2026-09-20,False
N001413,C001370,welcome,,2026-09-11,False
N001414,C001371,welcome,,2026-07-30,False
N001415,C001372,welcome,,2026-09-01,False
N001416,C001373,welcome,,2026-09-25,True
N001417,C001374,welcome,,2026-09-30,True
N001418,C001375,welcome,,2026-08-12,False
N001419,C001376,welcome,,2026-07-12,True
N001420,C001377,welcome,,2026-07-09,True
N001421,C001378,welcome,,2026-09-19,False
N001422,C001379,welcome,,2026-09-28,True
N001423,C001380,welcome,,2026-08-18,True
N001424,C001381,welcome,,2026-07-14,False
N001425,C001382,welcome,,2026-07-28,False
N001426,C001383,welcome,,2026-08-28,False
N001427,C001384,welcome,,2026-09-06,True
N001428,C001385,welcome,,2026-08-11,False
N001429,C001386,welcome,,2026-08-26,True
N001430,C001387,welcome,,2026-09-21,True
N001431,C001388,welcome,,2026-08-28,True
N001432,C001389,welcome,,2026-07-16,False
N001433,C001390,welcome,,2026-07-28,False
N001434,C001391,welcome,,2026-07-31,True
N001435,C001392,welcome,,2026-08-11,False
N001436,C001393,welcome,,2026-09-21,False
N001437,C001394,welcome,,2026-09-10,True
N001438,C001395,welcome,,2026-07-27,True
N001439,C001396,welcome,,2026-07-21,False
N001440,C001396,compliance_change,INS001,2026-08-03,True
N001441,C001397,welcome,,2026-07-06,False
N001442,C001397,compliance_change,INS001,2026-08-03,True
N001443,C001398,welcome,,2026-08-16,True
N001444,C001399,welcome,,2026-08-11,True
N001445,C001400,welcome,,2026-07-12,True
N001446,C001401,welcome,,2026-07-23,True
N001447,C001401,compliance_change,INS001,2026-08-03,False
N001448,C001402,welcome,,2026-09-29,True
N001449,C001403,welcome,,2026-09-08,False
N001450,C001404,welcome,,2026-08-09,False
N001451,C001405,welcome,,2026-07-25,True
N001452,C001406,welcome,,2026-07-05,False
N001453,C001407,welcome,,2026-08-17,True
N001454,C001408,welcome,,2026-08-07,True
N001455,C001409,welcome,,2026-08-14,False
N001456,C001410,welcome,,2026-07-06,True
N001457,C001411,welcome,,2026-08-10,True
N001458,C001412,welcome,,2026-09-30,True
N001459,C001413,welcome,,2026-09-13,False
N001460,C001414,welcome,,2026-09-12,False
N001461,C001415,welcome,,2026-08-01,False
N001462,C001416,welcome,,2026-09-25,True
N001463,C001417,welcome,,2026-08-29,True
N001464,C001418,welcome,,2026-09-13,False
N001465,C001419,welcome,,2026-07-29,True
N001466,C001420,welcome,,2026-08-03,False
N001467,C001421,welcome,,2026-09-27,True
N001468,C001422,welcome,,2026-07-20,True
N001469,C001422,compliance_change,INS001,2026-08-03,False
N001470,C001423,welcome,,2026-09-18,True
N001471,C001424,welcome,,2026-07-15,True
N001472,C001425,welcome,,2026-07-31,True
N001473,C001426,welcome,,2026-09-06,True
N001474,C001427,welcome,,2026-09-02,True
N001475,C001428,welcome,,2026-09-27,True
N001476,C001429,welcome,,2026-09-17,True
N001477,C001430,welcome,,2026-08-29,False
N001478,C001431,welcome,,2026-08-17,False
N001479,C001432,welcome,,2026-07-28,False
N001480,C001433,welcome,,2026-08-08,True
N001481,C001434,welcome,,2026-09-07,True
N001482,C001435,welcome,,2026-09-21,True
N001483,C001436,welcome,,2026-09-06,True
N001484,C001437,welcome,,2026-09-03,False
N001485,C001438,welcome,,2026-09-02,True
N001486,C001439,welcome,,2026-08-06,True
N001487,C001440,welcome,,2026-09-20,False
N001488,C001441,welcome,,2026-08-21,False
N001489,C001442,welcome,,2026-08-13,True
N001490,C001443,welcome,,2026-08-10,True
N001491,C001444,welcome,,2026-08-08,False
N001492,C001445,welcome,,2026-07-07,False
N001493,C001445,compliance_change,INS001,2026-08-03,True
N001494,C001446,welcome,,2026-07-30,True
N001495,C001447,welcome,,2026-07-14,False
N001496,C001448,welcome,,2026-09-08,True
N001497,C001449,welcome,,2026-07-10,True
N001498,C001450,welcome,,2026-08-25,False
N001499,C001451,welcome,,2026-08-25,False
N001500,C001452,welcome,,2026-08-31,False
N001501,C001453,welcome,,2026-08-24,False
N001502,C001454,welcome,,2026-08-17,True
N001503,C001455,welcome,,2026-09-07,True
N001504,C001456,welcome,,2026-09-16,False
N001505,C001457,welcome,,2026-08-27,False
N001506,C001458,welcome,,2026-09-03,True
N001507,C001459,welcome,,2026-09-15,True
N001508,C001460,welcome,,2026-08-09,True
N001509,C001461,welcome,,2026-09-28,True
N001510,C001462,welcome,,2026-09-28,True
N001511,C001463,welcome,,2026-07-26,False
N001512,C001464,welcome,,2026-07-17,True
N001513,C001465,welcome,,2026-08-22,True
N001514,C001466,welcome,,2026-09-05,False
N001515,C001467,welcome,,2026-07-29,True
N001516,C001468,welcome,,2026-08-03,False
N001517,C001469,welcome,,2026-09-05,True
N001518,C001470,welcome,,2026-09-29,True
N001519,C001471,welcome,,2026-08-28,True
N001520,C001472,welcome,,2026-09-13,False
N001521,C001473,welcome,,2026-08-14,True
N001522,C001474,welcome,,2026-09-22,True
N001523,C001475,welcome,,2026-08-03,False
N001524,C001476,welcome,,2026-09-04,True
N001525,C001477,welcome,,2026-09-06,True
N001526,C001478,welcome,,2026-08-20,True
N001527,C001479,welcome,,2026-07-27,False
N001528,C001480,welcome,,2026-07-05,True
N001529,C001481,welcome,,2026-09-08,True
N001530,C001482,welcome,,2026-07-11,False
N001531,C001483,welcome,,2026-07-17,False
N001532,C001484,welcome,,2026-09-08,True
N001533,C001485,welcome,,2026-09-13,True
N001534,C001486,welcome,,2026-09-04,False
N001535,C001487,welcome,,2026-09-07,False
N001536,C001488,welcome,,2026-08-31,True
N001537,C001489,welcome,,2026-07-17,True
N001538,C001490,welcome,,2026-09-07,True
N001539,C001491,welcome,,2026-09-13,True
N001540,C001492,welcome,,2026-09-15,False
N001541,C001493,welcome,,2026-08-08,False
N001542,C001494,welcome,,2026-08-01,False
N001543,C001495,welcome,,2026-07-02,True
N001544,C001496,welcome,,2026-07-11,False
N001545,C001497,welcome,,2026-09-12,True
N001546,C001498,welcome,,2026-07-07,True
N001547,C001499,welcome,,2026-09-12,False
N001548,C001500,welcome,,2026-07-19,False
N001549,C001501,welcome,,2026-09-29,True
N001550,C001502,welcome,,2026-08-31,False
N001551,C001503,welcome,,2026-07-07,True
N001552,C001504,welcome,,2026-08-09,False
N001553,C001505,welcome,,2026-09-20,True
N001554,C001506,welcome,,2026-08-15,True
N001555,C001507,welcome,,2026-09-26,True
N001556,C001508,welcome,,2026-08-23,True
N001557,C001509,welcome,,2026-08-07,True
N001558,C001510,welcome,,2026-08-24,False
N001559,C001511,welcome,,2026-07-11,False
N001560,C001512,welcome,,2026-08-02,False
N001561,C001513,welcome,,2026-09-29,False
N001562,C001514,welcome,,2026-08-29,True
N001563,C001515,welcome,,2026-08-16,True
N001564,C001516,welcome,,2026-08-18,False
N001565,C001517,welcome,,2026-09-20,False
N001566,C001518,welcome,,2026-07-08,True
N001567,C001519,welcome,,2026-09-19,False
N001568,C001520,welcome,,2026-08-27,True
N001569,C001521,welcome,,2026-08-30,True
N001570,C001522,welcome,,2026-08-25,True
N001571,C001523,welcome,,2026-07-18,True
N001572,C001524,welcome,,2026-07-26,False
N001573,C001525,welcome,,2026-09-12,True
N001574,C001526,welcome,,2026-08-21,True
N001575,C001527,welcome,,2026-07-08,False
N001576,C001527,compliance_change,INS001,2026-08-03,True
N001577,C001528,welcome,,2026-08-07,False
N001578,C001529,welcome,,2026-07-08,False
N001579,C001530,welcome,,2026-08-08,True
N001580,C001531,welcome,,2026-07-18,True
N001581,C001532,welcome,,2026-07-06,True
N001582,C001533,welcome,,2026-09-20,True
N001583,C001534,welcome,,2026-07-22,True
N001584,C001535,welcome,,2026-09-28,False
N001585,C001536,welcome,,2026-07-04,False
N001586,C001537,welcome,,2026-08-31,False
N001587,C001538,welcome,,2026-09-15,True
N001588,C001539,welcome,,2026-08-23,True
N001589,C001540,welcome,,2026-08-16,False
N001590,C001541,welcome,,2026-07-23,False
N001591,C001542,welcome,,2026-09-20,True
N001592,C001543,welcome,,2026-08-01,False
N001593,C001544,welcome,,2026-08-18,False
N001594,C001545,welcome,,2026-08-23,False
N001595,C001546,welcome,,2026-09-19,False
N001596,C001547,welcome,,2026-09-05,True
N001597,C001548,welcome,,2026-07-20,False
N001598,C001549,welcome,,2026-08-19,False
N001599,C001550,welcome,,2026-07-26,True
N001600,C001551,welcome,,2026-07-27,True
N001601,C001552,welcome,,2026-07-14,False
N001602,C001553,welcome,,2026-07-11,False
N001603,C001554,welcome,,2026-09-27,True
N001604,C001555,welcome,,2026-09-20,True
N001605,C001556,welcome,,2026-07-22,False
N001606,C001557,welcome,,2026-07-15,True
N001607,C001558,welcome,,2026-07-28,True
N001608,C001559,welcome,,2026-08-19,True
N001609,C001560,welcome,,2026-07-03,True
N001610,C001561,welcome,,2026-07-12,True
N001611,C001562,welcome,,2026-09-01,True
N001612,C001563,welcome,,2026-08-06,False
N001613,C001564,welcome,,2026-09-25,True
N001614,C001565,welcome,,2026-08-20,False
N001615,C001566,welcome,,2026-07-29,False
N001616,C001567,welcome,,2026-09-18,True
N001617,C001568,welcome,,2026-08-03,False
N001618,C001569,welcome,,2026-08-22,False
N001619,C001570,welcome,,2026-07-24,True
N001620,C001571,welcome,,2026-09-16,True
N001621,C001572,welcome,,2026-07-09,True
N001622,C001573,welcome,,2026-08-23,True
N001623,C001574,welcome,,2026-09-20,True
N001624,C001575,welcome,,2026-07-31,False
N001625,C001576,welcome,,2026-07-28,False
N001626,C001577,welcome,,2026-07-31,True
N001627,C001578,welcome,,2026-08-04,True
N001628,C001579,welcome,,2026-08-19,False
N001629,C001580,welcome,,2026-09-01,True
N001630,C001581,welcome,,2026-09-07,True
N001631,C001582,welcome,,2026-07-31,False
N001632,C001583,welcome,,2026-07-13,True
N001633,C001584,welcome,,2026-09-15,False
N001634,C001585,welcome,,2026-07-12,False
N001635,C001585,compliance_change,INS001,2026-08-03,False
N001636,C001586,welcome,,2026-09-07,False
N001637,C001587,welcome,,2026-09-18,True
N001638,C001588,welcome,,2026-09-25,True
N001639,C001589,welcome,,2026-08-24,False
N001640,C001590,welcome,,2026-09-13,False
N001641,C001591,welcome,,2026-09-16,True
N001642,C001592,welcome,,2026-09-11,False
N001643,C001593,welcome,,2026-07-08,False
N001644,C001593,compliance_change,INS001,2026-08-03,False
N001645,C001594,welcome,,2026-09-10,True
N001646,C001595,welcome,,2026-08-18,False
N001647,C001596,welcome,,2026-09-11,True
N001648,C001597,welcome,,2026-09-02,True
N001649,C001598,welcome,,2026-07-20,True
N001650,C001599,welcome,,2026-08-03,False
N001651,C001600,welcome,,2026-07-27,True
N001652,C001601,welcome,,2026-07-10,True
N001653,C001602,welcome,,2026-09-09,True
N001654,C001603,welcome,,2026-09-17,True
N001655,C001604,welcome,,2026-09-17,True
N001656,C001605,welcome,,2026-09-15,False
N001657,C001606,welcome,,2026-07-08,True
N001658,C001607,welcome,,2026-07-09,False
N001659,C001608,welcome,,2026-09-04,True
N001660,C001609,welcome,,2026-07-19,False
N001661,C001610,welcome,,2026-09-08,False
N001662,C001611,welcome,,2026-08-06,False
N001663,C001612,welcome,,2026-08-12,True
N001664,C001613,welcome,,2026-08-14,False
N001665,C001614,welcome,,2026-08-31,True
N001666,C001615,welcome,,2026-08-09,False
N001667,C001616,welcome,,2026-07-18,True
N001668,C001617,welcome,,2026-09-06,True
N001669,C001618,welcome,,2026-09-29,True
N001670,C001619,welcome,,2026-07-31,True
N001671,C001620,welcome,,2026-08-02,True
N001672,C001621,welcome,,2026-09-09,False
N001673,C001622,welcome,,2026-09-07,True
N001674,C001623,welcome,,2026-08-14,False
N001675,C001624,welcome,,2026-09-03,True
N001676,C001625,welcome,,2026-09-27,False
N001677,C001626,welcome,,2026-08-02,False
N001678,C001627,welcome,,2026-07-11,False
N001679,C001628,welcome,,2026-09-13,True
N001680,C001629,welcome,,2026-08-02,False
N001681,C001630,welcome,,2026-09-02,True
N001682,C001631,welcome,,2026-09-03,False
N001683,C001632,welcome,,2026-08-16,True
N001684,C001633,welcome,,2026-08-24,True
N001685,C001634,welcome,,2026-07-16,True
N001686,C001635,welcome,,2026-09-01,True
N001687,C001636,welcome,,2026-07-12,False
N001688,C001636,compliance_change,INS001,2026-08-03,False
N001689,C001637,welcome,,2026-07-06,False
N001690,C001638,welcome,,2026-08-03,True
N001691,C001639,welcome,,2026-09-22,False
N001692,C001640,welcome,,2026-09-19,True
N001693,C001641,welcome,,2026-07-10,False
N001694,C001642,welcome,,2026-09-07,False
N001695,C001643,welcome,,2026-07-18,True
N001696,C001644,welcome,,2026-07-08,True
N001697,C001645,welcome,,2026-07-05,True
N001698,C001645,compliance_change,INS001,2026-08-03,True
N001699,C001646,welcome,,2026-09-11,True
N001700,C001647,welcome,,2026-09-13,True
N001701,C001648,welcome,,2026-08-19,False
N001702,C001649,welcome,,2026-08-09,True
N001703,C001650,welcome,,2026-08-16,False
N001704,C001651,welcome,,2026-07-15,True
N001705,C001652,welcome,,2026-07-04,True
N001706,C001653,welcome,,2026-07-07,False
N001707,C001653,compliance_change,INS001,2026-08-03,False
N001708,C001654,welcome,,2026-07-12,True
N001709,C001655,welcome,,2026-09-25,True
N001710,C001656,welcome,,2026-09-29,True
N001711,C001657,welcome,,2026-09-30,False
N001712,C001658,welcome,,2026-09-09,True
N001713,C001659,welcome,,2026-08-27,False
N001714,C001660,welcome,,2026-07-10,True
N001715,C001661,welcome,,2026-09-10,False
N001716,C001662,welcome,,2026-07-27,False
N001717,C001663,welcome,,2026-08-27,False
N001718,C001664,welcome,,2026-07-24,False
N001719,C001665,welcome,,2026-08-22,True
N001720,C001666,welcome,,2026-08-12,False
N001721,C001667,welcome,,2026-07-24,True
N001722,C001667,compliance_change,INS001,2026-08-03,False
N001723,C001668,welcome,,2026-07-10,False
N001724,C001669,welcome,,2026-07-19,True
N001725,C001670,welcome,,2026-08-15,False
N001726,C001671,welcome,,2026-09-22,False
N001727,C001672,welcome,,2026-08-14,False
N001728,C001673,welcome,,2026-08-16,True
N001729,C001674,welcome,,2026-08-09,False
N001730,C001675,welcome,,2026-09-25,True
N001731,C001676,welcome,,2026-08-27,False
N001732,C001677,welcome,,2026-09-04,True
N001733,C001678,welcome,,2026-09-03,False
N001734,C001679,welcome,,2026-08-06,False
N001735,C001680,welcome,,2026-09-01,False
N001736,C001681,welcome,,2026-09-08,True
N001737,C001682,welcome,,2026-07-27,True
N001738,C001683,welcome,,2026-08-16,True
N001739,C001684,welcome,,2026-07-23,True
N001740,C001685,welcome,,2026-07-19,False
N001741,C001686,welcome,,2026-09-28,False
N001742,C001687,welcome,,2026-07-08,True
N001743,C001688,welcome,,2026-08-16,False
N001744,C001689,welcome,,2026-09-19,True
N001745,C001690,welcome,,2026-08-29,True
N001746,C001691,welcome,,2026-08-27,False
N001747,C001692,welcome,,2026-08-17,False
N001748,C001693,welcome,,2026-07-26,True
N001749,C001694,welcome,,2026-08-12,False
N001750,C001695,welcome,,2026-09-21,False
N001751,C001696,welcome,,2026-07-14,False
N001752,C001697,welcome,,2026-07-14,True
N001753,C001698,welcome,,2026-07-22,True
N001754,C001699,welcome,,2026-08-29,False
N001755,C001700,welcome,,2026-08-07,True
N001756,C001701,welcome,,2026-08-09,True
N001757,C001702,welcome,,2026-07-23,False
N001758,C001703,welcome,,2026-09-26,True
N001759,C001704,welcome,,2026-07-12,False
N001760,C001705,welcome,,2026-07-22,True
N001761,C001706,welcome,,2026-09-20,False
N001762,C001707,welcome,,2026-08-16,False
N001763,C001708,welcome,,2026-07-11,False
N001764,C001709,welcome,,2026-08-01,False
N001765,C001710,welcome,,2026-09-20,False
N001766,C001711,welcome,,2026-07-11,True
N001767,C001712,welcome,,2026-09-03,False
N001768,C001713,welcome,,2026-07-12,True
N001769,C001714,welcome,,2026-07-12,False
N001770,C001715,welcome,,2026-07-21,False
N001771,C001716,welcome,,2026-09-10,True
N001772,C001717,welcome,,2026-08-02,False
N001773,C001718,welcome,,2026-09-21,True
N001774,C001719,welcome,,2026-09-14,True
N001775,C001720,welcome,,2026-09-05,True
N001776,C001721,welcome,,2026-09-15,False
N001777,C001722,welcome,,2026-08-26,False
N001778,C001723,welcome,,2026-07-20,False
N001779,C001724,welcome,,2026-07-28,False
N001780,C001725,welcome,,2026-08-31,True
N001781,C001726,welcome,,2026-08-25,True
N001782,C001727,welcome,,2026-07-08,True
N001783,C001728,welcome,,2026-08-18,True
N001784,C001729,welcome,,2026-09-27,True
N001785,C001730,welcome,,2026-07-16,True
N001786,C001730,compliance_change,INS001,2026-08-03,False
N001787,C001731,welcome,,2026-07-02,True
N001788,C001732,welcome,,2026-07-25,True
N001789,C001733,welcome,,2026-08-14,False
N001790,C001734,welcome,,2026-08-25,False
N001791,C001735,welcome,,2026-07-19,True
N001792,C001736,welcome,,2026-08-09,True
N001793,C001737,welcome,,2026-09-25,True
N001794,C001738,welcome,,2026-08-24,True
N001795,C001739,welcome,,2026-09-04,True
N001796,C001740,welcome,,2026-09-22,True
N001797,C001741,welcome,,2026-08-06,False
N001798,C001742,welcome,,2026-07-28,True
N001799,C001743,welcome,,2026-08-02,True
N001800,C001744,welcome,,2026-09-21,True
N001801,C001745,welcome,,2026-08-08,True
N001802,C001746,welcome,,2026-08-03,True
N001803,C001747,welcome,,2026-08-05,True
N001804,C001748,welcome,,2026-09-13,False
N001805,C001749,welcome,,2026-07-20,False
N001806,C001750,welcome,,2026-07-10,True
N001807,C001751,welcome,,2026-07-07,True
N001808,C001751,compliance_change,INS001,2026-08-03,False
N001809,C001752,welcome,,2026-09-17,True
N001810,C001753,welcome,,2026-09-24,False
N001811,C001754,welcome,,2026-09-16,True
N001812,C001755,welcome,,2026-08-25,False
N001813,C001756,welcome,,2026-09-27,False
N001814,C001757,welcome,,2026-08-28,True
N001815,C001758,welcome,,2026-08-14,False
N001816,C001759,welcome,,2026-09-23,True
N001817,C001760,welcome,,2026-08-10,False
N001818,C001761,welcome,,2026-07-10,True
N001819,C001762,welcome,,2026-08-01,False
N001820,C001763,welcome,,2026-09-09,False
N001821,C001764,welcome,,2026-09-12,False
N001822,C001765,welcome,,2026-09-15,False
N001823,C001766,welcome,,2026-09-09,True
N001824,C001767,welcome,,2026-07-29,False
N001825,C001768,welcome,,2026-07-06,True
N001826,C001769,welcome,,2026-09-19,True
N001827,C001770,welcome,,2026-07-19,False
N001828,C001771,welcome,,2026-07-14,True
N001829,C001772,welcome,,2026-09-27,False
N001830,C001773,welcome,,2026-08-18,True
N001831,C001774,welcome,,2026-07-20,True
N001832,C001775,welcome,,2026-08-22,False
N001833,C001776,welcome,,2026-08-03,True
N001834,C001777,welcome,,2026-09-18,False
N001835,C001778,welcome,,2026-07-26,True
N001836,C001779,welcome,,2026-08-04,True
N001837,C001780,welcome,,2026-07-27,False
N001838,C001781,welcome,,2026-07-19,True
N001839,C001782,welcome,,2026-09-03,True
N001840,C001783,welcome,,2026-07-18,False
N001841,C001783,compliance_change,INS001,2026-08-03,True
N001842,C001784,welcome,,2026-08-22,False
N001843,C001785,welcome,,2026-08-18,True
N001844,C001786,welcome,,2026-09-29,True
N001845,C001787,welcome,,2026-08-04,True
N001846,C001788,welcome,,2026-08-18,True
N001847,C001789,welcome,,2026-08-13,False
N001848,C001790,welcome,,2026-08-18,True
N001849,C001791,welcome,,2026-09-06,True
N001850,C001792,welcome,,2026-08-04,False
N001851,C001793,welcome,,2026-08-01,True
N001852,C001794,welcome,,2026-09-08,False
N001853,C001795,welcome,,2026-07-11,True
N001854,C001796,welcome,,2026-09-23,True
N001855,C001797,welcome,,2026-08-17,True
N001856,C001798,welcome,,2026-08-06,False
N001857,C001799,welcome,,2026-08-09,True
N001858,C001800,welcome,,2026-09-21,False
N001859,C001801,welcome,,2026-09-18,False
N001860,C001802,welcome,,2026-07-16,True
N001861,C001803,welcome,,2026-09-10,True
N001862,C001804,welcome,,2026-08-23,True
N001863,C001805,welcome,,2026-07-05,False
N001864,C001805,compliance_change,INS001,2026-08-03,False
N001865,C001806,welcome,,2026-08-11,True
N001866,C001807,welcome,,2026-07-30,True
N001867,C001808,welcome,,2026-09-15,True
N001868,C001809,welcome,,2026-09-15,False
N001869,C001810,welcome,,2026-07-02,True
N001870,C001811,welcome,,2026-07-07,True
N001871,C001812,welcome,,2026-07-10,True
N001872,C001813,welcome,,2026-07-18,False
N001873,C001814,welcome,,2026-08-18,True
N001874,C001815,welcome,,2026-09-19,True
N001875,C001816,welcome,,2026-09-05,True
N001876,C001817,welcome,,2026-09-16,False
N001877,C001818,welcome,,2026-07-06,True
N001878,C001818,compliance_change,INS001,2026-08-03,False
N001879,C001819,welcome,,2026-08-09,False
N001880,C001820,welcome,,2026-09-15,True
N001881,C001821,welcome,,2026-07-20,False
N001882,C001822,welcome,,2026-07-03,True
N001883,C001823,welcome,,2026-07-25,False
N001884,C001824,welcome,,2026-09-06,False
N001885,C001825,welcome,,2026-09-18,True
N001886,C001826,welcome,,2026-08-26,False
N001887,C001827,welcome,,2026-08-04,True
N001888,C001828,welcome,,2026-09-27,False
N001889,C001829,welcome,,2026-08-08,False
N001890,C001830,welcome,,2026-07-16,True
N001891,C001830,compliance_change,INS001,2026-08-03,False
N001892,C001831,welcome,,2026-09-02,True
N001893,C001832,welcome,,2026-09-04,False
N001894,C001833,welcome,,2026-07-07,True
N001895,C001833,compliance_change,INS001,2026-08-03,False
N001896,C001834,welcome,,2026-07-28,False
N001897,C001835,welcome,,2026-08-23,True
N001898,C001836,welcome,,2026-08-26,True
N001899,C001837,welcome,,2026-09-19,True
N001900,C001838,welcome,,2026-07-27,True
N001901,C001839,welcome,,2026-07-28,False
N001902,C001840,welcome,,2026-09-23,True
N001903,C001841,welcome,,2026-09-29,False
N001904,C001842,welcome,,2026-08-08,True
N001905,C001843,welcome,,2026-07-07,False
N001906,C001844,welcome,,2026-09-05,True
N001907,C001845,welcome,,2026-07-05,False
N001908,C001846,welcome,,2026-09-01,False
N001909,C001847,welcome,,2026-07-26,True
N001910,C001848,welcome,,2026-08-09,True
N001911,C001849,welcome,,2026-08-10,True
N001912,C001850,welcome,,2026-08-16,True
N001913,C001851,welcome,,2026-08-19,True
N001914,C001852,welcome,,2026-09-18,True
N001915,C001853,welcome,,2026-07-25,True
N001916,C001854,welcome,,2026-08-04,False
N001917,C001855,welcome,,2026-08-16,True
N001918,C001856,welcome,,2026-08-25,False
N001919,C001857,welcome,,2026-09-15,True
N001920,C001858,welcome,,2026-07-03,True
N001921,C001859,welcome,,2026-07-20,False
N001922,C001860,welcome,,2026-08-17,False
N001923,C001861,welcome,,2026-09-09,True
N001924,C001862,welcome,,2026-07-08,False
N001925,C001863,welcome,,2026-07-13,False
N001926,C001864,welcome,,2026-08-29,True
N001927,C001865,welcome,,2026-08-28,True
N001928,C001866,welcome,,2026-09-01,True
N001929,C001867,welcome,,2026-09-04,True
N001930,C001868,welcome,,2026-09-09,False
N001931,C001869,welcome,,2026-08-31,True
N001932,C001870,welcome,,2026-08-04,True
N001933,C001871,welcome,,2026-07-07,False
N001934,C001872,welcome,,2026-07-23,True
N001935,C001873,welcome,,2026-07-19,True
N001936,C001874,welcome,,2026-08-01,False
N001937,C001875,welcome,,2026-09-03,False
N001938,C001876,welcome,,2026-09-20,True
N001939,C001877,welcome,,2026-07-17,True
N001940,C001878,welcome,,2026-09-14,True
N001941,C001879,welcome,,2026-08-31,False
N001942,C001880,welcome,,2026-09-27,True
N001943,C001881,welcome,,2026-09-20,False
N001944,C001882,welcome,,2026-09-03,True
N001945,C001883,welcome,,2026-08-22,False
N001946,C001884,welcome,,2026-08-17,True
N001947,C001885,welcome,,2026-08-16,False
N001948,C001886,welcome,,2026-09-19,True
N001949,C001887,welcome,,2026-08-25,True
N001950,C001888,welcome,,2026-08-29,False
N001951,C001889,welcome,,2026-08-23,True
N001952,C001890,welcome,,2026-08-23,True
N001953,C001891,welcome,,2026-09-04,True
N001954,C001892,welcome,,2026-09-16,True
N001955,C001893,welcome,,2026-07-04,False
N001956,C001893,compliance_change,INS001,2026-08-03,False
N001957,C001894,welcome,,2026-08-06,True
N001958,C001895,welcome,,2026-07-13,False
N001959,C001896,welcome,,2026-09-20,True
N001960,C001897,welcome,,2026-07-25,True
N001961,C001898,welcome,,2026-08-23,True
N001962,C001899,welcome,,2026-08-27,False
N001963,C001900,welcome,,2026-08-20,False
N001964,C001901,welcome,,2026-08-01,True
N001965,C001902,welcome,,2026-08-17,True
N001966,C001903,welcome,,2026-09-23,True
N001967,C001904,welcome,,2026-07-19,False
N001968,C001905,welcome,,2026-07-14,False
N001969,C001906,welcome,,2026-07-19,False
N001970,C001907,welcome,,2026-08-06,True
N001971,C001908,welcome,,2026-07-05,True
N001972,C001909,welcome,,2026-07-05,True
N001973,C001910,welcome,,2026-08-04,False
N001974,C001911,welcome,,2026-07-27,False
N001975,C001912,welcome,,2026-09-12,True
N001976,C001913,welcome,,2026-07-15,False
N001977,C001914,welcome,,2026-08-14,False
N001978,C001915,welcome,,2026-09-28,True
N001979,C001916,welcome,,2026-08-14,True
N001980,C001917,welcome,,2026-09-25,False
N001981,C001918,welcome,,2026-07-03,False
N001982,C001919,welcome,,2026-09-16,True
N001983,C001920,welcome,,2026-09-17,True
N001984,C001921,welcome,,2026-08-14,True
N001985,C001922,welcome,,2026-07-09,True
N001986,C001923,welcome,,2026-09-12,False
N001987,C001924,welcome,,2026-09-02,True
N001988,C001925,welcome,,2026-09-04,True
N001989,C001926,welcome,,2026-09-08,False
N001990,C001927,welcome,,2026-08-27,True
N001991,C001928,welcome,,2026-07-15,True
N001992,C001929,welcome,,2026-09-11,False
N001993,C001930,welcome,,2026-07-14,True
N001994,C001931,welcome,,2026-07-30,True
N001995,C001932,welcome,,2026-07-08,True
N001996,C001933,welcome,,2026-07-11,True
N001997,C001934,welcome,,2026-08-04,True
N001998,C001935,welcome,,2026-07-03,True
N001999,C001936,welcome,,2026-08-28,True
N002000,C001937,welcome,,2026-07-04,True
N002001,C001938,welcome,,2026-08-28,True
N002002,C001939,welcome,,2026-09-07,True
N002003,C001940,welcome,,2026-08-17,True
N002004,C001941,welcome,,2026-07-05,False
N002005,C001942,welcome,,2026-08-28,True
N002006,C001943,welcome,,2026-09-20,True
N002007,C001944,welcome,,2026-08-11,True
N002008,C001945,welcome,,2026-07-16,True
N002009,C001946,welcome,,2026-07-14,False
N002010,C001947,welcome,,2026-09-05,True
N002011,C001948,welcome,,2026-09-19,True
N002012,C001949,welcome,,2026-07-18,True
N002013,C001949,compliance_change,INS001,2026-08-03,True
N002014,C001950,welcome,,2026-09-11,True
N002015,C001951,welcome,,2026-08-27,True
N002016,C001952,welcome,,2026-09-19,True
N002017,C001953,welcome,,2026-09-04,True
N002018,C001954,welcome,,2026-07-13,True
N002019,C001955,welcome,,2026-09-06,False
N002020,C001956,welcome,,2026-08-12,False
N002021,C001957,welcome,,2026-08-12,False
N002022,C001958,welcome,,2026-08-14,False
N002023,C001959,welcome,,2026-08-14,True
N002024,C001960,welcome,,2026-09-08,True
N002025,C001961,welcome,,2026-09-10,True
N002026,C001962,welcome,,2026-07-20,False
N002027,C001963,welcome,,2026-08-28,True
N002028,C001964,welcome,,2026-08-03,True
N002029,C001965,welcome,,2026-09-19,True
N002030,C001966,welcome,,2026-09-01,False
N002031,C001967,welcome,,2026-08-14,True
N002032,C001968,welcome,,2026-08-01,False
N002033,C001969,welcome,,2026-07-13,True
N002034,C001970,welcome,,2026-09-07,True
N002035,C001971,welcome,,2026-08-21,False
N002036,C001972,welcome,,2026-08-11,True
N002037,C001973,welcome,,2026-09-24,False
N002038,C001974,welcome,,2026-07-30,False
N002039,C001975,welcome,,2026-07-01,True
N002040,C001976,welcome,,2026-08-10,False
N002041,C001977,welcome,,2026-08-06,False
N002042,C001978,welcome,,2026-08-16,False
N002043,C001979,welcome,,2026-09-06,False
N002044,C001980,welcome,,2026-07-05,True
N002045,C001981,welcome,,2026-08-19,True
N002046,C001982,welcome,,2026-09-06,False
N002047,C001983,welcome,,2026-08-23,False
N002048,C001984,welcome,,2026-07-14,False
N002049,C001985,welcome,,2026-08-10,False
N002050,C001986,welcome,,2026-08-05,True
N002051,C001987,welcome,,2026-09-06,True
N002052,C001988,welcome,,2026-09-02,True
N002053,C001989,welcome,,2026-09-06,True
N002054,C001990,welcome,,2026-09-08,True
N002055,C001991,welcome,,2026-09-09,True
N002056,C001992,welcome,,2026-07-05,False
N002057,C001992,compliance_change,INS001,2026-08-03,True
N002058,C001993,welcome,,2026-09-20,False
N002059,C001994,welcome,,2026-09-08,True
N002060,C001995,welcome,,2026-07-11,True
N002061,C001996,welcome,,2026-08-12,False
N002062,C001997,welcome,,2026-09-21,True
N002063,C001998,welcome,,2026-09-21,False
N002064,C001999,welcome,,2026-07-05,True
N002065,C002000,welcome,,2026-07-14,True
N002066,C002001,welcome,,2026-09-21,True
N002067,C002002,welcome,,2026-08-22,True
N002068,C002003,welcome,,2026-09-04,True
N002069,C002004,welcome,,2026-07-16,False
N002070,C002005,welcome,,2026-07-11,True
N002071,C002006,welcome,,2026-08-20,True
N002072,C002007,welcome,,2026-07-06,True
N002073,C002007,compliance_change,INS001,2026-08-03,True
N002074,C002008,welcome,,2026-08-28,False
N002075,C002009,welcome,,2026-09-06,True
N002076,C002010,welcome,,2026-08-22,True
N002077,C002011,welcome,,2026-08-11,False
N002078,C002012,welcome,,2026-08-28,True
N002079,C002013,welcome,,2026-08-09,False
N002080,C002014,welcome,,2026-08-01,False
N002081,C002015,welcome,,2026-08-06,False
N002082,C002016,welcome,,2026-08-23,True
N002083,C002017,welcome,,2026-08-16,True
N002084,C002018,welcome,,2026-07-25,False
N002085,C002019,welcome,,2026-09-29,False
N002086,C002020,welcome,,2026-07-09,True
N002087,C002021,welcome,,2026-08-10,True
N002088,C002022,welcome,,2026-07-05,True
N002089,C002023,welcome,,2026-09-20,False
N002090,C002024,welcome,,2026-08-26,True
N002091,C002025,welcome,,2026-09-27,False
N002092,C002026,welcome,,2026-07-19,True
N002093,C002027,welcome,,2026-07-26,True
N002094,C002028,welcome,,2026-08-07,False
N002095,C002029,welcome,,2026-08-22,True
N002096,C002030,welcome,,2026-09-15,True
N002097,C002031,welcome,,2026-09-21,True
N002098,C002032,welcome,,2026-09-10,True
N002099,C002033,welcome,,2026-07-28,True
N002100,C002034,welcome,,2026-09-25,True
N002101,C002035,welcome,,2026-09-10,True
N002102,C002036,welcome,,2026-07-06,False
N002103,C002037,welcome,,2026-09-05,True
N002104,C002038,welcome,,2026-08-19,True
N002105,C002039,welcome,,2026-08-15,True
N002106,C002040,welcome,,2026-09-13,False
N002107,C002041,welcome,,2026-07-29,True
N002108,C002041,compliance_change,INS001,2026-08-03,True
N002109,C002042,welcome,,2026-09-11,True
N002110,C002043,welcome,,2026-08-17,False
N002111,C002044,welcome,,2026-09-02,False
N002112,C002045,welcome,,2026-08-12,False
N002113,C002046,welcome,,2026-08-31,True
N002114,C002047,welcome,,2026-08-10,False
N002115,C002048,welcome,,2026-08-16,False
N002116,C002049,welcome,,2026-09-27,False
N002117,C002050,welcome,,2026-07-23,True
N002118,C002051,welcome,,2026-07-02,False
N002119,C002051,compliance_change,INS001,2026-08-03,True
N002120,C002052,welcome,,2026-07-27,False
N002121,C002053,welcome,,2026-09-09,False
N002122,C002054,welcome,,2026-09-26,True
N002123,C002055,welcome,,2026-08-06,False
N002124,C002056,welcome,,2026-09-22,True
N002125,C002057,welcome,,2026-09-02,False
N002126,C002058,welcome,,2026-09-28,False
N002127,C002059,welcome,,2026-07-15,True
N002128,C002060,welcome,,2026-09-25,True
N002129,C002061,welcome,,2026-07-15,True
N002130,C002062,welcome,,2026-09-20,True
N002131,C002063,welcome,,2026-09-24,False
N002132,C002064,welcome,,2026-08-19,True
N002133,C002065,welcome,,2026-07-30,True
N002134,C002066,welcome,,2026-07-06,True
N002135,C002067,welcome,,2026-09-06,False
N002136,C002068,welcome,,2026-09-24,False
N002137,C002069,welcome,,2026-08-25,False
N002138,C002070,welcome,,2026-08-16,False
N002139,C002071,welcome,,2026-08-28,False
N002140,C002072,welcome,,2026-07-24,True
N002141,C002072,compliance_change,INS001,2026-08-03,True
N002142,C002073,welcome,,2026-08-10,True
N002143,C002074,welcome,,2026-07-07,False
N002144,C002075,welcome,,2026-09-03,True
N002145,C002076,welcome,,2026-08-05,False
N002146,C002077,welcome,,2026-08-21,True
N002147,C002078,welcome,,2026-09-11,False
N002148,C002079,welcome,,2026-09-02,True
N002149,C002080,welcome,,2026-07-10,True
N002150,C002081,welcome,,2026-09-13,True
N002151,C002082,welcome,,2026-08-27,False
N002152,C002083,welcome,,2026-08-22,True
N002153,C002084,welcome,,2026-08-18,True
N002154,C002085,welcome,,2026-08-08,True
N002155,C002086,welcome,,2026-08-18,False
N002156,C002087,welcome,,2026-09-18,False
N002157,C002088,welcome,,2026-07-30,False
N002158,C002089,welcome,,2026-09-04,True
N002159,C002090,welcome,,2026-09-07,True
N002160,C002091,welcome,,2026-09-08,False
N002161,C002092,welcome,,2026-07-19,True
N002162,C002093,welcome,,2026-09-06,False
N002163,C002094,welcome,,2026-09-09,True
N002164,C002095,welcome,,2026-08-29,True
N002165,C002096,welcome,,2026-07-14,False
N002166,C002097,welcome,,2026-09-19,True
N002167,C002098,welcome,,2026-08-06,True
N002168,C002099,welcome,,2026-07-21,False
N002169,C002100,welcome,,2026-07-10,True
N002170,C002101,welcome,,2026-08-16,True
N002171,C002102,welcome,,2026-07-21,True
N002172,C002103,welcome,,2026-08-23,True
N002173,C002104,welcome,,2026-08-29,True
N002174,C002105,welcome,,2026-08-28,False
N002175,C002106,welcome,,2026-09-13,False
N002176,C002107,welcome,,2026-08-07,False
N002177,C002108,welcome,,2026-07-04,True
N002178,C002109,welcome,,2026-07-23,True
N002179,C002110,welcome,,2026-08-10,True
N002180,C002111,welcome,,2026-07-08,False
N002181,C002112,welcome,,2026-08-12,False
N002182,C002113,welcome,,2026-07-28,True
N002183,C002114,welcome,,2026-09-28,False
N002184,C002115,welcome,,2026-08-16,False
N002185,C002116,welcome,,2026-09-05,True
N002186,C002117,welcome,,2026-07-28,True
N002187,C002118,welcome,,2026-07-27,False
N002188,C002119,welcome,,2026-07-21,True
N002189,C002120,welcome,,2026-09-22,True
N002190,C002121,welcome,,2026-07-04,False
N002191,C002122,welcome,,2026-09-29,True
N002192,C002123,welcome,,2026-07-15,False
N002193,C002124,welcome,,2026-09-16,False
N002194,C002125,welcome,,2026-08-19,False
N002195,C002126,welcome,,2026-07-16,True
N002196,C002127,welcome,,2026-07-02,False
N002197,C002128,welcome,,2026-08-01,False
N002198,C002129,welcome,,2026-07-22,False
N002199,C002130,welcome,,2026-07-07,False
N002200,C002131,welcome,,2026-08-30,False
N002201,C002132,welcome,,2026-08-16,True
N002202,C002133,welcome,,2026-08-01,False
N002203,C002134,welcome,,2026-09-05,True
N002204,C002135,welcome,,2026-08-16,False
N002205,C002136,welcome,,2026-07-24,True
N002206,C002137,welcome,,2026-08-01,True
N002207,C002138,welcome,,2026-08-21,True
N002208,C002139,welcome,,2026-08-29,False
N002209,C002140,welcome,,2026-08-29,True
N002210,C002141,welcome,,2026-09-09,True
N002211,C002142,welcome,,2026-07-26,False
N002212,C002143,welcome,,2026-07-07,True
N002213,C002144,welcome,,2026-08-23,True
N002214,C002145,welcome,,2026-07-12,True
N002215,C002145,compliance_change,INS001,2026-08-03,True
N002216,C002146,welcome,,2026-07-10,True
N002217,C002147,welcome,,2026-09-28,True
N002218,C002148,welcome,,2026-09-12,True
N002219,C002149,welcome,,2026-09-08,False
N002220,C002150,welcome,,2026-08-25,False
N002221,C002151,welcome,,2026-08-07,True
N002222,C002152,welcome,,2026-08-31,True
N002223,C002153,welcome,,2026-08-19,False
N002224,C002154,welcome,,2026-09-27,True
N002225,C002155,welcome,,2026-08-03,True
N002226,C002156,welcome,,2026-09-11,False
N002227,C002157,welcome,,2026-07-18,False
N002228,C002158,welcome,,2026-08-08,True
N002229,C002159,welcome,,2026-09-29,True
N002230,C002160,welcome,,2026-08-12,False
N002231,C002161,welcome,,2026-09-14,False
N002232,C002162,welcome,,2026-09-11,False
N002233,C002163,welcome,,2026-08-19,True
N002234,C002164,welcome,,2026-08-30,False
N002235,C002165,welcome,,2026-09-27,False
N002236,C002166,welcome,,2026-08-24,True
N002237,C002167,welcome,,2026-08-01,False
N002238,C002168,welcome,,2026-09-22,True
N002239,C002169,welcome,,2026-07-28,True
N002240,C002170,welcome,,2026-08-13,True
N002241,C002171,welcome,,2026-08-30,False
N002242,C002172,welcome,,2026-07-31,True
N002243,C002173,welcome,,2026-09-17,False
N002244,C002174,welcome,,2026-08-19,True
N002245,C002175,welcome,,2026-08-21,True
N002246,C002176,welcome,,2026-09-18,True
N002247,C002177,welcome,,2026-08-09,True
N002248,C002178,welcome,,2026-08-20,False
N002249,C002179,welcome,,2026-08-12,True
N002250,C002180,welcome,,2026-09-03,True
N002251,C002181,welcome,,2026-08-02,False
N002252,C002182,welcome,,2026-08-28,False
N002253,C002183,welcome,,2026-09-27,True
N002254,C002184,welcome,,2026-07-26,False
N002255,C002185,welcome,,2026-08-19,False
N002256,C002186,welcome,,2026-08-23,True
N002257,C002187,welcome,,2026-09-18,True
N002258,C002188,welcome,,2026-08-09,True
N002259,C002189,welcome,,2026-08-16,True
N002260,C002190,welcome,,2026-08-24,True
N002261,C002191,welcome,,2026-09-10,False
N002262,C002192,welcome,,2026-09-04,False
N002263,C002193,welcome,,2026-09-08,True
N002264,C002194,welcome,,2026-09-02,False
N002265,C002195,welcome,,2026-09-18,False
N002266,C002196,welcome,,2026-09-10,False
N002267,C002197,welcome,,2026-07-27,True
N002268,C002198,welcome,,2026-09-07,False
N002269,C002199,welcome,,2026-08-20,False
N002270,C002200,welcome,,2026-09-10,False
N002271,C002201,welcome,,2026-09-13,True
N002272,C002202,welcome,,2026-09-22,False
N002273,C002203,welcome,,2026-09-04,False
N002274,C002204,welcome,,2026-09-20,False
N002275,C002205,welcome,,2026-09-05,True
N002276,C002206,welcome,,2026-08-09,False
N002277,C002207,welcome,,2026-07-26,False
N002278,C002208,welcome,,2026-08-19,False
N002279,C002209,welcome,,2026-08-13,True
N002280,C002210,welcome,,2026-09-25,False
N002281,C002211,welcome,,2026-07-31,True
N002282,C002212,welcome,,2026-07-21,True
N002283,C002213,welcome,,2026-08-06,False
N002284,C002214,welcome,,2026-07-22,False
N002285,C002215,welcome,,2026-07-10,True
N002286,C002216,welcome,,2026-08-16,False
N002287,C002217,welcome,,2026-07-22,False
N002288,C002218,welcome,,2026-08-22,False
N002289,C002219,welcome,,2026-07-26,True
N002290,C002220,welcome,,2026-09-13,True
N002291,C002221,welcome,,2026-08-26,True
N002292,C002222,welcome,,2026-07-09,True
N002293,C002223,welcome,,2026-08-18,True
N002294,C002224,welcome,,2026-08-03,True
N002295,C002225,welcome,,2026-09-20,False
N002296,C002226,welcome,,2026-09-23,True
N002297,C002227,welcome,,2026-09-10,False
N002298,C002228,welcome,,2026-09-04,False
N002299,C002229,welcome,,2026-08-03,False
N002300,C002230,welcome,,2026-09-11,True
N002301,C002231,welcome,,2026-08-30,False
N002302,C002232,welcome,,2026-07-15,False
N002303,C002233,welcome,,2026-07-22,True
N002304,C002234,welcome,,2026-07-22,True
N002305,C002235,welcome,,2026-08-29,True
N002306,C002236,welcome,,2026-07-08,False
N002307,C002237,welcome,,2026-08-26,False
N002308,C002238,welcome,,2026-09-12,False
N002309,C002239,welcome,,2026-07-28,True
N002310,C002240,welcome,,2026-09-27,False
N002311,C002241,welcome,,2026-09-02,False
N002312,C002242,welcome,,2026-09-11,True
N002313,C002243,welcome,,2026-07-25,True
N002314,C002244,welcome,,2026-07-23,True
N002315,C002245,welcome,,2026-08-24,True
N002316,C002246,welcome,,2026-08-21,False
N002317,C002247,welcome,,2026-07-10,True
N002318,C002247,compliance_change,INS001,2026-08-03,False
N002319,C002248,welcome,,2026-09-12,True
N002320,C002249,welcome,,2026-07-30,True
N002321,C002250,welcome,,2026-07-14,True
N002322,C002251,welcome,,2026-09-23,False
N002323,C002252,welcome,,2026-07-21,True
N002324,C002253,welcome,,2026-07-15,True
N002325,C002254,welcome,,2026-09-12,True
N002326,C002255,welcome,,2026-08-23,False
N002327,C002256,welcome,,2026-09-26,False
N002328,C002257,welcome,,2026-09-21,True
N002329,C002258,welcome,,2026-07-10,True
N002330,C002259,welcome,,2026-09-14,True
N002331,C002260,welcome,,2026-07-19,False
N002332,C002261,welcome,,2026-07-18,False
N002333,C002262,welcome,,2026-07-27,True
N002334,C002263,welcome,,2026-09-04,False
N002335,C002264,welcome,,2026-08-01,False
N002336,C002265,welcome,,2026-09-15,False
N002337,C002266,welcome,,2026-09-28,False
N002338,C002267,welcome,,2026-07-07,False
N002339,C002268,welcome,,2026-09-21,True
N002340,C002269,welcome,,2026-09-07,True
N002341,C002270,welcome,,2026-08-07,False
N002342,C002271,welcome,,2026-07-29,True
N002343,C002272,welcome,,2026-09-02,False
N002344,C002273,welcome,,2026-09-28,False
N002345,C002274,welcome,,2026-08-22,False
N002346,C002275,welcome,,2026-08-24,False
N002347,C002276,welcome,,2026-08-17,True
N002348,C002277,welcome,,2026-08-14,True
N002349,C002278,welcome,,2026-09-30,True
N002350,C002279,welcome,,2026-08-16,True
N002351,C002280,welcome,,2026-07-20,True
N002352,C002281,welcome,,2026-08-07,False
N002353,C002282,welcome,,2026-09-13,False
N002354,C002283,welcome,,2026-09-14,True
N002355,C002284,welcome,,2026-09-28,False
N002356,C002285,welcome,,2026-08-23,True
N002357,C002286,welcome,,2026-08-02,True
N002358,C002287,welcome,,2026-07-05,False
N002359,C002287,compliance_change,INS001,2026-08-03,False
N002360,C002288,welcome,,2026-07-31,False
N002361,C002289,welcome,,2026-08-06,True
N002362,C002290,welcome,,2026-09-05,False
N002363,C002291,welcome,,2026-08-31,False
N002364,C002292,welcome,,2026-07-17,False
N002365,C002293,welcome,,2026-09-16,True
N002366,C002294,welcome,,2026-08-31,True
N002367,C002295,welcome,,2026-08-16,True
N002368,C002296,welcome,,2026-07-29,True
N002369,C002297,welcome,,2026-08-18,True
N002370,C002298,welcome,,2026-09-11,True
N002371,C002299,welcome,,2026-07-22,True
N002372,C002299,compliance_change,INS001,2026-08-03,False
N002373,C002300,welcome,,2026-07-10,True
N002374,C002301,welcome,,2026-07-20,True
N002375,C002302,welcome,,2026-08-13,True
N002376,C002303,welcome,,2026-08-04,True
N002377,C002304,welcome,,2026-09-08,True
N002378,C002305,welcome,,2026-07-13,False
N002379,C002306,welcome,,2026-09-15,False
N002380,C002307,welcome,,2026-09-13,True
N002381,C002308,welcome,,2026-07-25,False
N002382,C002309,welcome,,2026-08-24,True
N002383,C002310,welcome,,2026-07-21,False
N002384,C002311,welcome,,2026-09-26,True
N002385,C002312,welcome,,2026-08-13,True
N002386,C002313,welcome,,2026-09-08,False
N002387,C002314,welcome,,2026-08-28,False
N002388,C002315,welcome,,2026-08-05,False
N002389,C002316,welcome,,2026-07-25,True
N002390,C002317,welcome,,2026-09-16,False
N002391,C002318,welcome,,2026-07-25,True
N002392,C002319,welcome,,2026-08-15,True
N002393,C002320,welcome,,2026-09-16,False
N002394,C002321,welcome,,2026-08-30,False
N002395,C002322,welcome,,2026-07-14,False
N002396,C002323,welcome,,2026-08-08,False
N002397,C002324,welcome,,2026-09-08,False
N002398,C002325,welcome,,2026-07-21,True
N002399,C002326,welcome,,2026-07-13,False
N002400,C002327,welcome,,2026-09-05,False
N002401,C002328,welcome,,2026-08-24,False
N002402,C002329,welcome,,2026-09-06,True
N002403,C002330,welcome,,2026-08-30,False
N002404,C002331,welcome,,2026-07-21,False
N002405,C002332,welcome,,2026-08-25,False
N002406,C002333,welcome,,2026-08-13,False
N002407,C002334,welcome,,2026-07-07,True
N002408,C002335,welcome,,2026-08-13,True
N002409,C002336,welcome,,2026-07-09,True
N002410,C002336,compliance_change,INS001,2026-08-03,False
N002411,C002337,welcome,,2026-09-06,True
N002412,C002338,welcome,,2026-09-26,False
N002413,C002339,welcome,,2026-09-11,True
N002414,C002340,welcome,,2026-07-13,True
N002415,C002341,welcome,,2026-09-14,False
N002416,C002342,welcome,,2026-07-06,False
N002417,C002343,welcome,,2026-09-29,False
N002418,C002344,welcome,,2026-08-15,False
N002419,C002345,welcome,,2026-07-06,False
N002420,C002346,welcome,,2026-07-19,False
N002421,C002347,welcome,,2026-08-15,False
N002422,C002348,welcome,,2026-08-02,False
N002423,C002349,welcome,,2026-08-20,True
N002424,C002350,welcome,,2026-09-24,True
N002425,C002351,welcome,,2026-08-31,False
N002426,C002352,welcome,,2026-08-25,False
N002427,C002353,welcome,,2026-08-11,True
N002428,C002354,welcome,,2026-08-11,False
N002429,C002355,welcome,,2026-08-02,False
N002430,C002356,welcome,,2026-08-27,True
N002431,C002357,welcome,,2026-08-08,False
N002432,C002358,welcome,,2026-09-14,False
N002433,C002359,welcome,,2026-09-24,True
N002434,C002360,welcome,,2026-08-30,False
N002435,C002361,welcome,,2026-07-05,False
N002436,C002361,compliance_change,INS001,2026-08-03,False
N002437,C002362,welcome,,2026-09-14,True
N002438,C002363,welcome,,2026-07-06,True
N002439,C002364,welcome,,2026-07-19,False
N002440,C002365,welcome,,2026-07-04,False
N002441,C002366,welcome,,2026-07-18,False
N002442,C002367,welcome,,2026-09-05,True
N002443,C002368,welcome,,2026-09-04,False
N002444,C002369,welcome,,2026-07-18,True
N002445,C002370,welcome,,2026-08-31,True
N002446,C002371,welcome,,2026-08-30,True
N002447,C002372,welcome,,2026-09-28,True
N002448,C002373,welcome,,2026-08-05,True
N002449,C002374,welcome,,2026-07-16,True
N002450,C002375,welcome,,2026-07-18,False
N002451,C002376,welcome,,2026-09-06,False
N002452,C002377,welcome,,2026-09-20,False
N002453,C002378,welcome,,2026-07-31,False
N002454,C002379,welcome,,2026-09-27,True
N002455,C002380,welcome,,2026-07-19,True
N002456,C002381,welcome,,2026-09-30,False
N002457,C002382,welcome,,2026-07-15,False
N002458,C002383,welcome,,2026-07-17,False
N002459,C002383,compliance_change,INS001,2026-08-03,True
N002460,C002384,welcome,,2026-08-11,True
N002461,C002385,welcome,,2026-09-27,False
N002462,C002386,welcome,,2026-07-26,True
N002463,C002387,welcome,,2026-09-03,False
N002464,C002388,welcome,,2026-08-23,False
N002465,C002389,welcome,,2026-09-18,True
N002466,C002390,welcome,,2026-09-06,False
N002467,C002391,welcome,,2026-07-24,True
N002468,C002391,compliance_change,INS001,2026-08-03,True
N002469,C002392,welcome,,2026-09-18,True
N002470,C002393,welcome,,2026-08-02,True
N002471,C002394,welcome,,2026-08-06,True
N002472,C002395,welcome,,2026-09-19,True
N002473,C002396,welcome,,2026-08-18,True
N002474,C002397,welcome,,2026-07-21,True
N002475,C002398,welcome,,2026-08-22,False
N002476,C002399,welcome,,2026-09-27,True
N002477,C002400,welcome,,2026-07-30,True
N002478,C002401,welcome,,2026-08-20,True
N002479,C002402,welcome,,2026-07-17,False
N002480,C002403,welcome,,2026-07-15,False
N002481,C002404,welcome,,2026-07-09,False
N002482,C002405,welcome,,2026-08-07,True
N002483,C002406,welcome,,2026-08-31,True
N002484,C002407,welcome,,2026-07-06,True
N002485,C002408,welcome,,2026-08-07,False
N002486,C002409,welcome,,2026-09-12,False
N002487,C002410,welcome,,2026-08-02,True
N002488,C002411,welcome,,2026-09-04,True
N002489,C002412,welcome,,2026-08-22,True
N002490,C002413,welcome,,2026-09-24,True
N002491,C002414,welcome,,2026-07-12,False
N002492,C002415,welcome,,2026-09-17,True
N002493,C002416,welcome,,2026-08-18,True
N002494,C002417,welcome,,2026-09-06,True
N002495,C002418,welcome,,2026-08-13,False
N002496,C002419,welcome,,2026-08-25,True
N002497,C002420,welcome,,2026-08-20,False
N002498,C002421,welcome,,2026-09-02,False
N002499,C002422,welcome,,2026-07-01,True
N002500,C002422,compliance_change,INS001,2026-08-03,False
N002501,C002423,welcome,,2026-08-02,True
N002502,C002424,welcome,,2026-08-13,False
N002503,C002425,welcome,,2026-09-16,True
N002504,C002426,welcome,,2026-07-20,True
N002505,C002426,compliance_change,INS001,2026-08-03,True
N002506,C002427,welcome,,2026-08-08,True
N002507,C002428,welcome,,2026-08-24,True
N002508,C002429,welcome,,2026-08-31,False
N002509,C002430,welcome,,2026-07-23,False
N002510,C002431,welcome,,2026-08-27,False
N002511,C002432,welcome,,2026-08-02,True
N002512,C002433,welcome,,2026-09-10,True
N002513,C002434,welcome,,2026-08-22,True
N002514,C002435,welcome,,2026-07-06,True
N002515,C002436,welcome,,2026-07-29,True
N002516,C002437,welcome,,2026-09-27,False
N002517,C002438,welcome,,2026-09-05,True
N002518,C002439,welcome,,2026-07-24,False
N002519,C002440,welcome,,2026-08-31,True
N002520,C002441,welcome,,2026-08-07,True
N002521,C002442,welcome,,2026-08-27,True
N002522,C002443,welcome,,2026-09-18,False
N002523,C002444,welcome,,2026-08-30,False
N002524,C002445,welcome,,2026-08-18,True
N002525,C002446,welcome,,2026-07-30,False
N002526,C002447,welcome,,2026-08-25,False
N002527,C002448,welcome,,2026-08-26,False
N002528,C002449,welcome,,2026-09-17,True
N002529,C002450,welcome,,2026-09-24,True
N002530,C002451,welcome,,2026-07-07,True
N002531,C002452,welcome,,2026-08-25,False
N002532,C002453,welcome,,2026-07-19,True
N002533,C002454,welcome,,2026-07-11,False
N002534,C002455,welcome,,2026-08-30,False
N002535,C002456,welcome,,2026-09-14,True
N002536,C002457,welcome,,2026-07-29,True
N002537,C002458,welcome,,2026-08-03,False
N002538,C002459,welcome,,2026-07-26,False
N002539,C002460,welcome,,2026-07-16,False
N002540,C002460,compliance_change,INS001,2026-08-03,False
N002541,C002461,welcome,,2026-07-29,True
N002542,C002462,welcome,,2026-08-08,True
N002543,C002463,welcome,,2026-07-28,True
N002544,C002464,welcome,,2026-08-23,False
N002545,C002465,welcome,,2026-07-23,True
N002546,C002466,welcome,,2026-08-29,True
N002547,C002467,welcome,,2026-08-09,True
N002548,C002468,welcome,,2026-09-22,True
N002549,C002469,welcome,,2026-07-17,True
N002550,C002470,welcome,,2026-09-17,True
N002551,C002471,welcome,,2026-07-26,False
N002552,C002472,welcome,,2026-07-20,True
N002553,C002473,welcome,,2026-08-16,False
N002554,C002474,welcome,,2026-09-10,True
N002555,C002475,welcome,,2026-07-03,False
N002556,C002476,welcome,,2026-07-17,True
N002557,C002477,welcome,,2026-07-08,True
N002558,C002478,welcome,,2026-09-05,True
N002559,C002479,welcome,,2026-07-07,False
N002560,C002480,welcome,,2026-09-22,True
N002561,C002481,welcome,,2026-09-08,True
N002562,C002482,welcome,,2026-09-08,True
N002563,C002483,welcome,,2026-07-13,True
N002564,C002484,welcome,,2026-08-29,False
N002565,C002485,welcome,,2026-09-19,True
N002566,C002486,welcome,,2026-09-15,False
N002567,C002487,welcome,,2026-08-30,True
N002568,C002488,welcome,,2026-08-08,True
N002569,C002489,welcome,,2026-08-28,True
N002570,C002490,welcome,,2026-08-30,False
N002571,C002491,welcome,,2026-07-10,False
N002572,C002492,welcome,,2026-07-02,False
N002573,C002493,welcome,,2026-07-07,False
N002574,C002494,welcome,,2026-08-08,True
N002575,C002495,welcome,,2026-08-18,False
N002576,C002496,welcome,,2026-09-12,False
N002577,C002497,welcome,,2026-09-03,False
N002578,C002498,welcome,,2026-08-25,False
N002579,C002499,welcome,,2026-08-06,False
N002580,C002500,welcome,,2026-09-13,True
N002581,C002501,welcome,,2026-07-19,True
N002582,C002502,welcome,,2026-09-02,True
N002583,C002503,welcome,,2026-09-24,True
N002584,C002504,welcome,,2026-08-03,False
N002585,C002505,welcome,,2026-08-23,True
N002586,C002506,welcome,,2026-07-26,True
N002587,C002507,welcome,,2026-09-04,True
N002588,C002508,welcome,,2026-09-18,True
N002589,C002509,welcome,,2026-09-14,False
N002590,C002510,welcome,,2026-09-15,True
N002591,C002511,welcome,,2026-07-15,True
N002592,C002512,welcome,,2026-09-24,False
N002593,C002513,welcome,,2026-09-22,True
N002594,C002514,welcome,,2026-07-25,False
N002595,C002515,welcome,,2026-08-02,True
N002596,C002516,welcome,,2026-09-25,True
N002597,C002517,welcome,,2026-07-17,False
N002598,C002518,welcome,,2026-07-20,True
N002599,C002519,welcome,,2026-09-12,False
N002600,C002520,welcome,,2026-08-24,True
N002601,C002521,welcome,,2026-09-02,False
N002602,C002522,welcome,,2026-09-12,False
N002603,C002523,welcome,,2026-07-17,True
N002604,C002524,welcome,,2026-08-18,True
N002605,C002525,welcome,,2026-07-10,False
N002606,C002526,welcome,,2026-09-11,True
N002607,C002527,welcome,,2026-07-31,False
N002608,C002528,welcome,,2026-08-20,False
N002609,C002529,welcome,,2026-09-12,True
N002610,C002530,welcome,,2026-08-25,False
N002611,C002531,welcome,,2026-07-17,True
N002612,C002532,welcome,,2026-07-10,True
N002613,C002532,compliance_change,INS001,2026-08-03,True
N002614,C002533,welcome,,2026-08-06,True
N002615,C002534,welcome,,2026-09-18,True
N002616,C002535,welcome,,2026-08-08,False
N002617,C002536,welcome,,2026-09-20,True
N002618,C002537,welcome,,2026-09-11,True
N002619,C002538,welcome,,2026-09-15,False
N002620,C002539,welcome,,2026-08-20,False
N002621,C002540,welcome,,2026-08-03,False
N002622,C002541,welcome,,2026-08-14,True
N002623,C002542,welcome,,2026-08-15,True
N002624,C002543,welcome,,2026-07-30,True
N002625,C002544,welcome,,2026-08-14,False
N002626,C002545,welcome,,2026-08-11,True
N002627,C002546,welcome,,2026-08-09,True
N002628,C002547,welcome,,2026-07-28,True
N002629,C002548,welcome,,2026-07-18,True
N002630,C002549,welcome,,2026-07-31,True
N002631,C002550,welcome,,2026-07-05,True
N002632,C002550,compliance_change,INS001,2026-08-03,True
N002633,C002551,welcome,,2026-08-16,False
N002634,C002552,welcome,,2026-09-02,True
N002635,C002553,welcome,,2026-09-03,False
N002636,C002554,welcome,,2026-09-01,False
N002637,C002555,welcome,,2026-08-07,False
N002638,C002556,welcome,,2026-08-14,True
N002639,C002557,welcome,,2026-09-23,True
N002640,C002558,welcome,,2026-07-30,False
N002641,C002559,welcome,,2026-09-26,True
N002642,C002560,welcome,,2026-09-04,True
N002643,C002561,welcome,,2026-08-09,True
N002644,C002562,welcome,,2026-09-03,False
N002645,C002563,welcome,,2026-07-11,True
N002646,C002564,welcome,,2026-08-04,False
N002647,C002565,welcome,,2026-07-20,False
N002648,C002566,welcome,,2026-07-09,True
N002649,C002567,welcome,,2026-09-30,False
N002650,C002568,welcome,,2026-07-22,False
N002651,C002569,welcome,,2026-07-24,True
N002652,C002570,welcome,,2026-09-20,False
N002653,C002571,welcome,,2026-08-07,False
N002654,C002572,welcome,,2026-08-31,True
N002655,C002573,welcome,,2026-09-29,True
N002656,C002574,welcome,,2026-09-16,False
N002657,C002575,welcome,,2026-08-13,False
N002658,C002576,welcome,,2026-08-17,True
N002659,C002577,welcome,,2026-07-26,True
N002660,C002578,welcome,,2026-07-17,True
N002661,C002579,welcome,,2026-09-13,False
N002662,C002580,welcome,,2026-09-15,False
N002663,C002581,welcome,,2026-08-04,True
N002664,C002582,welcome,,2026-08-06,False
N002665,C002583,welcome,,2026-09-26,False
N002666,C002584,welcome,,2026-07-27,True
N002667,C002585,welcome,,2026-09-28,False
N002668,C002586,welcome,,2026-07-18,True
N002669,C002586,compliance_change,INS001,2026-08-03,True
N002670,C002587,welcome,,2026-08-30,True
N002671,C002588,welcome,,2026-09-19,False
N002672,C002589,welcome,,2026-08-18,True
N002673,C002590,welcome,,2026-08-04,True
N002674,C002591,welcome,,2026-08-01,True
N002675,C002592,welcome,,2026-08-04,True
N002676,C002593,welcome,,2026-07-15,False
N002677,C002594,welcome,,2026-08-07,True
N002678,C002595,welcome,,2026-07-06,False
N002679,C002596,welcome,,2026-09-17,True
N002680,C002597,welcome,,2026-09-14,False
N002681,C002598,welcome,,2026-09-24,True
N002682,C002599,welcome,,2026-08-26,True
N002683,C002600,welcome,,2026-09-14,True
N002684,C002601,welcome,,2026-09-27,True
N002685,C002602,welcome,,2026-09-11,False
N002686,C002603,welcome,,2026-09-12,True
N002687,C002604,welcome,,2026-08-23,True
N002688,C002605,welcome,,2026-07-09,False
N002689,C002606,welcome,,2026-08-01,True
N002690,C002607,welcome,,2026-08-16,True
N002691,C002608,welcome,,2026-09-12,True
N002692,C002609,welcome,,2026-08-14,False
N002693,C002610,welcome,,2026-08-08,True
N002694,C002611,welcome,,2026-08-14,True
N002695,C002612,welcome,,2026-07-23,True
N002696,C002613,welcome,,2026-07-10,True
N002697,C002613,compliance_change,INS001,2026-08-03,True
N002698,C002614,welcome,,2026-08-03,True
N002699,C002615,welcome,,2026-07-04,False
N002700,C002616,welcome,,2026-07-28,True
N002701,C002617,welcome,,2026-08-22,False
N002702,C002618,welcome,,2026-09-06,True
N002703,C002619,welcome,,2026-09-27,False
N002704,C002620,welcome,,2026-07-30,True
N002705,C002621,welcome,,2026-07-28,False
N002706,C002621,compliance_change,INS001,2026-08-03,True
N002707,C002622,welcome,,2026-09-06,False
N002708,C002623,welcome,,2026-09-19,False
N002709,C002624,welcome,,2026-09-20,True
N002710,C002625,welcome,,2026-09-05,False
N002711,C002626,welcome,,2026-09-10,True
N002712,C002627,welcome,,2026-07-23,False
N002713,C002628,welcome,,2026-09-02,False
N002714,C002629,welcome,,2026-08-23,True
N002715,C002630,welcome,,2026-09-24,False
N002716,C002631,welcome,,2026-09-19,True
N002717,C002632,welcome,,2026-07-05,True
N002718,C002633,welcome,,2026-09-01,False
N002719,C002634,welcome,,2026-07-13,True
N002720,C002635,welcome,,2026-08-04,False
N002721,C002636,welcome,,2026-07-19,True
N002722,C002637,welcome,,2026-07-29,True
N002723,C002638,welcome,,2026-07-20,False
N002724,C002639,welcome,,2026-09-07,True
N002725,C002640,welcome,,2026-07-23,False
N002726,C002641,welcome,,2026-09-18,True
N002727,C002642,welcome,,2026-08-01,False
N002728,C002643,welcome,,2026-07-07,False
N002729,C002644,welcome,,2026-07-27,False
N002730,C002645,welcome,,2026-07-05,False
N002731,C002646,welcome,,2026-07-08,False
N002732,C002647,welcome,,2026-07-20,True
N002733,C002648,welcome,,2026-09-04,True
N002734,C002649,welcome,,2026-09-27,True
N002735,C002650,welcome,,2026-09-09,False
N002736,C002651,welcome,,2026-08-04,True
N002737,C002652,welcome,,2026-08-21,True
N002738,C002653,welcome,,2026-09-29,True
N002739,C002654,welcome,,2026-07-18,True
N002740,C002655,welcome,,2026-07-06,True
N002741,C002656,welcome,,2026-07-26,True
N002742,C002657,welcome,,2026-07-10,True
N002743,C002658,welcome,,2026-09-05,True
N002744,C002659,welcome,,2026-07-09,True
N002745,C002660,welcome,,2026-07-15,True
N002746,C002661,welcome,,2026-08-23,True
N002747,C002662,welcome,,2026-08-09,False
N002748,C002663,welcome,,2026-09-05,True
N002749,C002664,welcome,,2026-08-28,False
N002750,C002665,welcome,,2026-09-05,False
N002751,C002666,welcome,,2026-08-17,False
N002752,C002667,welcome,,2026-09-26,False
N002753,C002668,welcome,,2026-08-26,True
N002754,C002669,welcome,,2026-07-16,True
N002755,C002670,welcome,,2026-09-01,False
N002756,C002671,welcome,,2026-09-24,True
N002757,C002672,welcome,,2026-08-31,False
N002758,C002673,welcome,,2026-07-13,True
N002759,C002674,welcome,,2026-07-12,False
N002760,C002675,welcome,,2026-09-14,False
N002761,C002676,welcome,,2026-07-10,False
N002762,C002677,welcome,,2026-07-06,True
N002763,C002678,welcome,,2026-08-14,True
N002764,C002679,welcome,,2026-08-17,True
N002765,C002680,welcome,,2026-08-10,True
N002766,C002681,welcome,,2026-09-16,True
N002767,C002682,welcome,,2026-09-16,True
N002768,C002683,welcome,,2026-08-01,False
N002769,C002684,welcome,,2026-08-18,True
N002770,C002685,welcome,,2026-08-13,False
N002771,C002686,welcome,,2026-08-09,False
N002772,C002687,welcome,,2026-07-06,True
N002773,C002688,welcome,,2026-08-09,False
N002774,C002689,welcome,,2026-08-08,True
N002775,C002690,welcome,,2026-09-12,True
N002776,C002691,welcome,,2026-08-13,False
N002777,C002692,welcome,,2026-07-13,True
N002778,C002693,welcome,,2026-07-03,False
N002779,C002694,welcome,,2026-09-19,False
N002780,C002695,welcome,,2026-07-22,False
N002781,C002696,welcome,,2026-07-14,False
N002782,C002697,welcome,,2026-08-24,False
N002783,C002698,welcome,,2026-07-12,True
N002784,C002699,welcome,,2026-08-02,False
N002785,C002700,welcome,,2026-09-19,False
N002786,C002701,welcome,,2026-07-27,True
N002787,C002702,welcome,,2026-08-24,True
N002788,C002703,welcome,,2026-09-05,False
N002789,C002704,welcome,,2026-07-31,True
N002790,C002705,welcome,,2026-09-30,True
N002791,C002706,welcome,,2026-07-31,True
N002792,C002707,welcome,,2026-08-23,False
N002793,C002708,welcome,,2026-07-06,True
N002794,C002709,welcome,,2026-08-23,True
N002795,C002710,welcome,,2026-07-12,True
N002796,C002711,welcome,,2026-07-14,False
N002797,C002712,welcome,,2026-09-17,True
N002798,C002713,welcome,,2026-09-08,True
N002799,C002714,welcome,,2026-09-21,True
N002800,C002715,welcome,,2026-07-05,False
N002801,C002716,welcome,,2026-09-20,True
N002802,C002717,welcome,,2026-08-20,True
N002803,C002718,welcome,,2026-09-08,True
N002804,C002719,welcome,,2026-08-26,False
N002805,C002720,welcome,,2026-09-12,False
N002806,C002721,welcome,,2026-07-07,False
N002807,C002722,welcome,,2026-08-04,True
N002808,C002723,welcome,,2026-09-29,False
N002809,C002724,welcome,,2026-09-30,False
N002810,C002725,welcome,,2026-07-15,False
N002811,C002726,welcome,,2026-08-01,True
N002812,C002727,welcome,,2026-08-27,False
N002813,C002728,welcome,,2026-09-13,False
N002814,C002729,welcome,,2026-07-16,False
N002815,C002730,welcome,,2026-09-05,True
N002816,C002731,welcome,,2026-07-14,True
N002817,C002732,welcome,,2026-07-20,True
N002818,C002733,welcome,,2026-08-08,False
N002819,C002734,welcome,,2026-07-03,False
N002820,C002735,welcome,,2026-07-04,False
N002821,C002736,welcome,,2026-08-23,True
N002822,C002737,welcome,,2026-08-20,True
N002823,C002738,welcome,,2026-09-18,False
N002824,C002739,welcome,,2026-09-15,True
N002825,C002740,welcome,,2026-09-08,True
N002826,C002741,welcome,,2026-07-13,True
N002827,C002742,welcome,,2026-09-18,False
N002828,C002743,welcome,,2026-07-07,False
N002829,C002744,welcome,,2026-09-25,False
N002830,C002745,welcome,,2026-08-09,False
N002831,C002746,welcome,,2026-08-16,False
N002832,C002747,welcome,,2026-07-15,False
N002833,C002748,welcome,,2026-07-22,False
N002834,C002749,welcome,,2026-09-17,False
N002835,C002750,welcome,,2026-07-15,True
N002836,C002751,welcome,,2026-07-28,True
N002837,C002752,welcome,,2026-07-29,True
N002838,C002753,welcome,,2026-08-05,True
N002839,C002754,welcome,,2026-09-17,True
N002840,C002755,welcome,,2026-08-13,False
N002841,C002756,welcome,,2026-09-08,True
N002842,C002757,welcome,,2026-08-04,False
N002843,C002758,welcome,,2026-07-05,False
N002844,C002759,welcome,,2026-08-08,False
N002845,C002760,welcome,,2026-09-29,True
N002846,C002761,welcome,,2026-07-07,True
N002847,C002762,welcome,,2026-07-28,True
N002848,C002763,welcome,,2026-07-20,False
N002849,C002764,welcome,,2026-09-05,False
N002850,C002765,welcome,,2026-08-26,True
N002851,C002766,welcome,,2026-08-13,True
N002852,C002767,welcome,,2026-08-26,True
N002853,C002768,welcome,,2026-08-11,False
N002854,C002769,welcome,,2026-07-30,False
N002855,C002769,compliance_change,INS001,2026-08-03,False
N002856,C002770,welcome,,2026-08-18,False
N002857,C002771,welcome,,2026-08-09,True
N002858,C002772,welcome,,2026-07-15,True
N002859,C002773,welcome,,2026-09-02,False
N002860,C002774,welcome,,2026-08-16,True
N002861,C002775,welcome,,2026-07-20,True
N002862,C002776,welcome,,2026-09-09,False
N002863,C002777,welcome,,2026-08-14,True
N002864,C002778,welcome,,2026-07-17,True
N002865,C002779,welcome,,2026-07-05,False
N002866,C002780,welcome,,2026-09-18,True
N002867,C002781,welcome,,2026-09-06,True
N002868,C002782,welcome,,2026-07-30,False
N002869,C002783,welcome,,2026-09-12,False
N002870,C002784,welcome,,2026-08-14,True
N002871,C002785,welcome,,2026-08-23,True
N002872,C002786,welcome,,2026-08-17,False
N002873,C002787,welcome,,2026-07-25,True
N002874,C002788,welcome,,2026-07-03,True
N002875,C002789,welcome,,2026-07-20,False
N002876,C002790,welcome,,2026-08-08,True
N002877,C002791,welcome,,2026-09-14,True
N002878,C002792,welcome,,2026-08-12,True
N002879,C002793,welcome,,2026-09-27,True
N002880,C002794,welcome,,2026-07-05,False
N002881,C002795,welcome,,2026-07-05,True
N002882,C002796,welcome,,2026-08-12,False
N002883,C002797,welcome,,2026-09-14,True
N002884,C002798,welcome,,2026-07-16,False
N002885,C002799,welcome,,2026-07-09,True
N002886,C002800,welcome,,2026-09-07,True
N002887,C002801,welcome,,2026-07-04,False
N002888,C002801,compliance_change,INS001,2026-08-03,False
N002889,C002802,welcome,,2026-08-03,True
N002890,C002803,welcome,,2026-09-06,False
N002891,C002804,welcome,,2026-09-02,True
N002892,C002805,welcome,,2026-09-26,True
N002893,C002806,welcome,,2026-07-20,False
N002894,C002807,welcome,,2026-08-12,False
N002895,C002808,welcome,,2026-07-10,True
N002896,C002809,welcome,,2026-07-10,False
N002897,C002810,welcome,,2026-08-01,True
N002898,C002811,welcome,,2026-09-29,True
N002899,C002812,welcome,,2026-09-23,True
N002900,C002813,welcome,,2026-08-08,False
N002901,C002814,welcome,,2026-09-30,True
N002902,C002815,welcome,,2026-09-17,True
N002903,C002816,welcome,,2026-09-13,True
N002904,C002817,welcome,,2026-07-11,True
N002905,C002818,welcome,,2026-09-04,True
N002906,C002819,welcome,,2026-07-06,True
N002907,C002819,compliance_change,INS001,2026-08-03,True
N002908,C002820,welcome,,2026-07-27,False
N002909,C002821,welcome,,2026-07-04,True
N002910,C002822,welcome,,2026-08-31,True
N002911,C002823,welcome,,2026-07-22,False
N002912,C002824,welcome,,2026-09-22,True
N002913,C002825,welcome,,2026-09-21,False
N002914,C002826,welcome,,2026-09-07,True
N002915,C002827,welcome,,2026-08-28,False
N002916,C002828,welcome,,2026-07-22,True
N002917,C002829,welcome,,2026-09-23,False
N002918,C002830,welcome,,2026-08-02,True
N002919,C002831,welcome,,2026-08-15,False
N002920,C002832,welcome,,2026-08-21,True
N002921,C002833,welcome,,2026-09-06,True
N002922,C002834,welcome,,2026-08-23,True
N002923,C002835,welcome,,2026-08-15,True
N002924,C002836,welcome,,2026-07-15,True
N002925,C002837,welcome,,2026-08-05,True
N002926,C002838,welcome,,2026-08-21,False
N002927,C002839,welcome,,2026-09-24,True
N002928,C002840,welcome,,2026-07-24,True
N002929,C002841,welcome,,2026-07-07,False
N002930,C002842,welcome,,2026-07-09,True
N002931,C002842,compliance_change,INS001,2026-08-03,True
N002932,C002843,welcome,,2026-08-30,True
N002933,C002844,welcome,,2026-09-06,True
N002934,C002845,welcome,,2026-07-02,False
N002935,C002845,compliance_change,INS001,2026-08-03,True
N002936,C002846,welcome,,2026-07-05,False
N002937,C002847,welcome,,2026-08-01,False
N002938,C002848,welcome,,2026-09-15,True
N002939,C002849,welcome,,2026-09-15,False
N002940,C002850,welcome,,2026-09-20,True
N002941,C002851,welcome,,2026-07-01,False
N002942,C002852,welcome,,2026-07-28,False
N002943,C002853,welcome,,2026-08-05,True
N002944,C002854,welcome,,2026-09-10,False
N002945,C002855,welcome,,2026-09-02,False
N002946,C002856,welcome,,2026-07-11,False
N002947,C002857,welcome,,2026-07-26,True
N002948,C002858,welcome,,2026-08-30,False
N002949,C002859,welcome,,2026-07-24,False
N002950,C002860,welcome,,2026-08-05,True
N002951,C002861,welcome,,2026-07-06,False
N002952,C002862,welcome,,2026-09-14,False
N002953,C002863,welcome,,2026-07-26,True
N002954,C002864,welcome,,2026-09-18,True
N002955,C002865,welcome,,2026-09-14,True
N002956,C002866,welcome,,2026-09-29,False
N002957,C002867,welcome,,2026-09-29,True
N002958,C002868,welcome,,2026-08-27,False
N002959,C002869,welcome,,2026-08-30,True
N002960,C002870,welcome,,2026-09-07,False
N002961,C002871,welcome,,2026-09-28,True
N002962,C002872,welcome,,2026-08-04,False
N002963,C002873,welcome,,2026-08-23,False
N002964,C002874,welcome,,2026-07-30,False
N002965,C002875,welcome,,2026-07-20,False
N002966,C002876,welcome,,2026-08-30,False
N002967,C002877,welcome,,2026-07-25,False
N002968,C002878,welcome,,2026-07-22,True
N002969,C002879,welcome,,2026-09-15,True
N002970,C002880,welcome,,2026-09-26,True
N002971,C002881,welcome,,2026-08-27,True
N002972,C002882,welcome,,2026-07-11,True
N002973,C002883,welcome,,2026-07-04,True
N002974,C002883,compliance_change,INS001,2026-08-03,True
N002975,C002884,welcome,,2026-09-15,False
N002976,C002885,welcome,,2026-09-19,False
N002977,C002886,welcome,,2026-08-09,True
N002978,C002887,welcome,,2026-09-24,False
N002979,C002888,welcome,,2026-09-19,False
N002980,C002889,welcome,,2026-09-23,True
N002981,C002890,welcome,,2026-07-14,True
N002982,C002891,welcome,,2026-09-11,True
N002983,C002892,welcome,,2026-08-10,False
N002984,C002893,welcome,,2026-07-06,True
N002985,C002894,welcome,,2026-07-07,True
N002986,C002895,welcome,,2026-07-22,False
N002987,C002896,welcome,,2026-08-30,False
N002988,C002897,welcome,,2026-09-26,True
N002989,C002898,welcome,,2026-07-16,False
N002990,C002899,welcome,,2026-07-13,True
N002991,C002900,welcome,,2026-09-26,False
N002992,C002901,welcome,,2026-09-07,True
N002993,C002902,welcome,,2026-07-18,True
N002994,C002903,welcome,,2026-07-13,False
N002995,C002904,welcome,,2026-07-17,True
N002996,C002905,welcome,,2026-09-10,True
N002997,C002906,welcome,,2026-07-31,True
N002998,C002907,welcome,,2026-08-24,True
N002999,C002908,welcome,,2026-08-17,True
N003000,C002909,welcome,,2026-09-13,True
N003001,C002910,welcome,,2026-08-24,True
N003002,C002911,welcome,,2026-09-14,True
N003003,C002912,welcome,,2026-09-28,False
N003004,C002913,welcome,,2026-09-29,True
N003005,C002914,welcome,,2026-07-19,True
N003006,C002914,compliance_change,INS001,2026-08-03,True
N003007,C002915,welcome,,2026-09-16,True
N003008,C002916,welcome,,2026-07-23,True
N003009,C002917,welcome,,2026-09-24,False
N003010,C002918,welcome,,2026-08-31,True
N003011,C002919,welcome,,2026-08-04,False
N003012,C002920,welcome,,2026-07-14,False
N003013,C002921,welcome,,2026-07-06,False
N003014,C002922,welcome,,2026-09-24,False
N003015,C002923,welcome,,2026-07-04,True
N003016,C002924,welcome,,2026-08-15,False
N003017,C002925,welcome,,2026-09-10,True
N003018,C002926,welcome,,2026-07-19,False
N003019,C002927,welcome,,2026-08-24,False
N003020,C002928,welcome,,2026-09-07,False
N003021,C002929,welcome,,2026-07-26,False
N003022,C002930,welcome,,2026-07-11,True
N003023,C002931,welcome,,2026-09-26,False
N003024,C002932,welcome,,2026-08-23,False
N003025,C002933,welcome,,2026-07-10,False
N003026,C002934,welcome,,2026-09-27,False
N003027,C002935,welcome,,2026-08-11,False
N003028,C002936,welcome,,2026-08-30,True
N003029,C002937,welcome,,2026-09-29,True
N003030,C002938,welcome,,2026-08-25,False
N003031,C002939,welcome,,2026-07-21,False
N003032,C002940,welcome,,2026-08-27,True
N003033,C002941,welcome,,2026-07-07,True
N003034,C002942,welcome,,2026-07-30,True
N003035,C002943,welcome,,2026-08-05,True
N003036,C002944,welcome,,2026-08-26,False
N003037,C002945,welcome,,2026-09-13,True
N003038,C002946,welcome,,2026-09-08,False
N003039,C002947,welcome,,2026-07-21,True
N003040,C002948,welcome,,2026-07-26,False
N003041,C002949,welcome,,2026-07-07,True
N003042,C002949,compliance_change,INS001,2026-08-03,True
N003043,C002950,welcome,,2026-08-22,False
N003044,C002951,welcome,,2026-09-23,True
N003045,C002952,welcome,,2026-08-14,True
N003046,C002953,welcome,,2026-09-20,False
N003047,C002954,welcome,,2026-08-23,True
N003048,C002955,welcome,,2026-07-29,False
N003049,C002956,welcome,,2026-07-29,True
N003050,C002957,welcome,,2026-09-11,True
N003051,C002958,welcome,,2026-07-26,True
N003052,C002959,welcome,,2026-07-14,False
N003053,C002960,welcome,,2026-09-24,True
N003054,C002961,welcome,,2026-07-16,True
N003055,C002962,welcome,,2026-08-10,False
N003056,C002963,welcome,,2026-07-20,True
N003057,C002964,welcome,,2026-08-25,True
N003058,C002965,welcome,,2026-09-29,False
N003059,C002966,welcome,,2026-07-22,True
N003060,C002967,welcome,,2026-09-22,True
N003061,C002968,welcome,,2026-08-19,True
N003062,C002969,welcome,,2026-09-21,False
N003063,C002970,welcome,,2026-07-07,True
N003064,C002971,welcome,,2026-08-27,False
N003065,C002972,welcome,,2026-07-11,False
N003066,C002973,welcome,,2026-08-26,True
N003067,C002974,welcome,,2026-07-25,True
N003068,C002975,welcome,,2026-09-01,False
N003069,C002976,welcome,,2026-09-11,True
N003070,C002977,welcome,,2026-07-17,False
N003071,C002978,welcome,,2026-08-09,False
N003072,C002979,welcome,,2026-09-20,True
N003073,C002980,welcome,,2026-09-08,True
N003074,C002981,welcome,,2026-09-28,True
N003075,C002982,welcome,,2026-08-26,True
N003076,C002983,welcome,,2026-08-31,False
N003077,C002984,welcome,,2026-09-11,False
N003078,C002985,welcome,,2026-08-26,True
N003079,C002986,welcome,,2026-08-03,False
N003080,C002987,welcome,,2026-09-12,True
N003081,C002988,welcome,,2026-08-08,True
N003082,C002989,welcome,,2026-08-14,False
N003083,C002990,welcome,,2026-08-09,False
N003084,C002991,welcome,,2026-07-14,True
N003085,C002992,welcome,,2026-08-28,True
N003086,C002993,welcome,,2026-07-04,False
N003087,C002994,welcome,,2026-07-19,True
N003088,C002995,welcome,,2026-09-19,False
N003089,C002996,welcome,,2026-07-07,True
N003090,C002997,welcome,,2026-08-16,False
N003091,C002998,welcome,,2026-08-07,False
N003092,C002999,welcome,,2026-07-23,False
N003093,C003000,welcome,,2026-09-27,False
N003094,C003001,welcome,,2026-09-15,False
N003095,C003002,welcome,,2026-08-01,False
N003096,C003003,welcome,,2026-09-20,True
N003097,C003004,welcome,,2026-09-29,True
N003098,C003005,welcome,,2026-09-05,True
N003099,C003006,welcome,,2026-07-18,False
N003100,C003007,welcome,,2026-09-22,True
N003101,C003008,welcome,,2026-07-28,True
N003102,C003009,welcome,,2026-07-23,True
N003103,C003010,welcome,,2026-07-10,False
N003104,C003010,compliance_change,INS001,2026-08-03,True
N003105,C003011,welcome,,2026-09-27,False
N003106,C003012,welcome,,2026-07-07,False
N003107,C003013,welcome,,2026-07-20,True
N003108,C003013,compliance_change,INS001,2026-08-03,True
N003109,C003014,welcome,,2026-08-09,False
N003110,C003015,welcome,,2026-08-07,True
N003111,C003016,welcome,,2026-07-05,False
N003112,C003017,welcome,,2026-09-23,True
N003113,C003018,welcome,,2026-09-28,False
N003114,C003019,welcome,,2026-07-31,False
N003115,C003020,welcome,,2026-07-19,False
N003116,C003021,welcome,,2026-07-04,True
N003117,C003022,welcome,,2026-08-17,False
N003118,C003023,welcome,,2026-07-29,False
N003119,C003024,welcome,,2026-09-01,True
N003120,C003025,welcome,,2026-08-01,True
N003121,C003026,welcome,,2026-07-31,True
N003122,C003027,welcome,,2026-07-14,False
N003123,C003028,welcome,,2026-08-08,False
N003124,C003029,welcome,,2026-08-23,False
N003125,C003030,welcome,,2026-09-12,True
N003126,C003031,welcome,,2026-08-30,False
N003127,C003032,welcome,,2026-07-02,False
N003128,C003033,welcome,,2026-08-26,False
N003129,C003034,welcome,,2026-07-15,False
N003130,C003035,welcome,,2026-07-26,True
N003131,C003036,welcome,,2026-08-23,True
N003132,C003037,welcome,,2026-09-03,False
N003133,C003038,welcome,,2026-09-29,False
N003134,C003039,welcome,,2026-09-03,True
N003135,C003040,welcome,,2026-08-31,True
N003136,C003041,welcome,,2026-07-01,True
N003137,C003042,welcome,,2026-09-19,False
N003138,C003043,welcome,,2026-09-12,False
N003139,C003044,welcome,,2026-09-24,False
N003140,C003045,welcome,,2026-08-07,True
N003141,C003046,welcome,,2026-08-15,False
N003142,C003047,welcome,,2026-08-23,False
N003143,C003048,welcome,,2026-08-24,True
N003144,C003049,welcome,,2026-09-06,True
N003145,C003050,welcome,,2026-09-25,True
N003146,C003051,welcome,,2026-09-06,True
N003147,C003052,welcome,,2026-08-26,True
N003148,C003053,welcome,,2026-08-31,True
N003149,C003054,welcome,,2026-08-12,False
N003150,C003055,welcome,,2026-08-03,False
N003151,C003056,welcome,,2026-07-27,True
N003152,C003057,welcome,,2026-08-01,False
N003153,C003058,welcome,,2026-09-20,True
N003154,C003059,welcome,,2026-07-17,False
N003155,C003060,welcome,,2026-08-28,False
N003156,C003061,welcome,,2026-07-31,False
N003157,C003062,welcome,,2026-08-27,False
N003158,C003063,welcome,,2026-08-01,True
N003159,C003064,welcome,,2026-07-14,True
N003160,C003065,welcome,,2026-08-29,False
N003161,C003066,welcome,,2026-07-07,False
N003162,C003067,welcome,,2026-08-13,False
N003163,C003068,welcome,,2026-08-25,True
N003164,C003069,welcome,,2026-08-10,True
N003165,C003070,welcome,,2026-07-24,False
N003166,C003071,welcome,,2026-07-21,True
N003167,C003072,welcome,,2026-08-02,True
N003168,C003073,welcome,,2026-09-17,False
N003169,C003074,welcome,,2026-07-19,True
N003170,C003075,welcome,,2026-09-27,False
N003171,C003076,welcome,,2026-08-21,False
N003172,C003077,welcome,,2026-08-09,False
N003173,C003078,welcome,,2026-08-16,True
N003174,C003079,welcome,,2026-08-02,True
N003175,C003080,welcome,,2026-09-23,True
N003176,C003081,welcome,,2026-08-30,True
N003177,C003082,welcome,,2026-08-06,True
N003178,C003083,welcome,,2026-07-15,True
N003179,C003084,welcome,,2026-08-12,True
N003180,C003085,welcome,,2026-09-02,True
N003181,C003086,welcome,,2026-09-11,True
N003182,C003087,welcome,,2026-07-19,False
N003183,C003088,welcome,,2026-07-28,False
N003184,C003089,welcome,,2026-07-14,True
N003185,C003090,welcome,,2026-07-11,True
N003186,C003091,welcome,,2026-08-31,False
N003187,C003092,welcome,,2026-09-21,False
N003188,C003093,welcome,,2026-08-03,True
N003189,C003094,welcome,,2026-08-12,False
N003190,C003095,welcome,,2026-09-30,False
N003191,C003096,welcome,,2026-09-11,False
N003192,C003097,welcome,,2026-07-15,True
N003193,C003098,welcome,,2026-09-01,False
N003194,C003099,welcome,,2026-07-10,True
N003195,C003100,welcome,,2026-07-12,True
N003196,C003101,welcome,,2026-07-08,True
N003197,C003102,welcome,,2026-08-22,True
N003198,C003103,welcome,,2026-08-24,True
N003199,C003104,welcome,,2026-08-28,False
N003200,C003105,welcome,,2026-08-16,True
N003201,C003106,welcome,,2026-08-06,False
N003202,C003107,welcome,,2026-07-17,True
N003203,C003108,welcome,,2026-07-06,True
N003204,C003109,welcome,,2026-09-11,True
N003205,C003110,welcome,,2026-08-26,False
N003206,C003111,welcome,,2026-07-27,True
N003207,C003112,welcome,,2026-09-14,True
N003208,C003113,welcome,,2026-07-16,False
N003209,C003114,welcome,,2026-07-13,False
N003210,C003115,welcome,,2026-09-10,True
N003211,C003116,welcome,,2026-07-27,False
N003212,C003117,welcome,,2026-08-14,False
N003213,C003118,welcome,,2026-07-27,False
N003214,C003119,welcome,,2026-08-28,False
N003215,C003120,welcome,,2026-08-09,False
N003216,C003121,welcome,,2026-09-24,False
N003217,C003122,welcome,,2026-08-01,False
N003218,C003123,welcome,,2026-07-17,False
N003219,C003124,welcome,,2026-09-11,False
N003220,C003125,welcome,,2026-07-08,True
N003221,C003126,welcome,,2026-07-24,True
N003222,C003127,welcome,,2026-08-29,False
N003223,C003128,welcome,,2026-09-10,False
N003224,C003129,welcome,,2026-09-11,False
N003225,C003130,welcome,,2026-09-24,True
N003226,C003131,welcome,,2026-08-22,True
N003227,C003132,welcome,,2026-09-19,True
N003228,C003133,welcome,,2026-08-30,True
N003229,C003134,welcome,,2026-09-23,True
N003230,C003135,welcome,,2026-07-03,True
N003231,C003136,welcome,,2026-09-18,False
N003232,C003137,welcome,,2026-07-02,False
N003233,C003138,welcome,,2026-08-22,True
N003234,C003139,welcome,,2026-09-01,True
N003235,C003140,welcome,,2026-08-03,True
N003236,C003141,welcome,,2026-07-23,True
N003237,C003142,welcome,,2026-08-02,True
N003238,C003143,welcome,,2026-09-09,False
N003239,C003144,welcome,,2026-09-21,True
N003240,C003145,welcome,,2026-08-24,True
N003241,C003146,welcome,,2026-08-22,False
N003242,C003147,welcome,,2026-08-18,False
N003243,C003148,welcome,,2026-08-09,False
N003244,C003149,welcome,,2026-09-25,True
N003245,C003150,welcome,,2026-07-11,True
N003246,C003151,welcome,,2026-07-10,False
N003247,C003152,welcome,,2026-08-12,False
N003248,C003153,welcome,,2026-08-31,True
N003249,C003154,welcome,,2026-08-17,False
N003250,C003155,welcome,,2026-09-21,True
N003251,C003156,welcome,,2026-08-04,True
N003252,C003157,welcome,,2026-07-19,True
N003253,C003158,welcome,,2026-09-05,False
N003254,C003159,welcome,,2026-07-22,True
N003255,C003160,welcome,,2026-07-20,True
N003256,C003161,welcome,,2026-07-06,True
N003257,C003161,compliance_change,INS001,2026-08-03,True
N003258,C003162,welcome,,2026-07-10,False
N003259,C003163,welcome,,2026-08-04,False
N003260,C003164,welcome,,2026-09-16,True
N003261,C003165,welcome,,2026-08-19,False
N003262,C003166,welcome,,2026-09-01,True
N003263,C003167,welcome,,2026-09-07,False
N003264,C003168,welcome,,2026-09-08,False
N003265,C003169,welcome,,2026-09-15,True
N003266,C003170,welcome,,2026-09-22,False
N003267,C003171,welcome,,2026-07-29,False
N003268,C003172,welcome,,2026-08-17,True
N003269,C003173,welcome,,2026-09-05,False
N003270,C003174,welcome,,2026-09-02,True
N003271,C003175,welcome,,2026-09-18,False
N003272,C003176,welcome,,2026-07-19,True
N003273,C003177,welcome,,2026-08-02,True
N003274,C003178,welcome,,2026-09-15,False
N003275,C003179,welcome,,2026-07-07,False
N003276,C003179,compliance_change,INS001,2026-08-03,True
N003277,C003180,welcome,,2026-08-27,True
N003278,C003181,welcome,,2026-07-18,False
N003279,C003182,welcome,,2026-08-20,False
N003280,C003183,welcome,,2026-08-16,True
N003281,C003184,welcome,,2026-09-02,False
N003282,C003185,welcome,,2026-07-10,False
N003283,C003186,welcome,,2026-09-03,False
N003284,C003187,welcome,,2026-07-25,False
N003285,C003188,welcome,,2026-08-25,True
N003286,C003189,welcome,,2026-09-28,True
N003287,C003190,welcome,,2026-07-21,False
N003288,C003191,welcome,,2026-07-29,False
N003289,C003192,welcome,,2026-09-23,False
N003290,C003193,welcome,,2026-08-16,False
N003291,C003194,welcome,,2026-07-13,True
N003292,C003195,welcome,,2026-07-06,True
N003293,C003196,welcome,,2026-07-04,True
N003294,C003197,welcome,,2026-09-11,True
N003295,C003198,welcome,,2026-08-21,True
N003296,C003199,welcome,,2026-07-22,False
N003297,C003199,compliance_change,INS001,2026-08-03,False
N003298,C003200,welcome,,2026-07-15,True
N003299,C003201,welcome,,2026-09-20,False
N003300,C003202,welcome,,2026-08-12,False
N003301,C003203,welcome,,2026-08-06,False
N003302,C003204,welcome,,2026-09-09,False
N003303,C003205,welcome,,2026-07-22,True
N003304,C003205,compliance_change,INS001,2026-08-03,True
N003305,C003206,welcome,,2026-08-09,True
N003306,C003207,welcome,,2026-08-25,False
N003307,C003208,welcome,,2026-09-07,False
N003308,C003209,welcome,,2026-08-16,False
N003309,C003210,welcome,,2026-09-25,True
N003310,C003211,welcome,,2026-07-07,True
N003311,C003212,welcome,,2026-08-09,True
N003312,C003213,welcome,,2026-09-29,False
N003313,C003214,welcome,,2026-08-11,False
N003314,C003215,welcome,,2026-08-30,True
N003315,C003216,welcome,,2026-08-16,True
N003316,C003217,welcome,,2026-07-09,True
N003317,C003218,welcome,,2026-08-09,True
N003318,C003219,welcome,,2026-09-21,True
N003319,C003220,welcome,,2026-08-11,True
N003320,C003221,welcome,,2026-08-02,False
N003321,C003222,welcome,,2026-07-08,True
N003322,C003223,welcome,,2026-07-06,False
N003323,C003224,welcome,,2026-07-15,False
N003324,C003225,welcome,,2026-09-26,True
N003325,C003226,welcome,,2026-07-10,True
N003326,C003227,welcome,,2026-09-15,False
N003327,C003228,welcome,,2026-07-27,True
N003328,C003229,welcome,,2026-07-05,False
N003329,C003230,welcome,,2026-08-24,False
N003330,C003231,welcome,,2026-08-23,False
N003331,C003232,welcome,,2026-08-09,False
N003332,C003233,welcome,,2026-09-20,False
N003333,C003234,welcome,,2026-09-23,False
N003334,C003235,welcome,,2026-09-27,False
N003335,C003236,welcome,,2026-07-18,True
N003336,C003237,welcome,,2026-09-21,True
N003337,C003238,welcome,,2026-09-17,False
N003338,C003239,welcome,,2026-08-26,False
N003339,C003240,welcome,,2026-08-02,True
N003340,C003241,welcome,,2026-07-20,False
N003341,C003242,welcome,,2026-07-30,True
N003342,C003243,welcome,,2026-07-29,False
N003343,C003244,welcome,,2026-07-18,False
N003344,C003245,welcome,,2026-07-13,True
N003345,C003246,welcome,,2026-07-04,True
N003346,C003247,welcome,,2026-07-07,False
N003347,C003248,welcome,,2026-08-03,False
N003348,C003249,welcome,,2026-07-30,False
N003349,C003250,welcome,,2026-08-11,True
N003350,C003251,welcome,,2026-07-30,True
N003351,C003251,compliance_change,INS001,2026-08-03,True
N003352,C003252,welcome,,2026-07-24,False
N003353,C003252,compliance_change,INS001,2026-08-03,True
N003354,C003253,welcome,,2026-09-21,True
N003355,C003254,welcome,,2026-07-29,False
N003356,C003255,welcome,,2026-08-29,False
N003357,C003256,welcome,,2026-09-02,False
N003358,C003257,welcome,,2026-07-31,False
N003359,C003258,welcome,,2026-07-14,False
N003360,C003259,welcome,,2026-07-21,False
N003361,C003259,compliance_change,INS001,2026-08-03,False
N003362,C003260,welcome,,2026-09-18,True
N003363,C003261,welcome,,2026-09-16,False
N003364,C003262,welcome,,2026-07-31,False
N003365,C003263,welcome,,2026-07-22,False
N003366,C003264,welcome,,2026-09-15,True
N003367,C003265,welcome,,2026-09-21,False
N003368,C003266,welcome,,2026-09-18,True
N003369,C003267,welcome,,2026-08-07,False
N003370,C003268,welcome,,2026-07-22,True
N003371,C003268,compliance_change,INS001,2026-08-03,True
N003372,C003269,welcome,,2026-09-16,False
N003373,C003270,welcome,,2026-08-18,False
N003374,C003271,welcome,,2026-09-05,True
N003375,C003272,welcome,,2026-09-28,True
N003376,C003273,welcome,,2026-08-20,True
N003377,C003274,welcome,,2026-08-05,True
N003378,C003275,welcome,,2026-08-08,False
N003379,C003276,welcome,,2026-09-14,False
N003380,C003277,welcome,,2026-07-28,True
N003381,C003278,welcome,,2026-09-29,False
N003382,C003279,welcome,,2026-08-09,False
N003383,C003280,welcome,,2026-09-07,False
N003384,C003281,welcome,,2026-08-13,False
N003385,C003282,welcome,,2026-09-16,True
N003386,C003283,welcome,,2026-09-07,True
N003387,C003284,welcome,,2026-08-03,False
N003388,C003285,welcome,,2026-09-25,True
N003389,C003286,welcome,,2026-07-19,False
N003390,C003287,welcome,,2026-07-20,False
N003391,C003288,welcome,,2026-07-27,False
N003392,C003289,welcome,,2026-07-07,False
N003393,C003290,welcome,,2026-09-15,False
N003394,C003291,welcome,,2026-08-19,False
N003395,C003292,welcome,,2026-07-22,True
N003396,C003292,compliance_change,INS001,2026-08-03,False
N003397,C003293,welcome,,2026-09-16,True
N003398,C003294,welcome,,2026-08-03,False
N003399,C003295,welcome,,2026-07-15,True
N003400,C003296,welcome,,2026-07-29,True
N003401,C003297,welcome,,2026-09-24,True
N003402,C003298,welcome,,2026-09-26,True
N003403,C003299,welcome,,2026-08-16,True
N003404,C003300,welcome,,2026-07-25,False
N003405,C003300,compliance_change,INS001,2026-08-03,False
N003406,C003301,welcome,,2026-07-21,False
N003407,C003302,welcome,,2026-08-04,True
N003408,C003303,welcome,,2026-07-07,False
N003409,C003303,compliance_change,INS001,2026-08-03,True
N003410,C003304,welcome,,2026-07-13,False
N003411,C003305,welcome,,2026-07-23,False
N003412,C003306,welcome,,2026-08-20,True
N003413,C003307,welcome,,2026-07-21,True
N003414,C003308,welcome,,2026-09-16,True
N003415,C003309,welcome,,2026-09-09,True
N003416,C003310,welcome,,2026-07-12,False
N003417,C003311,welcome,,2026-08-02,True
N003418,C003312,welcome,,2026-09-15,True
N003419,C003313,welcome,,2026-08-06,False
N003420,C003314,welcome,,2026-08-06,False
N003421,C003315,welcome,,2026-08-01,True
N003422,C003316,welcome,,2026-09-30,True
N003423,C003317,welcome,,2026-07-15,True
N003424,C003317,compliance_change,INS001,2026-08-03,False
N003425,C003318,welcome,,2026-09-28,True
N003426,C003319,welcome,,2026-08-10,False
N003427,C003320,welcome,,2026-07-23,False
N003428,C003320,compliance_change,INS001,2026-08-03,True
N003429,C003321,welcome,,2026-08-22,True
N003430,C003322,welcome,,2026-08-18,False
N003431,C003323,welcome,,2026-08-31,True
N003432,C003324,welcome,,2026-07-24,True
N003433,C003325,welcome,,2026-08-05,False
N003434,C003326,welcome,,2026-07-08,False
N003435,C003326,compliance_change,INS001,2026-08-03,False
N003436,C003327,welcome,,2026-08-14,False
N003437,C003328,welcome,,2026-08-22,True
N003438,C003329,welcome,,2026-08-12,True
N003439,C003330,welcome,,2026-09-20,True
N003440,C003331,welcome,,2026-07-27,True
N003441,C003332,welcome,,2026-08-03,True
N003442,C003333,welcome,,2026-08-20,True
N003443,C003334,welcome,,2026-09-30,False
N003444,C003335,welcome,,2026-08-08,False
N003445,C003336,welcome,,2026-08-08,True
N003446,C003337,welcome,,2026-09-14,True
N003447,C003338,welcome,,2026-08-06,True
N003448,C003339,welcome,,2026-08-31,True
N003449,C003340,welcome,,2026-09-25,True
N003450,C003341,welcome,,2026-07-22,False
N003451,C003342,welcome,,2026-08-31,True
N003452,C003343,welcome,,2026-09-02,True
N003453,C003344,welcome,,2026-09-18,True
N003454,C003345,welcome,,2026-09-14,True
N003455,C003346,welcome,,2026-09-28,False
N003456,C003347,welcome,,2026-08-31,False
N003457,C003348,welcome,,2026-07-26,True
N003458,C003349,welcome,,2026-08-08,True
N003459,C003350,welcome,,2026-09-17,True
N003460,C003351,welcome,,2026-08-20,True
N003461,C003352,welcome,,2026-08-22,False
N003462,C003353,welcome,,2026-09-09,False
N003463,C003354,welcome,,2026-08-03,True
N003464,C003355,welcome,,2026-07-31,True
N003465,C003356,welcome,,2026-07-09,True
N003466,C003357,welcome,,2026-07-09,True
N003467,C003357,compliance_change,INS001,2026-08-03,False
N003468,C003358,welcome,,2026-07-30,False
N003469,C003359,welcome,,2026-07-27,True
N003470,C003360,welcome,,2026-07-17,False
N003471,C003360,compliance_change,INS001,2026-08-03,True
N003472,C003361,welcome,,2026-09-05,False
N003473,C003362,welcome,,2026-09-26,True
N003474,C003363,welcome,,2026-07-09,False
N003475,C003363,compliance_change,INS001,2026-08-03,False
N003476,C003364,welcome,,2026-09-25,False
N003477,C003365,welcome,,2026-08-03,True
N003478,C003366,welcome,,2026-08-20,False
N003479,C003367,welcome,,2026-09-15,True
N003480,C003368,welcome,,2026-07-22,False
N003481,C003369,welcome,,2026-09-13,False
N003482,C003370,welcome,,2026-09-29,False
N003483,C003371,welcome,,2026-09-02,True
N003484,C003372,welcome,,2026-08-04,True
N003485,C003373,welcome,,2026-08-22,True
N003486,C003374,welcome,,2026-07-07,False
N003487,C003374,compliance_change,INS001,2026-08-03,False
N003488,C003375,welcome,,2026-08-18,False
N003489,C003376,welcome,,2026-09-24,False
N003490,C003377,welcome,,2026-09-26,False
N003491,C003378,welcome,,2026-09-22,True
N003492,C003379,welcome,,2026-07-24,True
N003493,C003380,welcome,,2026-07-21,True
N003494,C003380,compliance_change,INS001,2026-08-03,False
N003495,C003381,welcome,,2026-08-23,False
N003496,C003382,welcome,,2026-08-19,False
N003497,C003383,welcome,,2026-08-20,True
N003498,C003384,welcome,,2026-07-05,False
N003499,C003385,welcome,,2026-08-18,True
N003500,C003386,welcome,,2026-09-24,False
N003501,C003387,welcome,,2026-09-18,True
N003502,C003388,welcome,,2026-09-01,False
N003503,C003389,welcome,,2026-08-23,False
N003504,C003390,welcome,,2026-09-26,True
N003505,C003391,welcome,,2026-07-27,False
N003506,C003392,welcome,,2026-07-03,True
N003507,C003393,welcome,,2026-08-20,True
N003508,C003394,welcome,,2026-09-02,True
N003509,C003395,welcome,,2026-07-20,False
N003510,C003395,compliance_change,INS001,2026-08-03,False
N003511,C003396,welcome,,2026-09-18,False
N003512,C003397,welcome,,2026-09-26,True
N003513,C003398,welcome,,2026-07-26,True
N003514,C003398,compliance_change,INS001,2026-08-03,False
N003515,C003399,welcome,,2026-09-28,True
N003516,C003400,welcome,,2026-09-07,False
N003517,C003401,welcome,,2026-07-23,True
N003518,C003401,compliance_change,INS001,2026-08-03,False
N003519,C003402,welcome,,2026-08-19,True
N003520,C003403,welcome,,2026-09-12,False
N003521,C003404,welcome,,2026-09-01,False
N003522,C003405,welcome,,2026-07-06,True
N003523,C003406,welcome,,2026-07-09,True
N003524,C003407,welcome,,2026-09-18,True
N003525,C003408,welcome,,2026-08-18,True
N003526,C003409,welcome,,2026-07-18,False
N003527,C003410,welcome,,2026-07-24,False
N003528,C003411,welcome,,2026-07-07,True
N003529,C003411,compliance_change,INS001,2026-08-03,False
N003530,C003412,welcome,,2026-09-20,False
N003531,C003413,welcome,,2026-09-27,True
N003532,C003414,welcome,,2026-09-26,True
N003533,C003415,welcome,,2026-09-15,True
N003534,C003416,welcome,,2026-09-22,True
N003535,C003417,welcome,,2026-09-16,False
N003536,C003418,welcome,,2026-07-22,False
N003537,C003419,welcome,,2026-08-17,True
N003538,C003420,welcome,,2026-09-15,True
N003539,C003421,welcome,,2026-07-21,False
N003540,C003422,welcome,,2026-08-03,True
N003541,C003423,welcome,,2026-07-09,False
N003542,C003424,welcome,,2026-09-08,False
N003543,C003425,welcome,,2026-08-16,False
N003544,C003426,welcome,,2026-09-18,False
N003545,C003427,welcome,,2026-08-22,False
N003546,C003428,welcome,,2026-09-02,True
N003547,C003429,welcome,,2026-07-31,False
N003548,C003430,welcome,,2026-09-28,False
N003549,C003431,welcome,,2026-09-28,False
N003550,C003432,welcome,,2026-07-24,True
N003551,C003433,welcome,,2026-09-05,False
N003552,C003434,welcome,,2026-09-02,True
N003553,C003435,welcome,,2026-07-22,False
N003554,C003435,compliance_change,INS001,2026-08-03,False
N003555,C003436,welcome,,2026-09-17,False
N003556,C003437,welcome,,2026-09-11,True
N003557,C003438,welcome,,2026-09-07,True
N003558,C003439,welcome,,2026-07-26,True
N003559,C003439,compliance_change,INS001,2026-08-03,False
N003560,C003440,welcome,,2026-09-04,True
N003561,C003441,welcome,,2026-09-01,True
N003562,C003442,welcome,,2026-07-02,True
N003563,C003442,compliance_change,INS001,2026-08-03,True
N003564,C003443,welcome,,2026-08-18,True
N003565,C003444,welcome,,2026-07-23,False
N003566,C003445,welcome,,2026-07-10,False
N003567,C003446,welcome,,2026-09-25,False
N003568,C003447,welcome,,2026-08-16,True
N003569,C003448,welcome,,2026-09-14,False
N003570,C003449,welcome,,2026-07-08,False
N003571,C003450,welcome,,2026-08-19,True
N003572,C003451,welcome,,2026-08-07,False
N003573,C003452,welcome,,2026-09-20,False
N003574,C003453,welcome,,2026-08-22,True
N003575,C003454,welcome,,2026-08-18,True
N003576,C003455,welcome,,2026-08-19,True
N003577,C003456,welcome,,2026-08-17,False
N003578,C003457,welcome,,2026-07-12,True
N003579,C003457,compliance_change,INS001,2026-08-03,False
N003580,C003458,welcome,,2026-08-25,True
N003581,C003459,welcome,,2026-07-09,True
N003582,C003460,welcome,,2026-07-26,False
N003583,C003460,compliance_change,INS001,2026-08-03,False
N003584,C003461,welcome,,2026-09-17,True
N003585,C003462,welcome,,2026-08-06,True
N003586,C003463,welcome,,2026-09-02,True
N003587,C003464,welcome,,2026-09-09,True
N003588,C003465,welcome,,2026-09-25,True
N003589,C003466,welcome,,2026-08-20,True
N003590,C003467,welcome,,2026-07-07,False
N003591,C003468,welcome,,2026-08-31,True
N003592,C003469,welcome,,2026-07-24,True
N003593,C003469,compliance_change,INS001,2026-08-03,False
N003594,C003470,welcome,,2026-07-14,True
N003595,C003471,welcome,,2026-08-25,False
N003596,C003472,welcome,,2026-07-09,True
N003597,C003473,welcome,,2026-08-17,True
N003598,C003474,welcome,,2026-09-14,True
N003599,C003475,welcome,,2026-08-07,True
N003600,C003476,welcome,,2026-09-25,True
N003601,C003477,welcome,,2026-08-27,True
N003602,C003478,welcome,,2026-08-08,False
N003603,C003479,welcome,,2026-08-18,False
N003604,C003480,welcome,,2026-09-01,False
N003605,C003481,welcome,,2026-09-06,False
N003606,C003482,welcome,,2026-08-08,True
N003607,C003483,welcome,,2026-07-08,False
N003608,C003483,compliance_change,INS001,2026-08-03,False
N003609,C003484,welcome,,2026-08-31,False
N003610,C003485,welcome,,2026-09-01,False
N003611,C003486,welcome,,2026-08-21,True
N003612,C003487,welcome,,2026-07-30,False
N003613,C003488,welcome,,2026-07-22,False
N003614,C003488,compliance_change,INS001,2026-08-03,False
N003615,C003489,welcome,,2026-09-26,True
N003616,C003490,welcome,,2026-09-28,False
N003617,C003491,welcome,,2026-08-08,False
N003618,C003492,welcome,,2026-08-29,False
N003619,C003493,welcome,,2026-07-10,False
N003620,C003494,welcome,,2026-09-10,True
N003621,C003495,welcome,,2026-09-15,True
N003622,C003496,welcome,,2026-09-09,True
N003623,C003497,welcome,,2026-09-06,True
N003624,C003498,welcome,,2026-07-08,False
N003625,C003498,compliance_change,INS001,2026-08-03,False
N003626,C003499,welcome,,2026-08-26,False
N003627,C003500,welcome,,2026-08-19,True
N003628,C003501,welcome,,2026-07-26,True
N003629,C003502,welcome,,2026-09-14,False
N003630,C003503,welcome,,2026-07-02,True
N003631,C003503,compliance_change,INS001,2026-08-03,False
N003632,C003504,welcome,,2026-09-26,True
N003633,C003505,welcome,,2026-09-29,False
N003634,C003506,welcome,,2026-08-20,True
N003635,C003507,welcome,,2026-08-04,False
N003636,C003508,welcome,,2026-07-10,False
N003637,C003509,welcome,,2026-07-07,True
N003638,C003509,compliance_change,INS001,2026-08-03,False
N003639,C003510,welcome,,2026-09-17,True
N003640,C003511,welcome,,2026-09-16,True
N003641,C003512,welcome,,2026-07-07,True
N003642,C003513,welcome,,2026-08-07,True
N003643,C003514,welcome,,2026-09-15,True
N003644,C003515,welcome,,2026-08-24,True
N003645,C003516,welcome,,2026-09-30,True
N003646,C003517,welcome,,2026-08-23,True
N003647,C003518,welcome,,2026-09-02,True
N003648,C003519,welcome,,2026-07-11,True
N003649,C003520,welcome,,2026-09-23,True
N003650,C003521,welcome,,2026-07-23,False
N003651,C003521,compliance_change,INS001,2026-08-03,False
N003652,C003522,welcome,,2026-07-22,True
N003653,C003523,welcome,,2026-09-20,False
N003654,C003524,welcome,,2026-07-31,True
N003655,C003525,welcome,,2026-07-10,True
N003656,C003525,compliance_change,INS001,2026-08-03,True
N003657,C003526,welcome,,2026-08-07,True
N003658,C003527,welcome,,2026-08-17,True
N003659,C003528,welcome,,2026-09-21,False
N003660,C003529,welcome,,2026-07-02,False
N003661,C003529,compliance_change,INS001,2026-08-03,False
N003662,C003530,welcome,,2026-08-25,False
N003663,C003531,welcome,,2026-07-10,True
N003664,C003531,compliance_change,INS001,2026-08-03,True
N003665,C003532,welcome,,2026-08-03,False
N003666,C003533,welcome,,2026-07-21,False
N003667,C003534,welcome,,2026-07-22,True
N003668,C003534,compliance_change,INS001,2026-08-03,True
N003669,C003535,welcome,,2026-09-26,False
N003670,C003536,welcome,,2026-07-10,False
N003671,C003536,compliance_change,INS001,2026-08-03,True
N003672,C003537,welcome,,2026-07-08,False
N003673,C003538,welcome,,2026-08-06,False
N003674,C003539,welcome,,2026-08-04,False
N003675,C003540,welcome,,2026-09-29,False
N003676,C003541,welcome,,2026-08-31,False
N003677,C003542,welcome,,2026-08-11,True
N003678,C003543,welcome,,2026-07-21,False
N003679,C003544,welcome,,2026-08-12,True
N003680,C003545,welcome,,2026-09-10,False
N003681,C003546,welcome,,2026-08-05,True
N003682,C003547,welcome,,2026-08-17,True
N003683,C003548,welcome,,2026-08-07,False
N003684,C003549,welcome,,2026-07-10,False
N003685,C003550,welcome,,2026-08-31,True
N003686,C003551,welcome,,2026-07-21,False
N003687,C003551,compliance_change,INS001,2026-08-03,False
N003688,C003552,welcome,,2026-08-06,True
N003689,C003553,welcome,,2026-09-03,False
N003690,C003554,welcome,,2026-09-18,True
N003691,C003555,welcome,,2026-08-05,True
N003692,C003556,welcome,,2026-09-22,False
N003693,C003557,welcome,,2026-09-14,True
N003694,C003558,welcome,,2026-07-07,False
N003695,C003558,compliance_change,INS001,2026-08-03,False
N003696,C003559,welcome,,2026-08-17,True
N003697,C003560,welcome,,2026-09-19,True
N003698,C003561,welcome,,2026-09-02,False
N003699,C003562,welcome,,2026-07-21,True
N003700,C003563,welcome,,2026-07-23,True
N003701,C003563,compliance_change,INS001,2026-08-03,True
N003702,C003564,welcome,,2026-09-01,False
N003703,C003565,welcome,,2026-09-19,False
N003704,C003566,welcome,,2026-08-16,True
N003705,C003567,welcome,,2026-08-08,True
N003706,C003568,welcome,,2026-07-23,True
N003707,C003568,compliance_change,INS001,2026-08-03,True
N003708,C003569,welcome,,2026-09-14,True
N003709,C003570,welcome,,2026-09-04,True
N003710,C003571,welcome,,2026-08-08,False
N003711,C003572,welcome,,2026-07-04,False
N003712,C003572,compliance_change,INS001,2026-08-03,False
N003713,C003573,welcome,,2026-07-07,True
N003714,C003574,welcome,,2026-07-21,False
N003715,C003574,compliance_change,INS001,2026-08-03,True
N003716,C003575,welcome,,2026-08-17,True
N003717,C003576,welcome,,2026-08-23,False
N003718,C003577,welcome,,2026-09-18,False
N003719,C003578,welcome,,2026-07-22,True
N003720,C003579,welcome,,2026-09-07,False
N003721,C003580,welcome,,2026-09-04,True
N003722,C003581,welcome,,2026-09-01,False
N003723,C003582,welcome,,2026-07-22,False
N003724,C003583,welcome,,2026-07-23,True
N003725,C003584,welcome,,2026-08-08,True
N003726,C003585,welcome,,2026-07-10,True
N003727,C003586,welcome,,2026-09-14,False
N003728,C003587,welcome,,2026-09-27,True
N003729,C003588,welcome,,2026-09-28,True
N003730,C003589,welcome,,2026-07-08,True
N003731,C003590,welcome,,2026-09-19,True
N003732,C003591,welcome,,2026-09-11,False
N003733,C003592,welcome,,2026-09-01,False
N003734,C003593,welcome,,2026-07-15,True
N003735,C003594,welcome,,2026-09-01,True
N003736,C003595,welcome,,2026-07-21,False
N003737,C003596,welcome,,2026-08-01,True
N003738,C003597,welcome,,2026-07-06,False
N003739,C003597,compliance_change,INS001,2026-08-03,False
N003740,C003598,welcome,,2026-08-17,True
N003741,C003599,welcome,,2026-07-23,True
N003742,C003600,welcome,,2026-08-15,True
N003743,C003601,welcome,,2026-09-26,False
N003744,C003602,welcome,,2026-08-03,True
N003745,C003603,welcome,,2026-08-31,False
N003746,C003604,welcome,,2026-08-06,False
N003747,C003605,welcome,,2026-07-21,True
N003748,C003605,compliance_change,INS001,2026-08-03,True
N003749,C003606,welcome,,2026-08-17,True
N003750,C003607,welcome,,2026-07-10,True
N003751,C003607,compliance_change,INS001,2026-08-03,True
N003752,C003608,welcome,,2026-07-23,False
N003753,C003609,welcome,,2026-09-17,True
N003754,C003610,welcome,,2026-07-26,False
N003755,C003611,welcome,,2026-09-01,True
N003756,C003612,welcome,,2026-09-02,True
N003757,C003613,welcome,,2026-09-25,False
N003758,C003614,welcome,,2026-08-28,True
N003759,C003615,welcome,,2026-08-14,False
N003760,C003616,welcome,,2026-09-06,True
N003761,C003617,welcome,,2026-08-23,False
N003762,C003618,welcome,,2026-09-12,False
N003763,C003619,welcome,,2026-08-19,True
N003764,C003620,welcome,,2026-07-15,False
N003765,C003621,welcome,,2026-09-30,True
N003766,C003622,welcome,,2026-09-16,True
N003767,C003623,welcome,,2026-07-24,False
N003768,C003624,welcome,,2026-09-24,False
N003769,C003625,welcome,,2026-07-11,False
N003770,C003626,welcome,,2026-08-18,True
N003771,C003627,welcome,,2026-07-31,False
N003772,C003628,welcome,,2026-07-13,True
N003773,C003629,welcome,,2026-08-31,False
N003774,C003630,welcome,,2026-08-08,True
N003775,C003631,welcome,,2026-07-10,False
N003776,C003631,compliance_change,INS001,2026-08-03,True
N003777,C003632,welcome,,2026-07-10,False
N003778,C003632,compliance_change,INS001,2026-08-03,False
N003779,C003633,welcome,,2026-09-16,True
N003780,C003634,welcome,,2026-09-03,False
N003781,C003635,welcome,,2026-08-06,False
N003782,C003636,welcome,,2026-08-18,True
N003783,C003637,welcome,,2026-09-03,True
N003784,C003638,welcome,,2026-09-09,False
N003785,C003639,welcome,,2026-07-12,False
N003786,C003639,compliance_change,INS001,2026-08-03,False
N003787,C003640,welcome,,2026-09-25,False
N003788,C003641,welcome,,2026-08-19,True
N003789,C003642,welcome,,2026-07-27,False
N003790,C003643,welcome,,2026-09-30,True
N003791,C003644,welcome,,2026-09-27,False
N003792,C003645,welcome,,2026-07-10,False
N003793,C003645,compliance_change,INS001,2026-08-03,False
N003794,C003646,welcome,,2026-09-18,True
N003795,C003647,welcome,,2026-08-05,True
N003796,C003648,welcome,,2026-09-07,False
N003797,C003649,welcome,,2026-07-22,True
N003798,C003650,welcome,,2026-09-25,True
N003799,C003651,welcome,,2026-09-15,True
N003800,C003652,welcome,,2026-08-02,False
N003801,C003653,welcome,,2026-07-07,False
N003802,C003654,welcome,,2026-09-26,True
N003803,C003655,welcome,,2026-08-08,False
N003804,C003656,welcome,,2026-07-22,True
N003805,C003657,welcome,,2026-07-21,True
N003806,C003658,welcome,,2026-08-08,True
N003807,C003659,welcome,,2026-07-10,False
N003808,C003660,welcome,,2026-09-02,True
N003809,C003661,welcome,,2026-07-22,False
N003810,C003661,compliance_change,INS001,2026-08-03,True
N003811,C003662,welcome,,2026-07-23,True
N003812,C003663,welcome,,2026-08-22,False
N003813,C003664,welcome,,2026-08-03,True
N003814,C003665,welcome,,2026-08-08,True
N003815,C003666,welcome,,2026-07-09,False
N003816,C003666,compliance_change,INS001,2026-08-03,True
N003817,C003667,welcome,,2026-09-05,False
N003818,C003668,welcome,,2026-09-30,False
N003819,C003669,welcome,,2026-08-19,False
N003820,C003670,welcome,,2026-07-21,False
N003821,C003671,welcome,,2026-09-23,True
N003822,C003672,welcome,,2026-08-05,True
N003823,C003673,welcome,,2026-07-20,True
N003824,C003673,compliance_change,INS001,2026-08-03,True
N003825,C003674,welcome,,2026-08-07,False
N003826,C003675,welcome,,2026-07-08,False
N003827,C003676,welcome,,2026-07-07,False
N003828,C003676,compliance_change,INS001,2026-08-03,True
N003829,C003677,welcome,,2026-09-28,False
N003830,C003678,welcome,,2026-07-12,True
N003831,C003678,compliance_change,INS001,2026-08-03,True
N003832,C003679,welcome,,2026-09-06,False
N003833,C003680,welcome,,2026-07-20,False
N003834,C003681,welcome,,2026-07-22,True
N003835,C003681,compliance_change,INS001,2026-08-03,True
N003836,C003682,welcome,,2026-07-23,False
N003837,C003683,welcome,,2026-07-28,False
N003838,C003684,welcome,,2026-09-03,False
N003839,C003685,welcome,,2026-08-09,False
N003840,C003686,welcome,,2026-07-09,True
N003841,C003687,welcome,,2026-07-12,True
N003842,C003688,welcome,,2026-07-26,True
N003843,C003689,welcome,,2026-07-29,False
N003844,C003690,welcome,,2026-09-14,False
N003845,C003691,welcome,,2026-07-19,False
N003846,C003692,welcome,,2026-09-26,True
N003847,C003693,welcome,,2026-07-24,True
N003848,C003694,welcome,,2026-08-06,True
N003849,C003695,welcome,,2026-08-03,False
N003850,C003696,welcome,,2026-09-15,True
N003851,C003697,welcome,,2026-09-15,False
N003852,C003698,welcome,,2026-09-26,False
N003853,C003699,welcome,,2026-09-08,False
N003854,C003700,welcome,,2026-08-26,False
N003855,C003701,welcome,,2026-09-27,True
N003856,C003702,welcome,,2026-09-15,False
N003857,C003703,welcome,,2026-09-28,False
N003858,C003704,welcome,,2026-08-22,True
N003859,C003705,welcome,,2026-08-03,False
N003860,C003706,welcome,,2026-09-14,False
N003861,C003707,welcome,,2026-08-07,True
N003862,C003708,welcome,,2026-09-07,True
N003863,C003709,welcome,,2026-09-01,True
N003864,C003710,welcome,,2026-09-15,True
N003865,C003711,welcome,,2026-09-08,True
N003866,C003712,welcome,,2026-09-28,False
N003867,C003713,welcome,,2026-09-16,False
N003868,C003714,welcome,,2026-09-14,True
N003869,C003715,welcome,,2026-07-11,True
N003870,C003715,compliance_change,INS001,2026-08-03,False
N003871,C003716,welcome,,2026-08-04,False
N003872,C003717,welcome,,2026-08-04,False
N003873,C003718,welcome,,2026-07-11,True
N003874,C003719,welcome,,2026-07-22,False
N003875,C003720,welcome,,2026-09-18,False
N003876,C003721,welcome,,2026-09-17,True
N003877,C003722,welcome,,2026-07-17,True
N003878,C003722,compliance_change,INS001,2026-08-03,False
N003879,C003723,welcome,,2026-09-14,False
N003880,C003724,welcome,,2026-07-08,True
N003881,C003725,welcome,,2026-08-09,True
N003882,C003726,welcome,,2026-07-28,False
N003883,C003727,welcome,,2026-09-28,False
N003884,C003728,welcome,,2026-09-29,True
N003885,C003729,welcome,,2026-09-20,True
N003886,C003730,welcome,,2026-09-25,True
N003887,C003731,welcome,,2026-08-17,True
N003888,C003732,welcome,,2026-08-14,False
N003889,C003733,welcome,,2026-09-15,True
N003890,C003734,welcome,,2026-09-02,True
N003891,C003735,welcome,,2026-09-08,True
N003892,C003736,welcome,,2026-08-26,True
N003893,C003737,welcome,,2026-07-08,False
N003894,C003738,welcome,,2026-08-21,True
N003895,C003739,welcome,,2026-07-25,True
N003896,C003740,welcome,,2026-07-17,True
N003897,C003741,welcome,,2026-07-12,True
N003898,C003742,welcome,,2026-09-27,True
N003899,C003743,welcome,,2026-08-04,True
N003900,C003744,welcome,,2026-07-26,True
N003901,C003745,welcome,,2026-09-01,False
N003902,C003746,welcome,,2026-07-27,False
N003903,C003747,welcome,,2026-07-16,False
N003904,C003748,welcome,,2026-07-12,False
N003905,C003748,compliance_change,INS001,2026-08-03,True
N003906,C003749,welcome,,2026-09-17,True
N003907,C003750,welcome,,2026-08-11,True
N003908,C003751,welcome,,2026-09-15,False
N003909,C003752,welcome,,2026-08-17,True
N003910,C003753,welcome,,2026-07-14,False
N003911,C003754,welcome,,2026-09-02,False
N003912,C003755,welcome,,2026-07-16,True
N003913,C003755,compliance_change,INS001,2026-08-03,True
N003914,C003756,welcome,,2026-08-16,True
N003915,C003757,welcome,,2026-07-26,True
N003916,C003757,compliance_change,INS001,2026-08-03,False
N003917,C003758,welcome,,2026-08-13,True
N003918,C003759,welcome,,2026-09-29,False
N003919,C003760,welcome,,2026-09-12,False
N003920,C003761,welcome,,2026-09-08,False
N003921,C003762,welcome,,2026-09-15,True
N003922,C003763,welcome,,2026-08-04,False
N003923,C003764,welcome,,2026-07-03,False
N003924,C003765,welcome,,2026-09-19,False
N003925,C003766,welcome,,2026-09-13,False
N003926,C003767,welcome,,2026-09-17,True
N003927,C003768,welcome,,2026-08-04,False
N003928,C003769,welcome,,2026-09-28,False
N003929,C003770,welcome,,2026-08-29,False
N003930,C003771,welcome,,2026-08-08,True
N003931,C003772,welcome,,2026-07-24,True
N003932,C003773,welcome,,2026-09-01,False
N003933,C003774,welcome,,2026-08-31,True
N003934,C003775,welcome,,2026-09-28,False
N003935,C003776,welcome,,2026-08-05,False
N003936,C003777,welcome,,2026-09-08,False
N003937,C003778,welcome,,2026-07-25,True
N003938,C003779,welcome,,2026-07-26,True
N003939,C003780,welcome,,2026-09-15,True
N003940,C003781,welcome,,2026-08-04,True
N003941,C003782,welcome,,2026-09-17,True
N003942,C003783,welcome,,2026-07-07,False
N003943,C003784,welcome,,2026-07-09,False
N003944,C003784,compliance_change,INS001,2026-08-03,True
N003945,C003785,welcome,,2026-08-22,True
N003946,C003786,welcome,,2026-08-14,True
N003947,C003787,welcome,,2026-09-26,False
N003948,C003788,welcome,,2026-09-06,True
N003949,C003789,welcome,,2026-08-04,False
N003950,C003790,welcome,,2026-07-24,False
N003951,C003791,welcome,,2026-07-24,False
N003952,C003791,compliance_change,INS001,2026-08-03,True
N003953,C003792,welcome,,2026-08-10,False
N003954,C003793,welcome,,2026-09-29,False
N003955,C003794,welcome,,2026-07-17,False
N003956,C003795,welcome,,2026-09-13,True
N003957,C003796,welcome,,2026-08-15,True
N003958,C003797,welcome,,2026-07-21,True
N003959,C003798,welcome,,2026-07-18,True
N003960,C003799,welcome,,2026-08-04,True
N003961,C003800,welcome,,2026-08-04,False
N003962,C003801,welcome,,2026-08-20,True
N003963,C003802,welcome,,2026-09-14,False
N003964,C003803,welcome,,2026-08-08,False
N003965,C003804,welcome,,2026-07-24,True
N003966,C003805,welcome,,2026-09-26,False
N003967,C003806,welcome,,2026-07-10,True
N003968,C003806,compliance_change,INS001,2026-08-03,False
N003969,C003807,welcome,,2026-07-08,False
N003970,C003808,welcome,,2026-09-04,False
N003971,C003809,welcome,,2026-08-02,True
N003972,C003810,welcome,,2026-09-03,False
N003973,C003811,welcome,,2026-07-09,True
N003974,C003811,compliance_change,INS001,2026-08-03,True
N003975,C003812,welcome,,2026-07-25,True
N003976,C003812,compliance_change,INS001,2026-08-03,False
N003977,C003813,welcome,,2026-08-31,True
N003978,C003814,welcome,,2026-07-09,True
N003979,C003815,welcome,,2026-07-25,True
N003980,C003816,welcome,,2026-08-02,True
N003981,C003817,welcome,,2026-08-04,True
N003982,C003818,welcome,,2026-07-07,True
N003983,C003818,compliance_change,INS001,2026-08-03,False
N003984,C003819,welcome,,2026-07-23,True
N003985,C003819,compliance_change,INS001,2026-08-03,True
N003986,C003820,welcome,,2026-09-20,False
N003987,C003821,welcome,,2026-09-27,True
N003988,C003822,welcome,,2026-07-25,False
N003989,C003822,compliance_change,INS001,2026-08-03,True
N003990,C003823,welcome,,2026-08-28,False
N003991,C003824,welcome,,2026-07-11,False
N003992,C003825,welcome,,2026-09-02,True
N003993,C003826,welcome,,2026-09-16,True
N003994,C003827,welcome,,2026-07-30,False
N003995,C003827,compliance_change,INS001,2026-08-03,False
N003996,C003828,welcome,,2026-08-19,True
N003997,C003829,welcome,,2026-07-30,True
N003998,C003830,welcome,,2026-09-26,False
N003999,C003831,welcome,,2026-08-19,False
N004000,C003832,welcome,,2026-08-29,True
N004001,C003833,welcome,,2026-09-20,False
N004002,C003834,welcome,,2026-07-22,True
N004003,C003835,welcome,,2026-09-01,False
N004004,C003836,welcome,,2026-09-02,False
N004005,C003837,welcome,,2026-09-16,False
N004006,C003838,welcome,,2026-09-17,True
N004007,C003839,welcome,,2026-08-31,True
N004008,C003840,welcome,,2026-09-30,False
N004009,C003841,welcome,,2026-09-17,True
N004010,C003842,welcome,,2026-07-03,False
N004011,C003843,welcome,,2026-09-01,False
N004012,C003844,welcome,,2026-07-04,False
N004013,C003845,welcome,,2026-09-15,False
N004014,C003846,welcome,,2026-07-26,False
N004015,C003847,welcome,,2026-07-27,False
N004016,C003848,welcome,,2026-09-15,True
N004017,C003849,welcome,,2026-07-07,False
N004018,C003850,welcome,,2026-09-26,True
N004019,C003851,welcome,,2026-08-29,False
N004020,C003852,welcome,,2026-09-28,True
N004021,C003853,welcome,,2026-09-28,True
N004022,C003854,welcome,,2026-09-28,False
N004023,C003855,welcome,,2026-07-06,False
N004024,C003856,welcome,,2026-08-20,False
N004025,C003857,welcome,,2026-08-26,False
N004026,C003858,welcome,,2026-08-07,True
N004027,C003859,welcome,,2026-08-31,True
N004028,C003860,welcome,,2026-07-15,True
N004029,C003861,welcome,,2026-08-15,False
N004030,C003862,welcome,,2026-07-14,False
N004031,C003862,compliance_change,INS001,2026-08-03,True
N004032,C003863,welcome,,2026-09-20,False
N004033,C003864,welcome,,2026-09-01,False
N004034,C003865,welcome,,2026-08-01,False
N004035,C003866,welcome,,2026-09-12,True
N004036,C003867,welcome,,2026-07-11,False
N004037,C003867,compliance_change,INS001,2026-08-03,True
N004038,C003868,welcome,,2026-07-10,True
N004039,C003869,welcome,,2026-07-21,False
N004040,C003870,welcome,,2026-07-07,False
N004041,C003871,welcome,,2026-09-19,False
N004042,C003872,welcome,,2026-07-25,True
N004043,C003873,welcome,,2026-09-23,False
N004044,C003874,welcome,,2026-08-08,False
N004045,C003875,welcome,,2026-09-09,True
N004046,C003876,welcome,,2026-08-24,False
N004047,C003877,welcome,,2026-08-31,True
N004048,C003878,welcome,,2026-08-06,True
N004049,C003879,welcome,,2026-09-28,True
N004050,C003880,welcome,,2026-09-01,False
N004051,C003881,welcome,,2026-07-10,False
N004052,C003882,welcome,,2026-08-07,False
N004053,C003883,welcome,,2026-07-09,True
N004054,C003884,welcome,,2026-09-04,False
N004055,C003885,welcome,,2026-07-25,True
N004056,C003885,compliance_change,INS001,2026-08-03,True
N004057,C003886,welcome,,2026-09-30,True
N004058,C003887,welcome,,2026-09-17,False
N004059,C003888,welcome,,2026-09-18,False
N004060,C003889,welcome,,2026-07-08,False
N004061,C003889,compliance_change,INS001,2026-08-03,True
N004062,C003890,welcome,,2026-07-08,True
N004063,C003890,compliance_change,INS001,2026-08-03,True
N004064,C003891,welcome,,2026-09-18,True
N004065,C003892,welcome,,2026-09-01,True
N004066,C003893,welcome,,2026-08-15,False
N004067,C003894,welcome,,2026-08-22,True
N004068,C003895,welcome,,2026-08-10,True
N004069,C003896,welcome,,2026-09-02,False
N004070,C003897,welcome,,2026-08-31,True
N004071,C003898,welcome,,2026-07-25,False
N004072,C003899,welcome,,2026-08-18,False
N004073,C003900,welcome,,2026-08-05,False
N004074,C003901,welcome,,2026-07-09,True
N004075,C003901,compliance_change,INS001,2026-08-03,False
N004076,C003902,welcome,,2026-07-09,True
N004077,C003903,welcome,,2026-09-30,True
N004078,C003904,welcome,,2026-09-15,False
N004079,C003905,welcome,,2026-09-08,False
N004080,C003906,welcome,,2026-08-06,True
N004081,C003907,welcome,,2026-08-19,True
N004082,C003908,welcome,,2026-08-03,False
N004083,C003909,welcome,,2026-08-08,False
N004084,C003910,welcome,,2026-08-31,True
N004085,C003911,welcome,,2026-09-09,True
N004086,C003912,welcome,,2026-08-04,True
N004087,C003913,welcome,,2026-07-17,True
N004088,C003914,welcome,,2026-08-22,True
N004089,C003915,welcome,,2026-07-21,True
N004090,C003916,welcome,,2026-08-13,True
N004091,C003917,welcome,,2026-09-29,False
N004092,C003918,welcome,,2026-08-22,False
N004093,C003919,welcome,,2026-09-24,False
N004094,C003920,welcome,,2026-07-09,True
N004095,C003920,compliance_change,INS001,2026-08-03,True
N004096,C003921,welcome,,2026-09-14,False
N004097,C003922,welcome,,2026-08-08,True
N004098,C003923,welcome,,2026-07-31,False
N004099,C003924,welcome,,2026-09-01,False
N004100,C003925,welcome,,2026-09-05,True
N004101,C003926,welcome,,2026-07-22,True
N004102,C003927,welcome,,2026-09-14,True
N004103,C003928,welcome,,2026-09-09,True
N004104,C003929,welcome,,2026-09-26,True
N004105,C003930,welcome,,2026-09-08,True
N004106,C003931,welcome,,2026-09-16,True
N004107,C003932,welcome,,2026-07-23,False
N004108,C003933,welcome,,2026-08-10,False
N004109,C003934,welcome,,2026-09-26,True
N004110,C003935,welcome,,2026-07-23,False
N004111,C003935,compliance_change,INS001,2026-08-03,False
N004112,C003936,welcome,,2026-07-07,False
N004113,C003937,welcome,,2026-08-20,True
N004114,C003938,welcome,,2026-08-28,True
N004115,C003939,welcome,,2026-08-08,True
N004116,C003940,welcome,,2026-08-13,False
N004117,C003941,welcome,,2026-07-23,False
N004118,C003942,welcome,,2026-07-21,True
N004119,C003943,welcome,,2026-07-06,False
N004120,C003944,welcome,,2026-09-02,True
N004121,C003945,welcome,,2026-07-12,True
N004122,C003946,welcome,,2026-08-09,True
N004123,C003947,welcome,,2026-07-15,True
N004124,C003948,welcome,,2026-08-18,True
N004125,C003949,welcome,,2026-08-17,False
N004126,C003950,welcome,,2026-09-21,False
N004127,C003951,welcome,,2026-08-23,False
N004128,C003952,welcome,,2026-07-09,True
N004129,C003953,welcome,,2026-07-10,True
N004130,C003954,welcome,,2026-07-10,True
N004131,C003955,welcome,,2026-07-24,True
N004132,C003956,welcome,,2026-08-31,True
N004133,C003957,welcome,,2026-07-09,False
N004134,C003957,compliance_change,INS001,2026-08-03,True
N004135,C003958,welcome,,2026-08-06,False
N004136,C003959,welcome,,2026-09-04,False
N004137,C003960,welcome,,2026-07-06,True
N004138,C003961,welcome,,2026-09-03,False
N004139,C003962,welcome,,2026-09-26,False
N004140,C003963,welcome,,2026-09-26,False
N004141,C003964,welcome,,2026-07-24,False
N004142,C003965,welcome,,2026-08-17,True
N004143,C003966,welcome,,2026-07-03,True
N004144,C003967,welcome,,2026-07-28,True
N004145,C003968,welcome,,2026-08-08,True
N004146,C003969,welcome,,2026-07-25,False
N004147,C003970,welcome,,2026-08-20,True
N004148,C003971,welcome,,2026-07-27,True
N004149,C003972,welcome,,2026-09-26,False
N004150,C003973,welcome,,2026-09-30,True
N004151,C003974,welcome,,2026-08-08,False
N004152,C003975,welcome,,2026-08-07,False
N004153,C003976,welcome,,2026-09-21,False
N004154,C003977,welcome,,2026-07-29,True
N004155,C003978,welcome,,2026-09-04,True
N004156,C003979,welcome,,2026-09-03,True
N004157,C003980,welcome,,2026-08-19,True
N004158,C003981,welcome,,2026-09-18,True
N004159,C003982,welcome,,2026-08-18,True
N004160,C003983,welcome,,2026-09-05,False
N004161,C003984,welcome,,2026-08-20,True
N004162,C003985,welcome,,2026-09-15,False
N004163,C003986,welcome,,2026-09-03,True
N004164,C003987,welcome,,2026-09-25,True
N004165,C003988,welcome,,2026-09-01,True
N004166,C003989,welcome,,2026-08-08,True
N004167,C003990,welcome,,2026-07-22,True
N004168,C003991,welcome,,2026-07-22,False
N004169,C003992,welcome,,2026-07-24,True
N004170,C003993,welcome,,2026-08-31,True
N004171,C003994,welcome,,2026-09-01,True
N004172,C003995,welcome,,2026-08-03,False
N004173,C003996,welcome,,2026-09-07,True
N004174,C003997,welcome,,2026-08-28,True
N004175,C003998,welcome,,2026-09-01,False
N004176,C003999,welcome,,2026-09-06,True
N004177,C004000,welcome,,2026-08-20,False
N004178,C004001,welcome,,2026-08-08,True
N004179,C004002,welcome,,2026-08-03,True
N004180,C004003,welcome,,2026-08-22,False
N004181,C004004,welcome,,2026-07-25,False
N004182,C004005,welcome,,2026-07-12,False
N004183,C004006,welcome,,2026-09-14,False
N004184,C004007,welcome,,2026-07-23,True
N004185,C004008,welcome,,2026-09-26,False
N004186,C004009,welcome,,2026-08-04,True
N004187,C004010,welcome,,2026-07-18,False
N004188,C004010,compliance_change,INS001,2026-08-03,False
N004189,C004011,welcome,,2026-09-03,False
N004190,C004012,welcome,,2026-09-26,True
N004191,C004013,welcome,,2026-07-24,False
N004192,C004014,welcome,,2026-08-19,True
N004193,C004015,welcome,,2026-08-07,True
N004194,C004016,welcome,,2026-09-04,True
N004195,C004017,welcome,,2026-09-03,True
N004196,C004018,welcome,,2026-07-23,False
N004197,C004019,welcome,,2026-07-26,False
N004198,C004020,welcome,,2026-09-01,True
N004199,C004021,welcome,,2026-07-21,False
N004200,C004022,welcome,,2026-07-09,True
N004201,C004022,compliance_change,INS001,2026-08-03,False
N004202,C004023,welcome,,2026-07-09,True
N004203,C004023,compliance_change,INS001,2026-08-03,False
N004204,C004024,welcome,,2026-07-10,True
N004205,C004025,welcome,,2026-08-19,False
N004206,C004026,welcome,,2026-09-03,True
N004207,C004027,welcome,,2026-08-24,True
N004208,C004028,welcome,,2026-08-21,True
N004209,C004029,welcome,,2026-09-21,True
N004210,C004030,welcome,,2026-07-25,True
N004211,C004031,welcome,,2026-09-06,True
N004212,C004032,welcome,,2026-09-03,True
N004213,C004033,welcome,,2026-07-23,False
N004214,C004033,compliance_change,INS001,2026-08-03,False
N004215,C004034,welcome,,2026-09-30,True
N004216,C004035,welcome,,2026-09-01,False
N004217,C004036,welcome,,2026-09-18,False
N004218,C004037,welcome,,2026-08-10,True
N004219,C004038,welcome,,2026-09-15,False
N004220,C004039,welcome,,2026-09-18,True
N004221,C004040,welcome,,2026-09-12,False
N004222,C004041,welcome,,2026-08-20,False
N004223,C004042,welcome,,2026-09-02,False
N004224,C004043,welcome,,2026-07-08,True
N004225,C004044,welcome,,2026-09-02,False
N004226,C004045,welcome,,2026-07-09,False
N004227,C004045,compliance_change,INS001,2026-08-03,True
N004228,C004046,welcome,,2026-07-20,True
N004229,C004047,welcome,,2026-08-22,False
N004230,C004048,welcome,,2026-08-06,False
N004231,C004049,welcome,,2026-08-09,False
N004232,C004050,welcome,,2026-07-25,False
N004233,C004051,welcome,,2026-07-07,True
N004234,C004052,welcome,,2026-08-31,True
N004235,C004053,welcome,,2026-09-15,True
N004236,C004054,welcome,,2026-08-17,True
N004237,C004055,welcome,,2026-07-18,False
N004238,C004056,welcome,,2026-08-09,False
N004239,C004057,welcome,,2026-07-09,False
N004240,C004057,compliance_change,INS001,2026-08-03,False
N004241,C004058,welcome,,2026-07-08,False
N004242,C004058,compliance_change,INS001,2026-08-03,True
N004243,C004059,welcome,,2026-07-07,False
N004244,C004060,welcome,,2026-07-11,True
N004245,C004061,welcome,,2026-09-23,False
N004246,C004062,welcome,,2026-07-12,False
N004247,C004062,compliance_change,INS001,2026-08-03,True
N004248,C004063,welcome,,2026-09-18,False
N004249,C004064,welcome,,2026-09-05,True
N004250,C004065,welcome,,2026-09-08,False
N004251,C004066,welcome,,2026-07-08,True
N004252,C004067,welcome,,2026-09-18,True
N004253,C004068,welcome,,2026-07-05,False
N004254,C004068,compliance_change,INS001,2026-08-03,True
N004255,C004069,welcome,,2026-09-05,False
N004256,C004070,welcome,,2026-08-05,False
N004257,C004071,welcome,,2026-08-17,True
N004258,C004072,welcome,,2026-09-05,False
N004259,C004073,welcome,,2026-09-30,False
N004260,C004074,welcome,,2026-07-08,True
N004261,C004074,compliance_change,INS001,2026-08-03,True
N004262,C004075,welcome,,2026-08-03,True
N004263,C004076,welcome,,2026-09-27,False
N004264,C004077,welcome,,2026-07-22,False
N004265,C004078,welcome,,2026-08-08,False
N004266,C004079,welcome,,2026-09-07,False
N004267,C004080,welcome,,2026-09-11,False
N004268,C004081,welcome,,2026-09-05,False
N004269,C004082,welcome,,2026-08-29,True
N004270,C004083,welcome,,2026-07-07,True
N004271,C004083,compliance_change,INS001,2026-08-03,False
N004272,C004084,welcome,,2026-09-15,False
N004273,C004085,welcome,,2026-07-26,True
N004274,C004086,welcome,,2026-08-09,False
N004275,C004087,welcome,,2026-07-24,False
N004276,C004088,welcome,,2026-09-03,True
N004277,C004089,welcome,,2026-09-15,True
N004278,C004090,welcome,,2026-08-23,False
N004279,C004091,welcome,,2026-09-02,True
N004280,C004092,welcome,,2026-07-26,True
N004281,C004092,compliance_change,INS001,2026-08-03,False
N004282,C004093,welcome,,2026-07-22,True
N004283,C004094,welcome,,2026-09-17,False
N004284,C004095,welcome,,2026-09-28,True
N004285,C004096,welcome,,2026-08-20,True
N004286,C004097,welcome,,2026-09-03,False
N004287,C004098,welcome,,2026-09-20,True
N004288,C004099,welcome,,2026-09-25,False
N004289,C004100,welcome,,2026-09-01,True
N004290,C004101,welcome,,2026-08-05,True
N004291,C004102,welcome,,2026-08-08,True
N004292,C004103,welcome,,2026-09-28,True
N004293,C004104,welcome,,2026-09-28,True
N004294,C004105,welcome,,2026-08-31,True
N004295,C004106,welcome,,2026-08-14,True
N004296,C004107,welcome,,2026-08-28,False
N004297,C004108,welcome,,2026-07-23,True
N004298,C004109,welcome,,2026-08-18,False
N004299,C004110,welcome,,2026-09-26,False
N004300,C004111,welcome,,2026-08-14,False
N004301,C004112,welcome,,2026-09-14,True
N004302,C004113,welcome,,2026-07-08,False
N004303,C004113,compliance_change,INS001,2026-08-03,False
N004304,C004114,welcome,,2026-09-04,False
N004305,C004115,welcome,,2026-09-14,True
N004306,C004116,welcome,,2026-07-21,True
N004307,C004117,welcome,,2026-08-17,True
N004308,C004118,welcome,,2026-09-13,True
N004309,C004119,welcome,,2026-09-20,True
N004310,C004120,welcome,,2026-09-24,False
N004311,C004121,welcome,,2026-08-08,False
N004312,C004122,welcome,,2026-09-27,False
N004313,C004123,welcome,,2026-07-18,True
N004314,C004124,welcome,,2026-07-12,True
N004315,C004124,compliance_change,INS001,2026-08-03,False
N004316,C004125,welcome,,2026-07-15,False
N004317,C004126,welcome,,2026-09-12,False
N004318,C004127,welcome,,2026-08-21,True
N004319,C004128,welcome,,2026-07-14,True
N004320,C004129,welcome,,2026-09-16,True
N004321,C004130,welcome,,2026-09-01,True
N004322,C004131,welcome,,2026-09-07,False
N004323,C004132,welcome,,2026-07-14,True
N004324,C004132,compliance_change,INS001,2026-08-03,True
N004325,C004133,welcome,,2026-08-04,False
N004326,C004134,welcome,,2026-08-06,True
N004327,C004135,welcome,,2026-08-20,True
N004328,C004136,welcome,,2026-07-22,True
N004329,C004137,welcome,,2026-07-23,True
N004330,C004137,compliance_change,INS001,2026-08-03,True
N004331,C004138,welcome,,2026-07-23,False
N004332,C004139,welcome,,2026-08-19,False
N004333,C004140,welcome,,2026-07-13,False
N004334,C004140,compliance_change,INS001,2026-08-03,False
N004335,C004141,welcome,,2026-09-06,False
N004336,C004142,welcome,,2026-08-23,True
N004337,C004143,welcome,,2026-09-30,False
N004338,C004144,welcome,,2026-09-20,True
N004339,C004145,welcome,,2026-09-25,True
N004340,C004146,welcome,,2026-09-04,True
N004341,C004147,welcome,,2026-09-17,False
N004342,C004148,welcome,,2026-09-25,True
N004343,C004149,welcome,,2026-09-27,True
N004344,C004150,welcome,,2026-08-10,True
N004345,C004151,welcome,,2026-09-04,True
N004346,C004152,welcome,,2026-08-21,True
N004347,C004153,welcome,,2026-09-26,False
N004348,C004154,welcome,,2026-08-04,True
N004349,C004155,welcome,,2026-07-22,True
N004350,C004155,compliance_change,INS001,2026-08-03,True
N004351,C004156,welcome,,2026-09-03,False
N004352,C004157,welcome,,2026-08-18,False
N004353,C004158,welcome,,2026-09-01,False
N004354,C004159,welcome,,2026-08-04,True
N004355,C004160,welcome,,2026-09-26,True
N004356,C004161,welcome,,2026-09-29,False
N004357,C004162,welcome,,2026-09-27,True
N004358,C004163,welcome,,2026-09-08,True
N004359,C004164,welcome,,2026-07-30,True
N004360,C004165,welcome,,2026-07-09,False
N004361,C004166,welcome,,2026-07-22,False
N004362,C004166,compliance_change,INS001,2026-08-03,False
N004363,C004167,welcome,,2026-09-05,True
N004364,C004168,welcome,,2026-07-11,True
N004365,C004169,welcome,,2026-08-03,False
N004366,C004170,welcome,,2026-08-15,False
N004367,C004171,welcome,,2026-07-26,True
N004368,C004172,welcome,,2026-07-19,True
N004369,C004172,compliance_change,INS001,2026-08-03,False
N004370,C004173,welcome,,2026-08-06,False
N004371,C004174,welcome,,2026-09-28,True
N004372,C004175,welcome,,2026-07-15,True
N004373,C004175,compliance_change,INS001,2026-08-03,True
N004374,C004176,welcome,,2026-09-02,True
N004375,C004177,welcome,,2026-08-07,False
N004376,C004178,welcome,,2026-09-15,False
N004377,C004179,welcome,,2026-08-17,True
N004378,C004180,welcome,,2026-08-03,True
N004379,C004181,welcome,,2026-07-09,False
N004380,C004182,welcome,,2026-07-22,True
N004381,C004183,welcome,,2026-09-28,True
N004382,C004184,welcome,,2026-09-25,False
N004383,C004185,welcome,,2026-09-19,False
N004384,C004186,welcome,,2026-08-29,False
N004385,C004187,welcome,,2026-08-04,False
N004386,C004188,welcome,,2026-08-22,False
N004387,C004189,welcome,,2026-07-15,False
N004388,C004189,compliance_change,INS001,2026-08-03,True
N004389,C004190,welcome,,2026-07-25,False
N004390,C004190,compliance_change,INS001,2026-08-03,True
N004391,C004191,welcome,,2026-07-08,False
N004392,C004192,welcome,,2026-07-23,True
N004393,C004193,welcome,,2026-07-15,True
N004394,C004194,welcome,,2026-08-19,True
N004395,C004195,welcome,,2026-08-31,True
N004396,C004196,welcome,,2026-08-30,False
N004397,C004197,welcome,,2026-07-07,True
N004398,C004198,welcome,,2026-09-19,True
N004399,C004199,welcome,,2026-09-01,False
N004400,C004200,welcome,,2026-09-30,False
N004401,C004201,welcome,,2026-09-18,False
N004402,C004202,welcome,,2026-07-13,True
N004403,C004202,compliance_change,INS001,2026-08-03,True
N004404,C004203,welcome,,2026-08-31,True
N004405,C004204,welcome,,2026-09-16,True
N004406,C004205,welcome,,2026-08-04,False
N004407,C004206,welcome,,2026-08-20,True
N004408,C004207,welcome,,2026-08-07,True
N004409,C004208,welcome,,2026-09-15,True
N004410,C004209,welcome,,2026-07-11,False
N004411,C004210,welcome,,2026-09-29,False
N004412,C004211,welcome,,2026-09-25,True
N004413,C004212,welcome,,2026-08-01,False
N004414,C004213,welcome,,2026-07-28,False
N004415,C004214,welcome,,2026-08-17,True
N004416,C004215,welcome,,2026-07-10,False
N004417,C004216,welcome,,2026-07-08,True
N004418,C004217,welcome,,2026-07-07,True
N004419,C004218,welcome,,2026-07-25,False
N004420,C004219,welcome,,2026-09-14,False
N004421,C004220,welcome,,2026-08-27,False
N004422,C004221,welcome,,2026-07-08,True
N004423,C004222,welcome,,2026-08-11,True
N004424,C004223,welcome,,2026-09-26,False
N004425,C004224,welcome,,2026-09-29,False
N004426,C004225,welcome,,2026-07-08,True
N004427,C004226,welcome,,2026-09-29,True
N004428,C004227,welcome,,2026-08-03,True
N004429,C004228,welcome,,2026-09-18,True
N004430,C004229,welcome,,2026-08-19,True
N004431,C004230,welcome,,2026-08-03,False
N004432,C004231,welcome,,2026-08-15,True
N004433,C004232,welcome,,2026-09-05,False
N004434,C004233,welcome,,2026-09-08,False
N004435,C004234,welcome,,2026-09-27,True
N004436,C004235,welcome,,2026-08-22,False
N004437,C004236,welcome,,2026-07-09,True
N004438,C004237,welcome,,2026-08-07,True
N004439,C004238,welcome,,2026-09-01,False
N004440,C004239,welcome,,2026-09-06,True
N004441,C004240,welcome,,2026-08-06,True
N004442,C004241,welcome,,2026-08-12,True
N004443,C004242,welcome,,2026-09-20,True
N004444,C004243,welcome,,2026-09-25,False
N004445,C004244,welcome,,2026-09-27,False
N004446,C004245,welcome,,2026-09-28,True
N004447,C004246,welcome,,2026-07-26,True
N004448,C004246,compliance_change,INS001,2026-08-03,False
N004449,C004247,welcome,,2026-08-18,True
N004450,C004248,welcome,,2026-09-01,False
N004451,C004249,welcome,,2026-08-21,True
N004452,C004250,welcome,,2026-07-14,True
N004453,C004250,compliance_change,INS001,2026-08-03,False
N004454,C004251,welcome,,2026-07-11,True
N004455,C004252,welcome,,2026-08-19,True
N004456,C004253,welcome,,2026-08-19,False
N004457,C004254,welcome,,2026-08-18,False
N004458,C004255,welcome,,2026-08-08,True
N004459,C004256,welcome,,2026-07-13,False
N004460,C004256,compliance_change,INS001,2026-08-03,True
N004461,C004257,welcome,,2026-07-31,False
N004462,C004258,welcome,,2026-09-06,False
N004463,C004259,welcome,,2026-09-21,True
N004464,C004260,welcome,,2026-08-20,True
N004465,C004261,welcome,,2026-09-26,False
N004466,C004262,welcome,,2026-08-28,True
N004467,C004263,welcome,,2026-07-08,True
N004468,C004264,welcome,,2026-08-18,False
N004469,C004265,welcome,,2026-08-13,True
N004470,C004266,welcome,,2026-09-16,True
N004471,C004267,welcome,,2026-08-21,False
N004472,C004268,welcome,,2026-08-25,True
N004473,C004269,welcome,,2026-07-24,False
N004474,C004270,welcome,,2026-08-08,True
N004475,C004271,welcome,,2026-09-21,False
N004476,C004272,welcome,,2026-09-14,True
N004477,C004273,welcome,,2026-08-16,True
N004478,C004274,welcome,,2026-08-19,True
N004479,C004275,welcome,,2026-08-22,True
N004480,C004276,welcome,,2026-08-22,False
N004481,C004277,welcome,,2026-09-23,True
N004482,C004278,welcome,,2026-07-25,False
N004483,C004279,welcome,,2026-08-15,True
N004484,C004280,welcome,,2026-08-08,True
N004485,C004281,welcome,,2026-09-25,True
N004486,C004282,welcome,,2026-07-13,True
N004487,C004283,welcome,,2026-09-20,False
N004488,C004284,welcome,,2026-07-19,False
N004489,C004285,welcome,,2026-09-02,False
N004490,C004286,welcome,,2026-09-25,True
N004491,C004287,welcome,,2026-07-10,True
N004492,C004288,welcome,,2026-07-12,False
N004493,C004289,welcome,,2026-08-07,True
N004494,C004290,welcome,,2026-07-12,False
N004495,C004291,welcome,,2026-07-09,True
N004496,C004292,welcome,,2026-08-16,True
N004497,C004293,welcome,,2026-09-14,True
N004498,C004294,welcome,,2026-08-22,False
N004499,C004295,welcome,,2026-07-12,False
N004500,C004295,compliance_change,INS001,2026-08-03,True
N004501,C004296,welcome,,2026-09-03,True
N004502,C004297,welcome,,2026-07-20,False
N004503,C004298,welcome,,2026-07-20,True
N004504,C004298,compliance_change,INS001,2026-08-03,False
N004505,C004299,welcome,,2026-07-17,False
N004506,C004299,compliance_change,INS001,2026-08-03,False
N004507,C004300,welcome,,2026-09-01,True
N004508,C004301,welcome,,2026-08-31,True
N004509,C004302,welcome,,2026-07-24,False
N004510,C004303,welcome,,2026-09-26,True
N004511,C004304,welcome,,2026-07-07,False
N004512,C004304,compliance_change,INS001,2026-08-03,False
N004513,C004305,welcome,,2026-09-19,True
N004514,C004306,welcome,,2026-08-22,False
N004515,C004307,welcome,,2026-08-02,False
N004516,C004308,welcome,,2026-07-07,False
N004517,C004308,compliance_change,INS001,2026-08-03,True
N004518,C004309,welcome,,2026-07-04,True
N004519,C004310,welcome,,2026-08-08,False
N004520,C004311,welcome,,2026-09-02,False
N004521,C004312,welcome,,2026-08-18,False
N004522,C004313,welcome,,2026-07-07,True
N004523,C004313,compliance_change,INS001,2026-08-03,False
N004524,C004314,welcome,,2026-09-20,False
N004525,C004315,welcome,,2026-08-05,False
N004526,C004316,welcome,,2026-09-26,True
N004527,C004317,welcome,,2026-07-10,True
N004528,C004318,welcome,,2026-09-27,True
N004529,C004319,welcome,,2026-07-10,True
N004530,C004320,welcome,,2026-09-01,False
N004531,C004321,welcome,,2026-09-30,False
N004532,C004322,welcome,,2026-08-18,True
N004533,C004323,welcome,,2026-08-08,True
N004534,C004324,welcome,,2026-07-23,False
N004535,C004325,welcome,,2026-08-22,False
N004536,C004326,welcome,,2026-08-03,True
N004537,C004327,welcome,,2026-07-24,True
N004538,C004327,compliance_change,INS001,2026-08-03,False
N004539,C004328,welcome,,2026-07-22,True
N004540,C004328,compliance_change,INS001,2026-08-03,True
N004541,C004329,welcome,,2026-09-10,True
N004542,C004330,welcome,,2026-07-24,True
N004543,C004330,compliance_change,INS001,2026-08-03,True
N004544,C004331,welcome,,2026-09-24,True
N004545,C004332,welcome,,2026-08-01,True
N004546,C004333,welcome,,2026-07-09,False
N004547,C004334,welcome,,2026-09-23,False
N004548,C004335,welcome,,2026-08-01,True
N004549,C004336,welcome,,2026-07-16,True
N004550,C004337,welcome,,2026-07-29,True
N004551,C004338,welcome,,2026-07-27,True
N004552,C004339,welcome,,2026-08-21,True
N004553,C004340,welcome,,2026-09-25,True
N004554,C004341,welcome,,2026-08-18,False
N004555,C004342,welcome,,2026-09-14,False
N004556,C004343,welcome,,2026-09-16,False
N004557,C004344,welcome,,2026-07-08,False
N004558,C004345,welcome,,2026-09-18,True
N004559,C004346,welcome,,2026-08-06,False
N004560,C004347,welcome,,2026-09-08,True
N004561,C004348,welcome,,2026-09-29,True
N004562,C004349,welcome,,2026-09-04,True
N004563,C004350,welcome,,2026-09-27,False
N004564,C004351,welcome,,2026-09-27,True
N004565,C004352,welcome,,2026-07-22,False
N004566,C004353,welcome,,2026-08-03,False
N004567,C004354,welcome,,2026-07-25,True
N004568,C004355,welcome,,2026-08-31,False
N004569,C004356,welcome,,2026-08-26,True
N004570,C004357,welcome,,2026-07-06,True
N004571,C004357,compliance_change,INS001,2026-08-03,False
N004572,C004358,welcome,,2026-08-04,False
N004573,C004359,welcome,,2026-09-15,True
N004574,C004360,welcome,,2026-08-21,False
N004575,C004361,welcome,,2026-08-04,True
N004576,C004362,welcome,,2026-08-10,True
N004577,C004363,welcome,,2026-08-07,False
N004578,C004364,welcome,,2026-09-28,False
N004579,C004365,welcome,,2026-09-17,True
N004580,C004366,welcome,,2026-08-03,False
N004581,C004367,welcome,,2026-09-25,True
N004582,C004368,welcome,,2026-08-29,True
N004583,C004369,welcome,,2026-07-22,False
N004584,C004370,welcome,,2026-07-04,True
N004585,C004371,welcome,,2026-09-30,True
N004586,C004372,welcome,,2026-09-26,False
N004587,C004373,welcome,,2026-09-26,False
N004588,C004374,welcome,,2026-08-07,True
N004589,C004375,welcome,,2026-09-14,True
N004590,C004376,welcome,,2026-07-30,False
N004591,C004377,welcome,,2026-09-26,True
N004592,C004378,welcome,,2026-09-29,False
N004593,C004379,welcome,,2026-07-13,True
N004594,C004380,welcome,,2026-07-22,False
N004595,C004380,compliance_change,INS001,2026-08-03,False
N004596,C004381,welcome,,2026-09-13,False
N004597,C004382,welcome,,2026-08-06,False
N004598,C004383,welcome,,2026-07-08,False
N004599,C004383,compliance_change,INS001,2026-08-03,False
N004600,C004384,welcome,,2026-07-20,False
N004601,C004384,compliance_change,INS001,2026-08-03,False
N004602,C004385,welcome,,2026-09-29,True
N004603,C004386,welcome,,2026-09-21,True
N004604,C004387,welcome,,2026-09-06,False
N004605,C004388,welcome,,2026-08-22,False
N004606,C004389,welcome,,2026-08-20,False
N004607,C004390,welcome,,2026-07-22,False
N004608,C004390,compliance_change,INS001,2026-08-03,False
N004609,C004391,welcome,,2026-08-20,True
N004610,C004392,welcome,,2026-09-26,False
N004611,C004393,welcome,,2026-07-07,True
N004612,C004393,compliance_change,INS001,2026-08-03,True
N004613,C004394,welcome,,2026-07-23,False
N004614,C004395,welcome,,2026-07-31,False
N004615,C004396,welcome,,2026-09-02,True
N004616,C004397,welcome,,2026-09-05,True
N004617,C004398,welcome,,2026-08-17,False
N004618,C004399,welcome,,2026-08-18,False
N004619,C004400,welcome,,2026-08-01,False
N004620,C004401,welcome,,2026-08-28,False
N004621,C004402,welcome,,2026-08-06,True
N004622,C004403,welcome,,2026-08-24,False
N004623,C004404,welcome,,2026-09-03,False
N004624,C004405,welcome,,2026-08-22,False
N004625,C004406,welcome,,2026-09-30,True
N004626,C004407,welcome,,2026-08-01,False
N004627,C004408,welcome,,2026-07-25,False
N004628,C004409,welcome,,2026-07-26,False
N004629,C004410,welcome,,2026-08-13,False
N004630,C004411,welcome,,2026-07-22,True
N004631,C004412,welcome,,2026-08-04,True
N004632,C004413,welcome,,2026-07-08,True
N004633,C004413,compliance_change,INS001,2026-08-03,True
N004634,C004414,welcome,,2026-07-07,False
N004635,C004415,welcome,,2026-08-31,True
N004636,C004416,welcome,,2026-09-02,False
N004637,C004417,welcome,,2026-09-02,True
N004638,C004418,welcome,,2026-07-21,True
N004639,C004418,compliance_change,INS001,2026-08-03,False
N004640,C004419,welcome,,2026-07-09,True
N004641,C004419,compliance_change,INS001,2026-08-03,True
N004642,C004420,welcome,,2026-09-15,True
N004643,C004421,welcome,,2026-09-03,True
N004644,C004422,welcome,,2026-08-20,True
N004645,C004423,welcome,,2026-09-18,False
N004646,C004424,welcome,,2026-08-18,False
N004647,C004425,welcome,,2026-09-18,True
N004648,C004426,welcome,,2026-07-13,True
N004649,C004426,compliance_change,INS001,2026-08-03,False
N004650,C004427,welcome,,2026-09-05,True
N004651,C004428,welcome,,2026-09-19,False
N004652,C004429,welcome,,2026-08-25,False
N004653,C004430,welcome,,2026-08-04,False
N004654,C004431,welcome,,2026-08-06,True
N004655,C004432,welcome,,2026-07-24,False
N004656,C004432,compliance_change,INS001,2026-08-03,False
N004657,C004433,welcome,,2026-09-16,True
N004658,C004434,welcome,,2026-08-19,False
N004659,C004435,welcome,,2026-07-22,False
N004660,C004436,welcome,,2026-08-28,True
N004661,C004437,welcome,,2026-09-28,True
N004662,C004438,welcome,,2026-09-28,True
N004663,C004439,welcome,,2026-07-25,True
N004664,C004440,welcome,,2026-07-02,True
N004665,C004441,welcome,,2026-09-19,False
N004666,C004442,welcome,,2026-09-30,False
N004667,C004443,welcome,,2026-07-13,False
N004668,C004443,compliance_change,INS001,2026-08-03,False
N004669,C004444,welcome,,2026-07-08,True
N004670,C004445,welcome,,2026-09-27,True
N004671,C004446,welcome,,2026-09-20,False
N004672,C004447,welcome,,2026-07-14,True
N004673,C004448,welcome,,2026-08-27,False
N004674,C004449,welcome,,2026-07-05,False
N004675,C004449,compliance_change,INS001,2026-08-03,True
N004676,C004450,welcome,,2026-07-09,False
N004677,C004450,compliance_change,INS001,2026-08-03,True
N004678,C004451,welcome,,2026-07-08,False
N004679,C004451,compliance_change,INS001,2026-08-03,False
N004680,C004452,welcome,,2026-08-18,False
N004681,C004453,welcome,,2026-08-17,True
N004682,C004454,welcome,,2026-09-22,False
N004683,C004455,welcome,,2026-09-05,True
N004684,C004456,welcome,,2026-08-17,True
N004685,C004457,welcome,,2026-08-06,False
N004686,C004458,welcome,,2026-09-14,False
N004687,C004459,welcome,,2026-07-10,True
N004688,C004460,welcome,,2026-09-28,False
N004689,C004461,welcome,,2026-09-03,False
N004690,C004462,welcome,,2026-09-14,True
N004691,C004463,welcome,,2026-07-21,True
N004692,C004464,welcome,,2026-08-19,False
N004693,C004465,welcome,,2026-08-27,True
N004694,C004466,welcome,,2026-07-24,False
N004695,C004467,welcome,,2026-08-03,True
N004696,C004468,welcome,,2026-07-25,False
N004697,C004469,welcome,,2026-07-29,False
N004698,C004470,welcome,,2026-08-05,False
N004699,C004471,welcome,,2026-09-13,False
N004700,C004472,welcome,,2026-08-06,False
N004701,C004473,welcome,,2026-09-27,True
N004702,C004474,welcome,,2026-08-19,False
N004703,C004475,welcome,,2026-08-04,False
N004704,C004476,welcome,,2026-08-05,True
N004705,C004477,welcome,,2026-09-20,True
N004706,C004478,welcome,,2026-08-31,True
N004707,C004479,welcome,,2026-07-21,True
N004708,C004479,compliance_change,INS001,2026-08-03,False
N004709,C004480,welcome,,2026-07-26,True
N004710,C004481,welcome,,2026-08-25,True
N004711,C004482,welcome,,2026-07-25,False
N004712,C004483,welcome,,2026-07-04,False
N004713,C004484,welcome,,2026-08-12,True
N004714,C004485,welcome,,2026-09-14,False
N004715,C004486,welcome,,2026-07-13,False
N004716,C004486,compliance_change,INS001,2026-08-03,False
N004717,C004487,welcome,,2026-08-06,True
N004718,C004488,welcome,,2026-07-07,True
N004719,C004488,compliance_change,INS001,2026-08-03,True
N004720,C004489,welcome,,2026-08-07,False
N004721,C004490,welcome,,2026-09-05,False
N004722,C004491,welcome,,2026-09-03,False
N004723,C004492,welcome,,2026-09-15,False
N004724,C004493,welcome,,2026-08-18,True
N004725,C004494,welcome,,2026-08-13,True
N004726,C004495,welcome,,2026-09-04,True
N004727,C004496,welcome,,2026-07-07,False
N004728,C004497,welcome,,2026-09-25,True
N004729,C004498,welcome,,2026-08-24,False
N004730,C004499,welcome,,2026-07-26,True
N004731,C004500,welcome,,2026-08-23,False
N004732,C004501,welcome,,2026-09-14,False
N004733,C004502,welcome,,2026-08-27,True
N004734,C004503,welcome,,2026-08-18,False
N004735,C004504,welcome,,2026-07-12,True
N004736,C004505,welcome,,2026-07-22,False
N004737,C004505,compliance_change,INS001,2026-08-03,True
N004738,C004506,welcome,,2026-07-13,False
N004739,C004507,welcome,,2026-08-05,True
N004740,C004508,welcome,,2026-09-04,False
N004741,C004509,welcome,,2026-08-20,True
N004742,C004510,welcome,,2026-08-04,True
N004743,C004511,welcome,,2026-07-10,False
N004744,C004511,compliance_change,INS001,2026-08-03,True
N004745,C004512,welcome,,2026-09-25,False
N004746,C004513,welcome,,2026-07-23,False
N004747,C004513,compliance_change,INS001,2026-08-03,True
N004748,C004514,welcome,,2026-07-07,False
N004749,C004515,welcome,,2026-09-15,True
N004750,C004516,welcome,,2026-08-05,True
N004751,C004517,welcome,,2026-08-04,True
N004752,C004518,welcome,,2026-07-08,False
N004753,C004519,welcome,,2026-08-19,True
N004754,C004520,welcome,,2026-08-05,False
N004755,C004521,welcome,,2026-07-23,True
N004756,C004521,compliance_change,INS001,2026-08-03,False
N004757,C004522,welcome,,2026-08-31,False
N004758,C004523,welcome,,2026-07-10,False
N004759,C004523,compliance_change,INS001,2026-08-03,True
N004760,C004524,welcome,,2026-07-26,False
N004761,C004525,welcome,,2026-09-14,False
N004762,C004526,welcome,,2026-07-25,True
N004763,C004527,welcome,,2026-09-14,True
N004764,C004528,welcome,,2026-08-18,True
N004765,C004529,welcome,,2026-09-04,True
N004766,C004530,welcome,,2026-09-28,False
N004767,C004531,welcome,,2026-08-23,True
N004768,C004532,welcome,,2026-07-13,True
N004769,C004532,compliance_change,INS001,2026-08-03,False
N004770,C004533,welcome,,2026-09-01,True
N004771,C004534,welcome,,2026-09-26,False
N004772,C004535,welcome,,2026-09-25,True
N004773,C004536,welcome,,2026-08-17,True
N004774,C004537,welcome,,2026-08-17,True
N004775,C004538,welcome,,2026-09-21,True
N004776,C004539,welcome,,2026-07-11,False
N004777,C004540,welcome,,2026-07-29,True
N004778,C004540,compliance_change,INS001,2026-08-03,False
N004779,C004541,welcome,,2026-07-07,False
N004780,C004542,welcome,,2026-09-16,False
N004781,C004543,welcome,,2026-08-19,True
N004782,C004544,welcome,,2026-09-19,True
N004783,C004545,welcome,,2026-08-04,True
N004784,C004546,welcome,,2026-07-21,True
N004785,C004547,welcome,,2026-09-16,True
N004786,C004548,welcome,,2026-08-18,True
N004787,C004549,welcome,,2026-07-12,False
N004788,C004550,welcome,,2026-07-21,True
N004789,C004550,compliance_change,INS001,2026-08-03,True
N004790,C004551,welcome,,2026-07-26,True
N004791,C004551,compliance_change,INS001,2026-08-03,False
N004792,C004552,welcome,,2026-09-24,True
N004793,C004553,welcome,,2026-09-06,True
N004794,C004554,welcome,,2026-09-25,False
N004795,C004555,welcome,,2026-07-22,True
N004796,C004556,welcome,,2026-09-28,True
N004797,C004557,welcome,,2026-07-07,False
N004798,C004558,welcome,,2026-09-06,True
N004799,C004559,welcome,,2026-08-09,True
N004800,C004560,welcome,,2026-08-03,True
N004801,C004561,welcome,,2026-09-28,True
N004802,C004562,welcome,,2026-09-26,False
N004803,C004563,welcome,,2026-09-18,True
N004804,C004564,welcome,,2026-09-20,True
N004805,C004565,welcome,,2026-07-09,True
N004806,C004565,compliance_change,INS001,2026-08-03,False
N004807,C004566,welcome,,2026-07-07,True
N004808,C004566,compliance_change,INS001,2026-08-03,False
N004809,C004567,welcome,,2026-07-09,True
N004810,C004568,welcome,,2026-09-21,True
N004811,C004569,welcome,,2026-08-25,False
N004812,C004570,welcome,,2026-08-16,False
N004813,C004571,welcome,,2026-09-18,False
N004814,C004572,welcome,,2026-09-04,True
N004815,C004573,welcome,,2026-09-08,False
N004816,C004574,welcome,,2026-09-01,False
N004817,C004575,welcome,,2026-07-26,False
N004818,C004576,welcome,,2026-07-11,True
N004819,C004576,compliance_change,INS001,2026-08-03,False
N004820,C004577,welcome,,2026-07-24,False
N004821,C004578,welcome,,2026-09-02,True
N004822,C004579,welcome,,2026-09-13,True
N004823,C004580,welcome,,2026-09-03,True
N004824,C004581,welcome,,2026-07-26,True
N004825,C004582,welcome,,2026-08-19,True
N004826,C004583,welcome,,2026-07-22,False
N004827,C004583,compliance_change,INS001,2026-08-03,False
N004828,C004584,welcome,,2026-09-29,False
N004829,C004585,welcome,,2026-09-17,True
N004830,C004586,welcome,,2026-09-05,False
N004831,C004587,welcome,,2026-08-18,True
N004832,C004588,welcome,,2026-08-18,True
N004833,C004589,welcome,,2026-09-02,False
N004834,C004590,welcome,,2026-08-31,False
N004835,C004591,welcome,,2026-09-16,True
N004836,C004592,welcome,,2026-08-18,True
N004837,C004593,welcome,,2026-09-30,True
N004838,C004594,welcome,,2026-09-13,False
N004839,C004595,welcome,,2026-09-02,True
N004840,C004596,welcome,,2026-07-24,True
N004841,C004597,welcome,,2026-09-25,False
N004842,C004598,welcome,,2026-08-19,False
N004843,C004599,welcome,,2026-08-05,True
N004844,C004600,welcome,,2026-09-14,True
N004845,C004601,welcome,,2026-09-01,False
N004846,C004602,welcome,,2026-07-22,False
N004847,C004603,welcome,,2026-07-22,False
N004848,C004604,welcome,,2026-08-11,True
N004849,C004605,welcome,,2026-07-07,True
N004850,C004606,welcome,,2026-08-31,False
N004851,C004607,welcome,,2026-07-24,True
N004852,C004607,compliance_change,INS001,2026-08-03,True
N004853,C004608,welcome,,2026-09-04,False
N004854,C004609,welcome,,2026-08-17,True
N004855,C004610,welcome,,2026-08-03,True
N004856,C004611,welcome,,2026-08-11,False
N004857,C004612,welcome,,2026-08-04,False
N004858,C004613,welcome,,2026-09-15,False
N004859,C004614,welcome,,2026-09-18,False
N004860,C004615,welcome,,2026-07-07,True
N004861,C004615,compliance_change,INS001,2026-08-03,False
N004862,C004616,welcome,,2026-09-29,True
N004863,C004617,welcome,,2026-09-26,False
N004864,C004618,welcome,,2026-08-26,False
N004865,C004619,welcome,,2026-09-02,False
N004866,C004620,welcome,,2026-09-28,False
N004867,C004621,welcome,,2026-09-01,True
N004868,C004622,welcome,,2026-07-07,True
N004869,C004623,welcome,,2026-07-08,True
N004870,C004624,welcome,,2026-09-06,True
N004871,C004625,welcome,,2026-09-18,False
N004872,C004626,welcome,,2026-08-19,True
N004873,C004627,welcome,,2026-09-20,False
N004874,C004628,welcome,,2026-09-24,True
N004875,C004629,welcome,,2026-08-14,False
N004876,C004630,welcome,,2026-07-22,False
N004877,C004630,compliance_change,INS001,2026-08-03,True
N004878,C004631,welcome,,2026-08-20,True
N004879,C004632,welcome,,2026-09-02,True
N004880,C004633,welcome,,2026-07-23,True
N004881,C004634,welcome,,2026-08-17,True
N004882,C004635,welcome,,2026-09-19,False
N004883,C004636,welcome,,2026-09-07,True
N004884,C004637,welcome,,2026-07-21,True
N004885,C004638,welcome,,2026-07-17,True
N004886,C004639,welcome,,2026-07-09,True
N004887,C004639,compliance_change,INS001,2026-08-03,True
N004888,C004640,welcome,,2026-08-04,False
N004889,C004641,welcome,,2026-09-24,False
N004890,C004642,welcome,,2026-09-16,False
N004891,C004643,welcome,,2026-09-19,False
N004892,C004644,welcome,,2026-09-26,False
N004893,C004645,welcome,,2026-08-23,True
N004894,C004646,welcome,,2026-07-27,False
N004895,C004647,welcome,,2026-08-03,False
N004896,C004648,welcome,,2026-09-30,False
N004897,C004649,welcome,,2026-09-20,False
N004898,C004650,welcome,,2026-09-16,True
N004899,C004651,welcome,,2026-07-10,False
N004900,C004652,welcome,,2026-08-21,True
N004901,C004653,welcome,,2026-09-25,False
N004902,C004654,welcome,,2026-09-19,True
N004903,C004655,welcome,,2026-07-23,True
N004904,C004656,welcome,,2026-07-16,False
N004905,C004657,welcome,,2026-08-19,True
N004906,C004658,welcome,,2026-07-11,False
N004907,C004659,welcome,,2026-08-18,True
N004908,C004660,welcome,,2026-08-05,False
N004909,C004661,welcome,,2026-07-08,False
N004910,C004662,welcome,,2026-09-28,True
N004911,C004663,welcome,,2026-09-28,True
N004912,C004664,welcome,,2026-07-27,False
N004913,C004665,welcome,,2026-09-20,False
N004914,C004666,welcome,,2026-08-24,False
N004915,C004667,welcome,,2026-08-28,True
N004916,C004668,welcome,,2026-08-03,True
N004917,C004669,welcome,,2026-08-22,False
N004918,C004670,welcome,,2026-08-30,True
N004919,C004671,welcome,,2026-08-12,True
N004920,C004672,welcome,,2026-09-26,False
N004921,C004673,welcome,,2026-09-26,False
N004922,C004674,welcome,,2026-07-29,False
N004923,C004675,welcome,,2026-08-04,False
N004924,C004676,welcome,,2026-09-25,False
N004925,C004677,welcome,,2026-09-01,False
N004926,C004678,welcome,,2026-08-01,True
N004927,C004679,welcome,,2026-07-12,True
N004928,C004679,compliance_change,INS001,2026-08-03,False
N004929,C004680,welcome,,2026-09-23,False
N004930,C004681,welcome,,2026-07-21,True
N004931,C004681,compliance_change,INS001,2026-08-03,True
N004932,C004682,welcome,,2026-07-28,True
N004933,C004683,welcome,,2026-07-14,False
N004934,C004684,welcome,,2026-09-16,True
N004935,C004685,welcome,,2026-09-19,False
N004936,C004686,welcome,,2026-09-15,False
N004937,C004687,welcome,,2026-09-18,False
N004938,C004688,welcome,,2026-08-21,True
N004939,C004689,welcome,,2026-08-18,False
N004940,C004690,welcome,,2026-07-15,True
N004941,C004690,compliance_change,INS001,2026-08-03,False
N004942,C004691,welcome,,2026-07-08,True
N004943,C004692,welcome,,2026-08-02,True
N004944,C004693,welcome,,2026-08-05,True
N004945,C004694,welcome,,2026-09-20,True
N004946,C004695,welcome,,2026-08-13,True
N004947,C004696,welcome,,2026-07-04,True
N004948,C004697,welcome,,2026-09-08,False
N004949,C004698,welcome,,2026-09-09,False
N004950,C004699,welcome,,2026-09-16,False
N004951,C004700,welcome,,2026-07-18,True
N004952,C004700,compliance_change,INS001,2026-08-03,False
N004953,C004701,welcome,,2026-08-27,True
N004954,C004702,welcome,,2026-08-17,True
N004955,C004703,welcome,,2026-07-09,True
N004956,C004704,welcome,,2026-09-03,False
N004957,C004705,welcome,,2026-09-15,True
N004958,C004706,welcome,,2026-09-15,False
N004959,C004707,welcome,,2026-09-29,False
N004960,C004708,welcome,,2026-08-21,False
N004961,C004709,welcome,,2026-09-14,True
N004962,C004710,welcome,,2026-07-20,False
N004963,C004710,compliance_change,INS001,2026-08-03,False
N004964,C004711,welcome,,2026-09-16,False
N004965,C004712,welcome,,2026-09-02,True
N004966,C004713,welcome,,2026-08-06,False
N004967,C004714,welcome,,2026-08-21,False
N004968,C004715,welcome,,2026-09-25,False
N004969,C004716,welcome,,2026-08-31,True
N004970,C004717,welcome,,2026-09-05,True
N004971,C004718,welcome,,2026-08-15,False
N004972,C004719,welcome,,2026-08-25,False
N004973,C004720,welcome,,2026-09-14,False
N004974,C004721,welcome,,2026-08-03,True
N004975,C004722,welcome,,2026-07-10,False
N004976,C004722,compliance_change,INS001,2026-08-03,True
N004977,C004723,welcome,,2026-09-01,True
N004978,C004724,welcome,,2026-07-13,False
N004979,C004724,compliance_change,INS001,2026-08-03,True
N004980,C004725,welcome,,2026-09-05,False
N004981,C004726,welcome,,2026-07-04,True
N004982,C004727,welcome,,2026-08-25,True
N004983,C004728,welcome,,2026-09-27,False
N004984,C004729,welcome,,2026-08-09,False
N004985,C004730,welcome,,2026-08-01,True
N004986,C004731,welcome,,2026-09-24,True
N004987,C004732,welcome,,2026-09-05,False
N004988,C004733,welcome,,2026-07-08,True
N004989,C004734,welcome,,2026-08-01,True
N004990,C004735,welcome,,2026-08-04,True
N004991,C004736,welcome,,2026-08-05,True
N004992,C004737,welcome,,2026-09-26,False
N004993,C004738,welcome,,2026-07-28,True
N004994,C004739,welcome,,2026-07-24,False
N004995,C004739,compliance_change,INS001,2026-08-03,True
N004996,C004740,welcome,,2026-07-08,False
N004997,C004741,welcome,,2026-08-25,False
N004998,C004742,welcome,,2026-07-17,True
N004999,C004742,compliance_change,INS001,2026-08-03,True
N005000,C004743,welcome,,2026-07-21,True
N005001,C004743,compliance_change,INS001,2026-08-03,True
N005002,C004744,welcome,,2026-09-20,False
N005003,C004745,welcome,,2026-07-22,False
N005004,C004746,welcome,,2026-08-20,True
N005005,C004747,welcome,,2026-08-22,True
N005006,C004748,welcome,,2026-08-03,True
N005007,C004749,welcome,,2026-08-21,True
N005008,C004750,welcome,,2026-09-19,True
N005009,C004751,welcome,,2026-07-31,False
N005010,C004752,welcome,,2026-08-17,True
N005011,C004753,welcome,,2026-09-19,True
N005012,C004754,welcome,,2026-08-31,False
N005013,C004755,welcome,,2026-09-26,True
N005014,C004756,welcome,,2026-09-15,True
N005015,C004757,welcome,,2026-08-17,True
N005016,C004758,welcome,,2026-08-04,True
N005017,C004759,welcome,,2026-09-17,True
N005018,C004760,welcome,,2026-09-18,False
N005019,C004761,welcome,,2026-07-17,False
N005020,C004761,compliance_change,INS001,2026-08-03,True
N005021,C004762,welcome,,2026-09-16,False
N005022,C004763,welcome,,2026-08-16,True
N005023,C004764,welcome,,2026-09-17,True
N005024,C004765,welcome,,2026-07-03,True
N005025,C004765,compliance_change,INS001,2026-08-03,True
N005026,C004766,welcome,,2026-08-05,True
N005027,C004767,welcome,,2026-09-16,False
N005028,C004768,welcome,,2026-09-20,False
N005029,C004769,welcome,,2026-09-25,True
N005030,C004770,welcome,,2026-09-13,False
N005031,C004771,welcome,,2026-09-27,False
N005032,C004772,welcome,,2026-08-18,True
N005033,C004773,welcome,,2026-09-16,False
N005034,C004774,welcome,,2026-09-15,True
N005035,C004775,welcome,,2026-07-14,False
N005036,C004775,compliance_change,INS001,2026-08-03,False
N005037,C004776,welcome,,2026-07-23,False
N005038,C004777,welcome,,2026-08-22,True
N005039,C004778,welcome,,2026-08-11,False
N005040,C004779,welcome,,2026-09-28,False
N005041,C004780,welcome,,2026-09-25,False
N005042,C004781,welcome,,2026-09-25,True
N005043,C004782,welcome,,2026-09-29,False
N005044,C004783,welcome,,2026-07-23,True
N005045,C004784,welcome,,2026-09-01,True
N005046,C004785,welcome,,2026-07-19,True
N005047,C004786,welcome,,2026-07-11,False
N005048,C004786,compliance_change,INS001,2026-08-03,True
N005049,C004787,welcome,,2026-07-28,False
N005050,C004788,welcome,,2026-08-18,True
N005051,C004789,welcome,,2026-09-16,True
N005052,C004790,welcome,,2026-09-27,True
N005053,C004791,welcome,,2026-08-03,False
N005054,C004792,welcome,,2026-07-26,True
N005055,C004793,welcome,,2026-07-23,False
N005056,C004793,compliance_change,INS001,2026-08-03,True
N005057,C004794,welcome,,2026-08-05,True
N005058,C004795,welcome,,2026-08-31,True
N005059,C004796,welcome,,2026-09-01,True
N005060,C004797,welcome,,2026-08-17,False
N005061,C004798,welcome,,2026-09-27,False
N005062,C004799,welcome,,2026-08-06,False
N005063,C004800,welcome,,2026-08-06,False
N005064,C004801,welcome,,2026-08-01,False
N005065,C004802,welcome,,2026-08-16,False
N005066,C004803,welcome,,2026-08-06,False
N005067,C004804,welcome,,2026-07-23,False
N005068,C004805,welcome,,2026-07-22,False
N005069,C004806,welcome,,2026-07-22,False
N005070,C004807,welcome,,2026-07-07,False
N005071,C004808,welcome,,2026-08-05,False
N005072,C004809,welcome,,2026-09-04,True
N005073,C004810,welcome,,2026-07-23,False
N005074,C004811,welcome,,2026-09-11,False
N005075,C004812,welcome,,2026-08-13,True
N005076,C004813,welcome,,2026-09-19,False
N005077,C004814,welcome,,2026-08-20,True
N005078,C004815,welcome,,2026-08-02,True
N005079,C004816,welcome,,2026-09-27,True
N005080,C004817,welcome,,2026-07-08,False
N005081,C004818,welcome,,2026-08-04,False
N005082,C004819,welcome,,2026-08-15,False
N005083,C004820,welcome,,2026-09-05,False
N005084,C004821,welcome,,2026-09-29,True
N005085,C004822,welcome,,2026-09-02,True
N005086,C004823,welcome,,2026-08-31,True
N005087,C004824,welcome,,2026-09-19,True
N005088,C004825,welcome,,2026-08-18,True
N005089,C004826,welcome,,2026-09-13,False
N005090,C004827,welcome,,2026-08-31,False
N005091,C004828,welcome,,2026-07-21,False
N005092,C004829,welcome,,2026-09-23,False
N005093,C004830,welcome,,2026-08-19,True
N005094,C004831,welcome,,2026-08-11,False
N005095,C004832,welcome,,2026-09-26,False
N005096,C004833,welcome,,2026-07-16,True
N005097,C004834,welcome,,2026-07-15,False
N005098,C004834,compliance_change,INS001,2026-08-03,False
N005099,C004835,welcome,,2026-08-24,False
N005100,C004836,welcome,,2026-08-07,True
N005101,C004837,welcome,,2026-09-10,False
N005102,C004838,welcome,,2026-09-25,False
N005103,C004839,welcome,,2026-07-12,True
N005104,C004840,welcome,,2026-09-24,True
N005105,C004841,welcome,,2026-08-23,True
N005106,C004842,welcome,,2026-08-29,True
N005107,C004843,welcome,,2026-08-04,False
N005108,C004844,welcome,,2026-08-07,False
N005109,C004845,welcome,,2026-07-21,True
N005110,C004845,compliance_change,INS001,2026-08-03,True
N005111,C004846,welcome,,2026-09-22,True
N005112,C004847,welcome,,2026-09-21,False
N005113,C004848,welcome,,2026-09-28,True
N005114,C004849,welcome,,2026-08-15,True
N005115,C004850,welcome,,2026-07-22,True
N005116,C004851,welcome,,2026-09-29,True
N005117,C004852,welcome,,2026-08-05,False
N005118,C004853,welcome,,2026-07-21,True
N005119,C004854,welcome,,2026-07-26,True
N005120,C004855,welcome,,2026-07-22,True
N005121,C004855,compliance_change,INS001,2026-08-03,False
N005122,C004856,welcome,,2026-09-02,True
N005123,C004857,welcome,,2026-07-26,False
N005124,C004858,welcome,,2026-08-12,False
N005125,C004859,welcome,,2026-08-07,True
N005126,C004860,welcome,,2026-09-27,False
N005127,C004861,welcome,,2026-07-24,False
N005128,C004862,welcome,,2026-09-03,False
N005129,C004863,welcome,,2026-08-08,True
N005130,C004864,welcome,,2026-07-27,True
N005131,C004865,welcome,,2026-07-22,True
N005132,C004865,compliance_change,INS001,2026-08-03,False
N005133,C004866,welcome,,2026-08-03,False
N005134,C004867,welcome,,2026-09-17,True
N005135,C004868,welcome,,2026-09-14,False
N005136,C004869,welcome,,2026-08-05,False
N005137,C004870,welcome,,2026-09-06,False
N005138,C004871,welcome,,2026-09-25,True
N005139,C004872,welcome,,2026-08-07,True
N005140,C004873,welcome,,2026-08-21,True
N005141,C004874,welcome,,2026-07-21,True
N005142,C004875,welcome,,2026-09-21,False
N005143,C004876,welcome,,2026-07-22,True
N005144,C004876,compliance_change,INS001,2026-08-03,True
N005145,C004877,welcome,,2026-08-16,False
N005146,C004878,welcome,,2026-09-15,True
N005147,C004879,welcome,,2026-07-10,True
N005148,C004880,welcome,,2026-07-22,False
N005149,C004881,welcome,,2026-09-28,False
N005150,C004882,welcome,,2026-08-28,False
N005151,C004883,welcome,,2026-07-19,True
N005152,C004884,welcome,,2026-07-01,True
N005153,C004885,welcome,,2026-08-17,False
N005154,C004886,welcome,,2026-08-21,True
N005155,C004887,welcome,,2026-09-30,False
N005156,C004888,welcome,,2026-08-24,True
N005157,C004889,welcome,,2026-08-31,True
N005158,C004890,welcome,,2026-07-29,True
N005159,C004891,welcome,,2026-08-31,False
N005160,C004892,welcome,,2026-07-23,True
N005161,C004892,compliance_change,INS001,2026-08-03,True
N005162,C004893,welcome,,2026-07-26,True
N005163,C004894,welcome,,2026-09-26,True
N005164,C004895,welcome,,2026-08-22,False
N005165,C004896,welcome,,2026-07-21,False
N005166,C004897,welcome,,2026-09-02,True
N005167,C004898,welcome,,2026-09-06,True
N005168,C004899,welcome,,2026-07-23,False
N005169,C004899,compliance_change,INS001,2026-08-03,False
N005170,C004900,welcome,,2026-09-26,False
N005171,C004901,welcome,,2026-09-09,False
N005172,C004902,welcome,,2026-08-11,True
N005173,C004903,welcome,,2026-07-16,False
N005174,C004903,compliance_change,INS001,2026-08-03,True
N005175,C004904,welcome,,2026-07-12,True
N005176,C004904,compliance_change,INS001,2026-08-03,True
N005177,C004905,welcome,,2026-07-14,True
N005178,C004906,welcome,,2026-09-17,True
N005179,C004907,welcome,,2026-07-23,False
N005180,C004908,welcome,,2026-08-22,True
N005181,C004909,welcome,,2026-07-22,False
N005182,C004909,compliance_change,INS001,2026-08-03,True
N005183,C004910,welcome,,2026-08-13,True
N005184,C004911,welcome,,2026-07-12,True
N005185,C004912,welcome,,2026-09-20,False
N005186,C004913,welcome,,2026-07-10,True
N005187,C004913,compliance_change,INS001,2026-08-03,True
N005188,C004914,welcome,,2026-07-08,False
N005189,C004914,compliance_change,INS001,2026-08-03,False
N005190,C004915,welcome,,2026-07-26,True
N005191,C004916,welcome,,2026-08-05,True
N005192,C004917,welcome,,2026-09-06,True
N005193,C004918,welcome,,2026-08-03,False
N005194,C004919,welcome,,2026-09-26,False
N005195,C004920,welcome,,2026-08-18,True
N005196,C004921,welcome,,2026-08-21,True
N005197,C004922,welcome,,2026-09-14,True
N005198,C004923,welcome,,2026-08-19,True
N005199,C004924,welcome,,2026-07-09,True
N005200,C004925,welcome,,2026-08-08,True
N005201,C004926,welcome,,2026-08-31,False
N005202,C004927,welcome,,2026-07-09,True
N005203,C004928,welcome,,2026-07-27,False
N005204,C004929,welcome,,2026-07-07,False
N005205,C004929,compliance_change,INS001,2026-08-03,False
N005206,C004930,welcome,,2026-07-09,True
N005207,C004930,compliance_change,INS001,2026-08-03,False
N005208,C004931,welcome,,2026-08-19,True
N005209,C004932,welcome,,2026-09-14,False
N005210,C004933,welcome,,2026-08-04,False
N005211,C004934,welcome,,2026-08-12,True
N005212,C004935,welcome,,2026-09-05,False
N005213,C004936,welcome,,2026-07-23,True
N005214,C004937,welcome,,2026-07-18,False
N005215,C004938,welcome,,2026-09-30,False
N005216,C004939,welcome,,2026-08-22,False
N005217,C004940,welcome,,2026-07-09,False
N005218,C004941,welcome,,2026-07-08,False
N005219,C004942,welcome,,2026-07-26,True
N005220,C004942,compliance_change,INS001,2026-08-03,False
N005221,C004943,welcome,,2026-07-21,False
N005222,C004944,welcome,,2026-09-29,False
N005223,C004945,welcome,,2026-08-30,False
N005224,C004946,welcome,,2026-07-21,False
N005225,C004946,compliance_change,INS001,2026-08-03,False
N005226,C004947,welcome,,2026-07-09,True
N005227,C004947,compliance_change,INS001,2026-08-03,True
N005228,C004948,welcome,,2026-09-16,False
N005229,C004949,welcome,,2026-09-01,True
N005230,C004950,welcome,,2026-08-31,True
N005231,C004951,welcome,,2026-08-22,True
N005232,C004952,welcome,,2026-07-24,True
N005233,C004953,welcome,,2026-07-22,True
N005234,C004953,compliance_change,INS001,2026-08-03,True
N005235,C004954,welcome,,2026-07-09,False
N005236,C004954,compliance_change,INS001,2026-08-03,True
N005237,C004955,welcome,,2026-09-27,True
N005238,C004956,welcome,,2026-09-30,False
N005239,C004957,welcome,,2026-09-26,True
N005240,C004958,welcome,,2026-09-25,True
N005241,C004959,welcome,,2026-08-03,True
N005242,C004960,welcome,,2026-07-13,False
N005243,C004960,compliance_change,INS001,2026-08-03,True
N005244,C004961,welcome,,2026-08-07,True
N005245,C004962,welcome,,2026-08-08,True
N005246,C004963,welcome,,2026-07-24,False
N005247,C004964,welcome,,2026-08-03,True
N005248,C004965,welcome,,2026-07-28,True
N005249,C004966,welcome,,2026-07-09,False
N005250,C004967,welcome,,2026-09-30,False
N005251,C004968,welcome,,2026-09-03,False
N005252,C004969,welcome,,2026-08-20,True
N005253,C004970,welcome,,2026-08-07,True
N005254,C004971,welcome,,2026-08-06,True
N005255,C004972,welcome,,2026-09-02,False
N005256,C004973,welcome,,2026-09-03,False
N005257,C004974,welcome,,2026-09-27,True
N005258,C004975,welcome,,2026-09-05,False
N005259,C004976,welcome,,2026-08-18,True
N005260,C004977,welcome,,2026-08-18,False
N005261,C004978,welcome,,2026-09-02,True
N005262,C004979,welcome,,2026-09-15,False
N005263,C004980,welcome,,2026-07-27,True
N005264,C004981,welcome,,2026-09-04,True
N005265,C004982,welcome,,2026-08-26,True
N005266,C004983,welcome,,2026-09-27,True
N005267,C004984,welcome,,2026-07-21,False
N005268,C004984,compliance_change,INS001,2026-08-03,False
N005269,C004985,welcome,,2026-09-02,False
N005270,C004986,welcome,,2026-07-07,True
N005271,C004987,welcome,,2026-08-19,True
N005272,C004988,welcome,,2026-08-21,False
N005273,C004989,welcome,,2026-09-10,True
N005274,C004990,welcome,,2026-07-24,True
N005275,C004990,compliance_change,INS001,2026-08-03,False
N005276,C004991,welcome,,2026-09-20,False
N005277,C004992,welcome,,2026-07-22,False
N005278,C004992,compliance_change,INS001,2026-08-03,True
N005279,C004993,welcome,,2026-07-12,True
N005280,C004993,compliance_change,INS001,2026-08-03,False
N005281,C004994,welcome,,2026-08-07,True
N005282,C004995,welcome,,2026-08-17,True
N005283,C004996,welcome,,2026-09-04,True
N005284,C004997,welcome,,2026-08-08,True
N005285,C004998,welcome,,2026-09-27,False
N005286,C004999,welcome,,2026-07-24,True
N005287,C004999,compliance_change,INS001,2026-08-03,False
N005288,C005000,welcome,,2026-09-16,True
N005289,C005001,welcome,,2026-09-08,False
N005290,C005002,welcome,,2026-08-22,True
N005291,C005003,welcome,,2026-07-23,True
N005292,C005004,welcome,,2026-08-21,False
N005293,C005005,welcome,,2026-08-19,True
N005294,C005006,welcome,,2026-09-14,True
N005295,C005007,welcome,,2026-07-06,False
N005296,C005007,compliance_change,INS001,2026-08-03,False
N005297,C005008,welcome,,2026-09-06,True
N005298,C005009,welcome,,2026-09-20,False
N005299,C005010,welcome,,2026-08-31,False
N005300,C005011,welcome,,2026-08-06,True
N005301,C005012,welcome,,2026-09-03,True
N005302,C005013,welcome,,2026-08-17,True
N005303,C005014,welcome,,2026-08-23,True
N005304,C005015,welcome,,2026-08-31,False
N005305,C005016,welcome,,2026-09-25,False
N005306,C005017,welcome,,2026-09-25,True
N005307,C005018,welcome,,2026-09-03,True
N005308,C005019,welcome,,2026-08-04,True
N005309,C005020,welcome,,2026-08-17,False
N005310,C005021,welcome,,2026-07-09,True
N005311,C005022,welcome,,2026-08-09,False
N005312,C005023,welcome,,2026-09-14,True
N005313,C005024,welcome,,2026-09-14,True
N005314,C005025,welcome,,2026-08-29,False
N005315,C005026,welcome,,2026-09-21,False
N005316,C005027,welcome,,2026-08-19,True
N005317,C005028,welcome,,2026-08-05,False
N005318,C005029,welcome,,2026-09-17,True
N005319,C005030,welcome,,2026-07-07,True
N005320,C005030,compliance_change,INS001,2026-08-03,True
N005321,C005031,welcome,,2026-09-09,True
N005322,C005032,welcome,,2026-09-14,True
N005323,C005033,welcome,,2026-08-03,True
N005324,C005034,welcome,,2026-08-04,False
N005325,C005035,welcome,,2026-09-17,False
N005326,C005036,welcome,,2026-09-15,False
N005327,C005037,welcome,,2026-08-05,False
N005328,C005038,welcome,,2026-08-31,True
N005329,C005039,welcome,,2026-07-22,True
N005330,C005040,welcome,,2026-08-12,False
N005331,C005041,welcome,,2026-08-02,True
N005332,C005042,welcome,,2026-09-23,True
N005333,C005043,welcome,,2026-08-06,True
N005334,C005044,welcome,,2026-09-14,False
N005335,C005045,welcome,,2026-07-13,True
N005336,C005046,welcome,,2026-09-25,True
N005337,C005047,welcome,,2026-08-30,True
N005338,C005048,welcome,,2026-07-26,True
N005339,C005049,welcome,,2026-09-17,True
N005340,C005050,welcome,,2026-08-05,True
N005341,C005051,welcome,,2026-08-31,True
N005342,C005052,welcome,,2026-08-02,False
N005343,C005053,welcome,,2026-08-20,False
N005344,C005054,welcome,,2026-08-15,False
N005345,C005055,welcome,,2026-07-09,False
N005346,C005056,welcome,,2026-09-09,False
N005347,C005057,welcome,,2026-09-16,True
N005348,C005058,welcome,,2026-07-07,False
N005349,C005059,welcome,,2026-08-08,False
N005350,C005060,welcome,,2026-09-01,True
N005351,C005061,welcome,,2026-07-15,True
N005352,C005062,welcome,,2026-09-10,False
N005353,C005063,welcome,,2026-08-17,True
N005354,C005064,welcome,,2026-09-01,True
N005355,C005065,welcome,,2026-09-01,False
N005356,C005066,welcome,,2026-09-26,True
N005357,C005067,welcome,,2026-07-25,True
N005358,C005068,welcome,,2026-09-15,False
N005359,C005069,welcome,,2026-07-28,True
N005360,C005070,welcome,,2026-08-18,True
N005361,C005071,welcome,,2026-09-03,True
N005362,C005072,welcome,,2026-07-21,True
N005363,C005073,welcome,,2026-08-12,True
N005364,C005074,welcome,,2026-08-31,True
N005365,C005075,welcome,,2026-08-18,False
N005366,C005076,welcome,,2026-09-27,True
N005367,C005077,welcome,,2026-07-27,True
N005368,C005077,compliance_change,INS001,2026-08-03,True
N005369,C005078,welcome,,2026-07-07,False
N005370,C005079,welcome,,2026-07-14,False
N005371,C005079,compliance_change,INS001,2026-08-03,True
N005372,C005080,welcome,,2026-08-17,False
N005373,C005081,welcome,,2026-07-08,True
N005374,C005082,welcome,,2026-07-24,False
N005375,C005083,welcome,,2026-09-18,False
N005376,C005084,welcome,,2026-07-25,True
N005377,C005085,welcome,,2026-07-24,False
N005378,C005086,welcome,,2026-09-28,False
N005379,C005087,welcome,,2026-08-11,False
N005380,C005088,welcome,,2026-09-27,False
N005381,C005089,welcome,,2026-07-25,True
N005382,C005089,compliance_change,INS001,2026-08-03,False
N005383,C005090,welcome,,2026-08-09,True
N005384,C005091,welcome,,2026-07-10,True
N005385,C005091,compliance_change,INS001,2026-08-03,True
N005386,C005092,welcome,,2026-09-13,True
N005387,C005093,welcome,,2026-08-04,False
N005388,C005094,welcome,,2026-08-04,True
N005389,C005095,welcome,,2026-08-21,True
N005390,C005096,welcome,,2026-08-04,False
N005391,C005097,welcome,,2026-08-06,False
N005392,C005098,welcome,,2026-09-03,False
N005393,C005099,welcome,,2026-08-17,False
N005394,C005100,welcome,,2026-08-20,True
N005395,C005101,welcome,,2026-09-18,True
N005396,C005102,welcome,,2026-07-02,False
N005397,C005103,welcome,,2026-09-04,True
N005398,C005104,welcome,,2026-07-21,True
N005399,C005104,compliance_change,INS001,2026-08-03,False
N005400,C005105,welcome,,2026-07-07,True
N005401,C005106,welcome,,2026-09-20,True
N005402,C005107,welcome,,2026-08-17,True
N005403,C005108,welcome,,2026-07-27,False
N005404,C005109,welcome,,2026-08-05,True
N005405,C005110,welcome,,2026-07-09,False
N005406,C005111,welcome,,2026-09-17,True
N005407,C005112,welcome,,2026-09-17,False
N005408,C005113,welcome,,2026-09-01,False
N005409,C005114,welcome,,2026-07-07,True
N005410,C005114,compliance_change,INS001,2026-08-03,False
N005411,C005115,welcome,,2026-09-15,False
N005412,C005116,welcome,,2026-07-22,False
N005413,C005116,compliance_change,INS001,2026-08-03,True
N005414,C005117,welcome,,2026-08-10,True
N005415,C005118,welcome,,2026-09-30,True
N005416,C005119,welcome,,2026-09-05,True
N005417,C005120,welcome,,2026-08-08,False
N005418,C005121,welcome,,2026-07-11,True
N005419,C005122,welcome,,2026-07-08,False
N005420,C005123,welcome,,2026-08-04,True
N005421,C005124,welcome,,2026-09-27,True
N005422,C005125,welcome,,2026-08-22,False
N005423,C005126,welcome,,2026-07-25,True
N005424,C005127,welcome,,2026-08-07,True
N005425,C005128,welcome,,2026-09-18,True
N005426,C005129,welcome,,2026-09-13,True
N005427,C005130,welcome,,2026-07-09,True
N005428,C005130,compliance_change,INS001,2026-08-03,True
N005429,C005131,welcome,,2026-08-05,True
N005430,C005132,welcome,,2026-07-16,True
N005431,C005132,compliance_change,INS001,2026-08-03,True
N005432,C005133,welcome,,2026-09-04,True
N005433,C005134,welcome,,2026-07-29,False
N005434,C005135,welcome,,2026-08-04,False
N005435,C005136,welcome,,2026-09-16,True
N005436,C005137,welcome,,2026-07-23,False
N005437,C005138,welcome,,2026-07-10,False
N005438,C005139,welcome,,2026-09-10,False
N005439,C005140,welcome,,2026-09-14,False
N005440,C005141,welcome,,2026-07-11,True
N005441,C005141,compliance_change,INS001,2026-08-03,True
N005442,C005142,welcome,,2026-07-28,True
N005443,C005143,welcome,,2026-07-08,False
N005444,C005143,compliance_change,INS001,2026-08-03,True
N005445,C005144,welcome,,2026-07-08,False
N005446,C005145,welcome,,2026-09-20,True
N005447,C005146,welcome,,2026-09-03,True
N005448,C005147,welcome,,2026-09-30,False
N005449,C005148,welcome,,2026-07-23,True
N005450,C005148,compliance_change,INS001,2026-08-03,False
N005451,C005149,welcome,,2026-09-15,False
N005452,C005150,welcome,,2026-09-26,True
N005453,C005151,welcome,,2026-07-07,True
N005454,C005151,compliance_change,INS001,2026-08-03,False
N005455,C005152,welcome,,2026-08-28,True
N005456,C005153,welcome,,2026-09-03,False
N005457,C005154,welcome,,2026-08-04,False
N005458,C005155,welcome,,2026-07-08,False
N005459,C005155,compliance_change,INS001,2026-08-03,True
N005460,C005156,welcome,,2026-07-23,True
N005461,C005156,compliance_change,INS001,2026-08-03,True
N005462,C005157,welcome,,2026-07-21,True
N005463,C005157,compliance_change,INS001,2026-08-03,False
N005464,C005158,welcome,,2026-09-05,True
N005465,C005159,welcome,,2026-08-31,False
N005466,C005160,welcome,,2026-09-20,True
N005467,C005161,welcome,,2026-09-27,False
N005468,C005162,welcome,,2026-08-04,False
N005469,C005163,welcome,,2026-09-27,False
N005470,C005164,welcome,,2026-09-24,True
N005471,C005165,welcome,,2026-08-31,True
N005472,C005166,welcome,,2026-07-06,True
N005473,C005166,compliance_change,INS001,2026-08-03,True
N005474,C005167,welcome,,2026-08-11,True
N005475,C005168,welcome,,2026-07-08,False
N005476,C005169,welcome,,2026-08-07,True
N005477,C005170,welcome,,2026-09-28,True
N005478,C005171,welcome,,2026-09-17,True
N005479,C005172,welcome,,2026-07-23,True
N005480,C005172,compliance_change,INS001,2026-08-03,False
N005481,C005173,welcome,,2026-08-04,True
N005482,C005174,welcome,,2026-09-03,True
N005483,C005175,welcome,,2026-09-26,True
N005484,C005176,welcome,,2026-07-24,False
N005485,C005177,welcome,,2026-09-04,True
N005486,C005178,welcome,,2026-07-22,False
N005487,C005179,welcome,,2026-08-05,False
N005488,C005180,welcome,,2026-08-31,True
N005489,C005181,welcome,,2026-07-28,False
N005490,C005182,welcome,,2026-07-28,True
N005491,C005183,welcome,,2026-07-23,False
N005492,C005184,welcome,,2026-09-06,True
N005493,C005185,welcome,,2026-07-14,True
N005494,C005185,compliance_change,INS001,2026-08-03,True
N005495,C005186,welcome,,2026-09-28,True
N005496,C005187,welcome,,2026-08-30,True
N005497,C005188,welcome,,2026-09-17,True
N005498,C005189,welcome,,2026-09-15,False
N005499,C005190,welcome,,2026-08-19,True
N005500,C005191,welcome,,2026-08-08,True
N005501,C005192,welcome,,2026-08-06,False
N005502,C005193,welcome,,2026-08-04,True
N005503,C005194,welcome,,2026-09-03,True
N005504,C005195,welcome,,2026-09-12,False
N005505,C005196,welcome,,2026-09-05,True
N005506,C005197,welcome,,2026-08-12,True
N005507,C005198,welcome,,2026-07-10,False
N005508,C005199,welcome,,2026-08-05,True
N005509,C005200,welcome,,2026-09-01,False
N005510,C005201,welcome,,2026-08-05,True
N005511,C005202,welcome,,2026-09-26,True
N005512,C005203,welcome,,2026-07-09,True
N005513,C005203,compliance_change,INS001,2026-08-03,True
N005514,C005204,welcome,,2026-08-31,True
N005515,C005205,welcome,,2026-09-25,False
N005516,C005206,welcome,,2026-08-03,False
N005517,C005207,welcome,,2026-09-17,True
N005518,C005208,welcome,,2026-08-08,True
N005519,C005209,welcome,,2026-08-13,False
N005520,C005210,welcome,,2026-09-25,False
N005521,C005211,welcome,,2026-09-05,True
N005522,C005212,welcome,,2026-07-09,True
N005523,C005212,compliance_change,INS001,2026-08-03,False
N005524,C005213,welcome,,2026-09-02,True
N005525,C005214,welcome,,2026-09-08,False
N005526,C005215,welcome,,2026-07-25,False
N005527,C005216,welcome,,2026-09-25,False
N005528,C005217,welcome,,2026-09-07,False
N005529,C005218,welcome,,2026-09-03,True
N005530,C005219,welcome,,2026-09-22,True
N005531,C005220,welcome,,2026-07-29,True
N005532,C005220,compliance_change,INS001,2026-08-03,True
N005533,C005221,welcome,,2026-07-08,True
N005534,C005221,compliance_change,INS001,2026-08-03,False
N005535,C005222,welcome,,2026-09-23,True
N005536,C005223,welcome,,2026-09-14,True
N005537,C005224,welcome,,2026-09-15,True
N005538,C005225,welcome,,2026-07-09,False
N005539,C005225,compliance_change,INS001,2026-08-03,False
N005540,C005226,welcome,,2026-08-17,False
N005541,C005227,welcome,,2026-07-04,True
N005542,C005227,compliance_change,INS001,2026-08-03,True
N005543,C005228,welcome,,2026-07-26,False
N005544,C005229,welcome,,2026-07-07,True
N005545,C005229,compliance_change,INS001,2026-08-03,True
N005546,C005230,welcome,,2026-07-25,False
N005547,C005230,compliance_change,INS001,2026-08-03,False
N005548,C005231,welcome,,2026-09-14,True
N005549,C005232,welcome,,2026-09-09,True
N005550,C005233,welcome,,2026-09-08,False
N005551,C005234,welcome,,2026-08-09,True
N005552,C005235,welcome,,2026-09-27,False
N005553,C005236,welcome,,2026-09-29,False
N005554,C005237,welcome,,2026-07-17,True
N005555,C005237,compliance_change,INS001,2026-08-03,True
N005556,C005238,welcome,,2026-09-16,False
N005557,C005239,welcome,,2026-09-19,True
N005558,C005240,welcome,,2026-09-12,True
N005559,C005241,welcome,,2026-08-23,True
N005560,C005242,welcome,,2026-08-18,True
N005561,C005243,welcome,,2026-09-14,False
N005562,C005244,welcome,,2026-07-21,False
N005563,C005245,welcome,,2026-09-15,False
N005564,C005246,welcome,,2026-09-28,True
N005565,C005247,welcome,,2026-08-19,True
N005566,C005248,welcome,,2026-08-31,True
N005567,C005249,welcome,,2026-07-24,True
N005568,C005250,welcome,,2026-08-04,True
N005569,C005251,welcome,,2026-09-30,False
N005570,C005252,welcome,,2026-08-31,False
N005571,C005253,welcome,,2026-08-09,True
N005572,C005254,welcome,,2026-09-01,False
N005573,C005255,welcome,,2026-08-19,True
N005574,C005256,welcome,,2026-08-24,False
N005575,C005257,welcome,,2026-07-21,True
N005576,C005258,welcome,,2026-07-08,False
N005577,C005258,compliance_change,INS001,2026-08-03,False
N005578,C005259,welcome,,2026-08-06,True
N005579,C005260,welcome,,2026-08-06,False
N005580,C005261,welcome,,2026-07-08,False
N005581,C005262,welcome,,2026-08-06,True
N005582,C005263,welcome,,2026-09-15,False
N005583,C005264,welcome,,2026-07-25,True
N005584,C005265,welcome,,2026-09-04,True
N005585,C005266,welcome,,2026-07-08,False
N005586,C005266,compliance_change,INS001,2026-08-03,False
N005587,C005267,welcome,,2026-09-25,False
N005588,C005268,welcome,,2026-09-27,True
N005589,C005269,welcome,,2026-07-08,True
N005590,C005270,welcome,,2026-08-01,True
N005591,C005271,welcome,,2026-08-25,True
N005592,C005272,welcome,,2026-09-12,False
N005593,C005273,welcome,,2026-07-22,True
N005594,C005274,welcome,,2026-08-31,False
N005595,C005275,welcome,,2026-07-08,True
N005596,C005276,welcome,,2026-09-14,True
N005597,C005277,welcome,,2026-09-26,False
N005598,C005278,welcome,,2026-07-18,True
N005599,C005279,welcome,,2026-08-11,True
N005600,C005280,welcome,,2026-08-27,True
N005601,C005281,welcome,,2026-08-05,False
N005602,C005282,welcome,,2026-09-14,False
N005603,C005283,welcome,,2026-08-29,False
N005604,C005284,welcome,,2026-09-18,False
N005605,C005285,welcome,,2026-08-01,False
N005606,C005286,welcome,,2026-08-31,False
N005607,C005287,welcome,,2026-08-03,False
N005608,C005288,welcome,,2026-07-23,True
N005609,C005289,welcome,,2026-09-26,False
N005610,C005290,welcome,,2026-09-16,True
N005611,C005291,welcome,,2026-08-03,False
N005612,C005292,welcome,,2026-07-08,True
N005613,C005293,welcome,,2026-07-01,True
N005614,C005293,compliance_change,INS001,2026-08-03,True
N005615,C005294,welcome,,2026-07-10,False
N005616,C005295,welcome,,2026-09-04,True
N005617,C005296,welcome,,2026-07-24,True
N005618,C005297,welcome,,2026-07-27,False
N005619,C005298,welcome,,2026-08-05,True
N005620,C005299,welcome,,2026-09-18,False
N005621,C005300,welcome,,2026-09-27,True
N005622,C005301,welcome,,2026-08-04,False
N005623,C005302,welcome,,2026-08-31,False
N005624,C005303,welcome,,2026-07-12,True
N005625,C005303,compliance_change,INS001,2026-08-03,False
N005626,C005304,welcome,,2026-08-09,True
N005627,C005305,welcome,,2026-07-10,True
N005628,C005306,welcome,,2026-09-02,False
N005629,C005307,welcome,,2026-08-19,True
N005630,C005308,welcome,,2026-07-08,False
N005631,C005308,compliance_change,INS001,2026-08-03,True
N005632,C005309,welcome,,2026-08-18,False
N005633,C005310,welcome,,2026-09-14,True
N005634,C005311,welcome,,2026-07-07,True
N005635,C005311,compliance_change,INS001,2026-08-03,True
N005636,C005312,welcome,,2026-07-21,True
N005637,C005312,compliance_change,INS001,2026-08-03,False
N005638,C005313,welcome,,2026-08-18,True
N005639,C005314,welcome,,2026-08-25,True
N005640,C005315,welcome,,2026-07-08,False
N005641,C005315,compliance_change,INS001,2026-08-03,False
N005642,C005316,welcome,,2026-08-05,True
N005643,C005317,welcome,,2026-07-11,False
N005644,C005317,compliance_change,INS001,2026-08-03,True
N005645,C005318,welcome,,2026-07-23,False
N005646,C005319,welcome,,2026-08-18,False
N005647,C005320,welcome,,2026-07-10,True
N005648,C005321,welcome,,2026-07-10,True
N005649,C005322,welcome,,2026-07-22,True
N005650,C005323,welcome,,2026-07-13,True
N005651,C005323,compliance_change,INS001,2026-08-03,True
N005652,C005324,welcome,,2026-08-15,False
N005653,C005325,welcome,,2026-07-13,True
N005654,C005326,welcome,,2026-07-04,True
N005655,C005327,welcome,,2026-07-07,False
N005656,C005327,compliance_change,INS001,2026-08-03,True
N005657,C005328,welcome,,2026-08-09,True
N005658,C005329,welcome,,2026-07-24,True
N005659,C005330,welcome,,2026-08-23,True
N005660,C005331,welcome,,2026-07-21,True
N005661,C005331,compliance_change,INS001,2026-08-03,True
N005662,C005332,welcome,,2026-07-22,True
N005663,C005333,welcome,,2026-07-09,True
N005664,C005334,welcome,,2026-09-04,False
N005665,C005335,welcome,,2026-09-20,True
N005666,C005336,welcome,,2026-09-02,False
N005667,C005337,welcome,,2026-07-21,True
N005668,C005338,welcome,,2026-07-10,False
N005669,C005339,welcome,,2026-08-17,True
N005670,C005340,welcome,,2026-07-21,False
N005671,C005340,compliance_change,INS001,2026-08-03,True
N005672,C005341,welcome,,2026-08-19,True
N005673,C005342,welcome,,2026-07-11,False
N005674,C005342,compliance_change,INS001,2026-08-03,True
N005675,C005343,welcome,,2026-09-06,False
N005676,C005344,welcome,,2026-08-17,True
N005677,C005345,welcome,,2026-07-07,True
N005678,C005346,welcome,,2026-08-15,False
N005679,C005347,welcome,,2026-08-31,False
N005680,C005348,welcome,,2026-09-04,True
N005681,C005349,welcome,,2026-09-03,True
N005682,C005350,welcome,,2026-07-23,True
N005683,C005350,compliance_change,INS001,2026-08-03,True
N005684,C005351,welcome,,2026-07-11,True
N005685,C005351,compliance_change,INS001,2026-08-03,False
N005686,C005352,welcome,,2026-08-03,False
N005687,C005353,welcome,,2026-08-19,True
N005688,C005354,welcome,,2026-08-25,True
N005689,C005355,welcome,,2026-08-08,True
N005690,C005356,welcome,,2026-09-27,False
N005691,C005357,welcome,,2026-08-19,True
N005692,C005358,welcome,,2026-09-02,False
N005693,C005359,welcome,,2026-09-18,True
N005694,C005360,welcome,,2026-09-26,True
N005695,C005361,welcome,,2026-09-19,True
N005696,C005362,welcome,,2026-08-31,True
N005697,C005363,welcome,,2026-08-21,False
N005698,C005364,welcome,,2026-09-04,False
N005699,C005365,welcome,,2026-07-07,False
N005700,C005365,compliance_change,INS001,2026-08-03,True
N005701,C005366,welcome,,2026-08-12,True
N005702,C005367,welcome,,2026-09-14,True
N005703,C005368,welcome,,2026-09-01,False
N005704,C005369,welcome,,2026-08-19,False
N005705,C005370,welcome,,2026-07-24,True
N005706,C005371,welcome,,2026-09-14,True
N005707,C005372,welcome,,2026-09-29,False
N005708,C005373,welcome,,2026-09-05,True
N005709,C005374,welcome,,2026-07-21,True
N005710,C005375,welcome,,2026-07-06,True
N005711,C005375,compliance_change,INS001,2026-08-03,True
N005712,C005376,welcome,,2026-09-30,True
N005713,C005377,welcome,,2026-07-27,False
N005714,C005378,welcome,,2026-07-24,False
N005715,C005379,welcome,,2026-09-05,False
N005716,C005380,welcome,,2026-09-26,False
N005717,C005381,welcome,,2026-09-12,False
N005718,C005382,welcome,,2026-08-11,True
N005719,C005383,welcome,,2026-07-28,True
N005720,C005384,welcome,,2026-07-05,False
N005721,C005385,welcome,,2026-07-15,False
N005722,C005386,welcome,,2026-07-16,False
N005723,C005386,compliance_change,INS001,2026-08-03,True
N005724,C005387,welcome,,2026-07-07,False
N005725,C005388,welcome,,2026-08-10,True
N005726,C005389,welcome,,2026-07-14,True
N005727,C005390,welcome,,2026-08-28,False
N005728,C005391,welcome,,2026-07-12,True
N005729,C005391,compliance_change,INS001,2026-08-03,True
N005730,C005392,welcome,,2026-09-26,False
N005731,C005393,welcome,,2026-08-23,True
N005732,C005394,welcome,,2026-07-20,False
N005733,C005395,welcome,,2026-08-11,True
N005734,C005396,welcome,,2026-09-14,False
N005735,C005397,welcome,,2026-07-20,True
N005736,C005398,welcome,,2026-07-23,False
N005737,C005399,welcome,,2026-08-18,False
N005738,C005400,welcome,,2026-07-07,True
N005739,C005401,welcome,,2026-08-03,False
N005740,C005402,welcome,,2026-07-05,True
N005741,C005403,welcome,,2026-07-17,False
N005742,C005404,welcome,,2026-09-29,True
N005743,C005405,welcome,,2026-07-03,True
N005744,C005406,welcome,,2026-08-15,True
N005745,C005407,welcome,,2026-09-29,True
N005746,C005408,welcome,,2026-07-09,False
N005747,C005409,welcome,,2026-07-31,False
N005748,C005410,welcome,,2026-08-25,True
N005749,C005411,welcome,,2026-07-24,True
N005750,C005412,welcome,,2026-07-26,False
N005751,C005413,welcome,,2026-07-13,True
N005752,C005414,welcome,,2026-07-24,True
N005753,C005415,welcome,,2026-07-21,False
N005754,C005416,welcome,,2026-07-05,True
N005755,C005417,welcome,,2026-07-20,True
N005756,C005418,welcome,,2026-07-01,True
N005757,C005419,welcome,,2026-07-09,False
N005758,C005420,welcome,,2026-07-23,True
N005759,C005421,welcome,,2026-07-10,False
N005760,C005422,welcome,,2026-07-04,False
N005761,C005423,welcome,,2026-07-20,True
N005762,C005424,welcome,,2026-07-18,True
N005763,C005425,welcome,,2026-07-16,False
N005764,C005426,welcome,,2026-09-22,True
N005765,C005427,welcome,,2026-07-04,True
N005766,C005428,welcome,,2026-07-25,False
N005767,C005429,welcome,,2026-07-31,True
N005768,C005430,welcome,,2026-08-30,True
N005769,C005431,welcome,,2026-07-01,False
N005770,C005432,welcome,,2026-08-22,False
N005771,C005433,welcome,,2026-07-18,True
N005772,C005434,welcome,,2026-08-08,False
N005773,C005435,welcome,,2026-07-10,True
N005774,C005436,welcome,,2026-07-27,True
N005775,C005437,welcome,,2026-07-08,True
N005776,C005438,welcome,,2026-08-04,False
N005777,C005439,welcome,,2026-09-11,True
N005778,C005440,welcome,,2026-08-03,True
N005779,C005441,welcome,,2026-07-13,False
N005780,C005442,welcome,,2026-08-23,True
N005781,C005443,welcome,,2026-07-11,True
N005782,C005444,welcome,,2026-07-02,False
N005783,C005445,welcome,,2026-08-17,True
N005784,C005446,welcome,,2026-07-25,False
N005785,C005447,welcome,,2026-07-28,False
N005786,C005448,welcome,,2026-07-17,False
N005787,C005449,welcome,,2026-07-07,False
N005788,C005450,welcome,,2026-08-05,False
N005789,C005451,welcome,,2026-07-03,False
N005790,C005452,welcome,,2026-07-08,True
N005791,C005453,welcome,,2026-07-17,True
N005792,C005454,welcome,,2026-07-17,True
N005793,C005455,welcome,,2026-07-31,False
N005794,C005456,welcome,,2026-09-01,False
N005795,C005457,welcome,,2026-07-12,False
N005796,C005458,welcome,,2026-08-22,True
N005797,C005459,welcome,,2026-07-16,True
N005798,C005460,welcome,,2026-08-07,True
N005799,C005461,welcome,,2026-08-10,False
N005800,C005462,welcome,,2026-07-05,True
N005801,C005463,welcome,,2026-07-15,True
N005802,C005464,welcome,,2026-09-06,False
N005803,C005465,welcome,,2026-08-06,False
N005804,C005466,welcome,,2026-09-11,True
N005805,C005467,welcome,,2026-07-18,True
N005806,C005468,welcome,,2026-08-19,True
N005807,C005469,welcome,,2026-09-10,True
N005808,C005470,welcome,,2026-07-06,False
N005809,C005471,welcome,,2026-07-22,True
N005810,C005472,welcome,,2026-07-09,True
N005811,C005473,welcome,,2026-08-28,False
N005812,C005474,welcome,,2026-07-06,False
N005813,C005475,welcome,,2026-07-04,False
N005814,C005476,welcome,,2026-08-03,False
N005815,C005477,welcome,,2026-08-31,False
N005816,C005478,welcome,,2026-07-23,False
N005817,C005478,compliance_change,INS001,2026-08-03,True
N005818,C005479,welcome,,2026-07-22,True
N005819,C005480,welcome,,2026-07-07,False
N005820,C005481,welcome,,2026-08-26,False
N005821,C005482,welcome,,2026-08-08,True
N005822,C005483,welcome,,2026-09-03,True
N005823,C005484,welcome,,2026-07-02,False
N005824,C005485,welcome,,2026-07-04,True
N005825,C005486,welcome,,2026-08-18,True
N005826,C005487,welcome,,2026-07-04,True
N005827,C005488,welcome,,2026-07-24,False
N005828,C005489,welcome,,2026-09-12,False
N005829,C005490,welcome,,2026-07-01,False
N005830,C005491,welcome,,2026-08-28,True
N005831,C005492,welcome,,2026-07-03,True
N005832,C005493,welcome,,2026-07-06,False
N005833,C005494,welcome,,2026-08-30,False
N005834,C005495,welcome,,2026-09-22,True
N005835,C005496,welcome,,2026-07-14,False
N005836,C005497,welcome,,2026-07-06,False
N005837,C005498,welcome,,2026-09-12,True
N005838,C005499,welcome,,2026-07-20,False
N005839,C005500,welcome,,2026-09-13,False
N005840,C005501,welcome,,2026-07-15,True
N005841,C005502,welcome,,2026-08-16,True
N005842,C005503,welcome,,2026-08-09,True
N005843,C005504,welcome,,2026-07-19,False
N005844,C005505,welcome,,2026-07-18,False
N005845,C005506,welcome,,2026-07-10,False
N005846,C005507,welcome,,2026-09-10,False
N005847,C005508,welcome,,2026-09-23,True
N005848,C005509,welcome,,2026-07-26,True
N005849,C005510,welcome,,2026-07-03,True
N005850,C005511,welcome,,2026-07-03,False
N005851,C005512,welcome,,2026-07-24,True
N005852,C005513,welcome,,2026-09-03,False
N005853,C005514,welcome,,2026-07-28,True
N005854,C005515,welcome,,2026-08-06,True
N005855,C005516,welcome,,2026-07-08,False
N005856,C005517,welcome,,2026-08-08,True
N005857,C005518,welcome,,2026-07-14,True
N005858,C005519,welcome,,2026-07-01,False
N005859,C005520,welcome,,2026-09-12,True
N005860,C005521,welcome,,2026-07-22,True
N005861,C005522,welcome,,2026-08-20,False
N005862,C005523,welcome,,2026-09-14,False
N005863,C005524,welcome,,2026-07-02,True
N005864,C005525,welcome,,2026-09-20,True
N005865,C005526,welcome,,2026-07-20,True
N005866,C005527,welcome,,2026-07-11,True
N005867,C005528,welcome,,2026-07-06,True
N005868,C005529,welcome,,2026-07-09,True
N005869,C005530,welcome,,2026-07-19,True
N005870,C005531,welcome,,2026-07-04,False
N005871,C005532,welcome,,2026-07-27,True
N005872,C005533,welcome,,2026-07-15,False
N005873,C005534,welcome,,2026-07-05,True
N005874,C005534,compliance_change,INS001,2026-08-03,True
N005875,C005535,welcome,,2026-09-15,False
N005876,C005536,welcome,,2026-07-03,True
N005877,C005536,compliance_change,INS001,2026-08-03,True
N005878,C005537,welcome,,2026-07-29,False
N005879,C005538,welcome,,2026-07-08,True
N005880,C005539,welcome,,2026-09-03,True
N005881,C005540,welcome,,2026-08-13,False
N005882,C005541,welcome,,2026-07-07,True
N005883,C005542,welcome,,2026-07-22,True
N005884,C005542,compliance_change,INS001,2026-08-03,True
N005885,C005543,welcome,,2026-08-18,False
N005886,C005544,welcome,,2026-07-08,True
N005887,C005545,welcome,,2026-07-12,True
N005888,C005546,welcome,,2026-07-09,False
N005889,C005547,welcome,,2026-08-27,True
N005890,C005548,welcome,,2026-08-17,False
N005891,C005549,welcome,,2026-08-06,True
N005892,C005550,welcome,,2026-07-31,False
N005893,C005551,welcome,,2026-07-11,True
N005894,C005552,welcome,,2026-07-26,True
N005895,C005553,welcome,,2026-09-26,False
N005896,C005554,welcome,,2026-08-11,False
N005897,C005555,welcome,,2026-08-05,True
N005898,C005556,welcome,,2026-07-10,True
N005899,C005557,welcome,,2026-08-05,False
N005900,C005558,welcome,,2026-07-07,False
N005901,C005559,welcome,,2026-07-07,True
N005902,C005560,welcome,,2026-07-16,True
N005903,C005561,welcome,,2026-07-14,False
N005904,C005562,welcome,,2026-07-24,False
N005905,C005563,welcome,,2026-07-05,True
N005906,C005564,welcome,,2026-07-12,True
N005907,C005564,compliance_change,INS001,2026-08-03,True
N005908,C005565,welcome,,2026-07-11,True
N005909,C005566,welcome,,2026-07-14,True
N005910,C005567,welcome,,2026-08-23,False
N005911,C005568,welcome,,2026-09-27,True
N005912,C005569,welcome,,2026-07-07,True
N005913,C005570,welcome,,2026-07-14,True
N005914,C005571,welcome,,2026-08-03,True
N005915,C005572,welcome,,2026-07-02,True
N005916,C005573,welcome,,2026-07-27,False
N005917,C005574,welcome,,2026-07-18,True
N005918,C005575,welcome,,2026-07-17,True
N005919,C005576,welcome,,2026-07-28,True
N005920,C005577,welcome,,2026-08-21,False
N005921,C005578,welcome,,2026-07-09,True
N005922,C005579,welcome,,2026-08-29,True
N005923,C005580,welcome,,2026-08-31,False
N005924,C005581,welcome,,2026-09-13,True
N005925,C005582,welcome,,2026-09-24,True
N005926,C005583,welcome,,2026-07-07,True
N005927,C005584,welcome,,2026-07-09,False
N005928,C005585,welcome,,2026-08-28,False
N005929,C005586,welcome,,2026-07-16,True
N005930,C005587,welcome,,2026-08-12,False
N005931,C005588,welcome,,2026-08-25,False
N005932,C005589,welcome,,2026-08-17,False
N005933,C005590,welcome,,2026-07-24,False
N005934,C005590,compliance_change,INS001,2026-08-03,True
N005935,C005591,welcome,,2026-07-28,True
N005936,C005592,welcome,,2026-07-16,True
N005937,C005593,welcome,,2026-07-13,False
N005938,C005594,welcome,,2026-08-26,False
N005939,C005595,welcome,,2026-07-15,False
N005940,C005596,welcome,,2026-07-24,True
N005941,C005597,welcome,,2026-08-16,False
N005942,C005598,welcome,,2026-07-09,False
N005943,C005599,welcome,,2026-07-22,True
N005944,C005600,welcome,,2026-07-14,True
N005945,C005601,welcome,,2026-07-21,True
N005946,C005601,compliance_change,INS001,2026-08-03,False
N005947,C005602,welcome,,2026-07-13,False
N005948,C005603,welcome,,2026-07-11,False
N005949,C005604,welcome,,2026-07-03,True
N005950,C005605,welcome,,2026-07-31,True
N005951,C005606,welcome,,2026-07-31,False
N005952,C005607,welcome,,2026-08-11,True
N005953,C005608,welcome,,2026-09-12,False
N005954,C005609,welcome,,2026-08-09,False
N005955,C005610,welcome,,2026-07-24,False
N005956,C005611,welcome,,2026-09-03,True
N005957,C005612,welcome,,2026-07-02,False
N005958,C005613,welcome,,2026-07-18,True
N005959,C005614,welcome,,2026-07-12,True
N005960,C005615,welcome,,2026-07-05,True
N005961,C005616,welcome,,2026-07-03,True
N005962,C005616,compliance_change,INS001,2026-08-03,True
N005963,C005617,welcome,,2026-09-24,True
N005964,C005618,welcome,,2026-07-06,True
N005965,C005619,welcome,,2026-09-20,True
N005966,C005620,welcome,,2026-07-14,True
N005967,C005621,welcome,,2026-09-13,True
N005968,C005622,welcome,,2026-07-09,True
N005969,C005623,welcome,,2026-09-23,True
N005970,C005624,welcome,,2026-09-18,True
N005971,C005625,welcome,,2026-09-01,True
N005972,C005626,welcome,,2026-07-05,True
N005973,C005627,welcome,,2026-07-31,False
N005974,C005628,welcome,,2026-08-06,False
N005975,C005629,welcome,,2026-09-17,False
N005976,C005630,welcome,,2026-07-29,False
N005977,C005631,welcome,,2026-07-13,True
N005978,C005632,welcome,,2026-07-05,False
N005979,C005633,welcome,,2026-08-12,False
N005980,C005634,welcome,,2026-07-08,False
N005981,C005635,welcome,,2026-07-21,False
N005982,C005635,compliance_change,INS001,2026-08-03,True
N005983,C005636,welcome,,2026-08-15,True
N005984,C005637,welcome,,2026-09-13,False
N005985,C005638,welcome,,2026-07-19,False
N005986,C005639,welcome,,2026-08-04,False
N005987,C005640,welcome,,2026-07-31,False
N005988,C005641,welcome,,2026-08-14,False
N005989,C005642,welcome,,2026-07-24,True
N005990,C005643,welcome,,2026-08-07,True
N005991,C005644,welcome,,2026-07-24,True
N005992,C005645,welcome,,2026-07-15,False
N005993,C005646,welcome,,2026-08-02,True
N005994,C005647,welcome,,2026-07-02,True
N005995,C005648,welcome,,2026-07-14,False
N005996,C005649,welcome,,2026-07-04,False
N005997,C005650,welcome,,2026-08-09,False
N005998,C005651,welcome,,2026-07-23,True
N005999,C005652,welcome,,2026-09-24,False
N006000,C005653,welcome,,2026-07-07,True
N006001,C005654,welcome,,2026-07-06,True
N006002,C005655,welcome,,2026-08-05,False
N006003,C005656,welcome,,2026-07-08,True
N006004,C005657,welcome,,2026-07-10,False
N006005,C005658,welcome,,2026-07-18,False
N006006,C005659,welcome,,2026-07-28,True
N006007,C005660,welcome,,2026-08-03,True
N006008,C005661,welcome,,2026-07-16,True
N006009,C005661,compliance_change,INS001,2026-08-03,True
N006010,C005662,welcome,,2026-07-02,True
N006011,C005663,welcome,,2026-07-28,False
N006012,C005664,welcome,,2026-07-28,False
N006013,C005665,welcome,,2026-08-20,False
N006014,C005666,welcome,,2026-08-19,False
N006015,C005667,welcome,,2026-09-05,False
N006016,C005668,welcome,,2026-08-05,True
N006017,C005669,welcome,,2026-08-05,False
N006018,C005670,welcome,,2026-08-09,False
N006019,C005671,welcome,,2026-07-09,True
N006020,C005672,welcome,,2026-07-13,False
N006021,C005673,welcome,,2026-08-04,False
N006022,C005674,welcome,,2026-07-28,True
N006023,C005675,welcome,,2026-08-08,True
N006024,C005676,welcome,,2026-07-21,False
N006025,C005677,welcome,,2026-09-17,False
N006026,C005678,welcome,,2026-07-04,False
N006027,C005679,welcome,,2026-08-17,False
N006028,C005680,welcome,,2026-07-15,True
N006029,C005681,welcome,,2026-09-24,False
N006030,C005682,welcome,,2026-07-11,True
N006031,C005683,welcome,,2026-07-18,True
N006032,C005684,welcome,,2026-07-03,False
N006033,C005685,welcome,,2026-08-06,False
N006034,C005686,welcome,,2026-07-16,True
N006035,C005687,welcome,,2026-07-03,False
N006036,C005687,compliance_change,INS001,2026-08-03,True
N006037,C005688,welcome,,2026-07-01,True
N006038,C005689,welcome,,2026-08-23,False
N006039,C005690,welcome,,2026-07-03,True
N006040,C005691,welcome,,2026-07-21,False
N006041,C005692,welcome,,2026-09-17,True
N006042,C005693,welcome,,2026-09-07,False
N006043,C005694,welcome,,2026-08-19,False
N006044,C005695,welcome,,2026-07-17,True
N006045,C005696,welcome,,2026-07-03,True
N006046,C005697,welcome,,2026-07-27,False
N006047,C005698,welcome,,2026-08-24,True
N006048,C005699,welcome,,2026-07-28,True
N006049,C005700,welcome,,2026-08-04,False
N006050,C005701,welcome,,2026-07-10,False
N006051,C005702,welcome,,2026-07-21,False
N006052,C005703,welcome,,2026-07-24,False
N006053,C005704,welcome,,2026-08-03,False
N006054,C005705,welcome,,2026-09-18,True
N006055,C005706,welcome,,2026-07-04,False
N006056,C005707,welcome,,2026-07-18,False
N006057,C005708,welcome,,2026-08-09,True
N006058,C005709,welcome,,2026-07-14,False
N006059,C005710,welcome,,2026-08-15,False
N006060,C005711,welcome,,2026-08-04,True
N006061,C005712,welcome,,2026-07-06,True
N006062,C005712,compliance_change,INS001,2026-08-03,False
N006063,C005713,welcome,,2026-07-08,False
N006064,C005714,welcome,,2026-07-08,True
N006065,C005715,welcome,,2026-08-13,True
N006066,C005716,welcome,,2026-07-10,True
N006067,C005717,welcome,,2026-08-03,True
N006068,C005718,welcome,,2026-07-23,True
N006069,C005719,welcome,,2026-07-10,True
N006070,C005720,welcome,,2026-09-05,True
N006071,C005721,welcome,,2026-07-08,True
N006072,C005722,welcome,,2026-07-07,False
N006073,C005723,welcome,,2026-07-11,False
N006074,C005724,welcome,,2026-07-17,True
N006075,C005725,welcome,,2026-08-06,True
N006076,C005726,welcome,,2026-08-07,True
N006077,C005727,welcome,,2026-07-28,True
N006078,C005728,welcome,,2026-09-03,False
N006079,C005729,welcome,,2026-07-16,True
N006080,C005730,welcome,,2026-08-29,True
N006081,C005731,welcome,,2026-08-02,True
N006082,C005732,welcome,,2026-08-20,False
N006083,C005733,welcome,,2026-07-06,True
N006084,C005734,welcome,,2026-08-31,False
N006085,C005735,welcome,,2026-07-05,True
N006086,C005736,welcome,,2026-08-06,True
N006087,C005737,welcome,,2026-07-02,True
N006088,C005738,welcome,,2026-07-11,True
N006089,C005739,welcome,,2026-07-07,False
N006090,C005740,welcome,,2026-08-03,False
N006091,C005741,welcome,,2026-09-16,False
N006092,C005742,welcome,,2026-07-13,True
N006093,C005743,welcome,,2026-07-08,False
N006094,C005744,welcome,,2026-07-06,True
N006095,C005744,compliance_change,INS001,2026-08-03,True
N006096,C005745,welcome,,2026-07-19,True
N006097,C005746,welcome,,2026-08-15,True
N006098,C005747,welcome,,2026-07-18,False
N006099,C005748,welcome,,2026-08-14,False
N006100,C005749,welcome,,2026-08-06,True
N006101,C005750,welcome,,2026-07-15,True
N006102,C005751,welcome,,2026-08-08,True
N006103,C005752,welcome,,2026-07-28,False
N006104,C005753,welcome,,2026-08-18,True
N006105,C005754,welcome,,2026-09-19,False
N006106,C005755,welcome,,2026-08-22,True
N006107,C005756,welcome,,2026-08-16,True
N006108,C005757,welcome,,2026-08-21,True
N006109,C005758,welcome,,2026-08-18,True
N006110,C005759,welcome,,2026-07-11,True
N006111,C005760,welcome,,2026-07-21,True
N006112,C005761,welcome,,2026-07-25,False
N006113,C005762,welcome,,2026-08-26,True
N006114,C005763,welcome,,2026-08-17,True
N006115,C005764,welcome,,2026-07-01,False
N006116,C005765,welcome,,2026-07-20,False
N006117,C005766,welcome,,2026-08-06,True
N006118,C005767,welcome,,2026-08-27,False
N006119,C005768,welcome,,2026-08-11,False
N006120,C005769,welcome,,2026-07-07,False
N006121,C005770,welcome,,2026-07-03,False
N006122,C005770,compliance_change,INS001,2026-08-03,True
N006123,C005771,welcome,,2026-09-07,True
N006124,C005772,welcome,,2026-07-26,True
N006125,C005773,welcome,,2026-07-07,True
N006126,C005773,compliance_change,INS001,2026-08-03,True
N006127,C005774,welcome,,2026-08-27,False
N006128,C005775,welcome,,2026-08-12,False
N006129,C005776,welcome,,2026-08-14,True
N006130,C005777,welcome,,2026-09-05,False
N006131,C005778,welcome,,2026-07-20,False
N006132,C005779,welcome,,2026-07-06,False
N006133,C005780,welcome,,2026-07-31,False
N006134,C005781,welcome,,2026-07-19,False
N006135,C005782,welcome,,2026-07-02,True
N006136,C005783,welcome,,2026-09-08,True
N006137,C005784,welcome,,2026-07-16,False
N006138,C005785,welcome,,2026-07-05,False
N006139,C005786,welcome,,2026-07-22,False
N006140,C005787,welcome,,2026-09-25,False
N006141,C005788,welcome,,2026-09-08,True
N006142,C005789,welcome,,2026-07-09,True
N006143,C005790,welcome,,2026-07-11,True
N006144,C005791,welcome,,2026-08-06,False
N006145,C005792,welcome,,2026-07-19,False
N006146,C005792,compliance_change,INS001,2026-08-03,True
N006147,C005793,welcome,,2026-07-01,True
N006148,C005794,welcome,,2026-07-09,False
N006149,C005795,welcome,,2026-07-19,True
N006150,C005796,welcome,,2026-07-06,False
N006151,C005796,compliance_change,INS001,2026-08-03,True
N006152,C005797,welcome,,2026-07-08,False
N006153,C005798,welcome,,2026-07-05,True
N006154,C005799,welcome,,2026-07-05,False
N006155,C005800,welcome,,2026-08-15,True
N006156,C005801,welcome,,2026-07-06,True
N006157,C005802,welcome,,2026-09-27,False
N006158,C005803,welcome,,2026-09-10,True
N006159,C005804,welcome,,2026-09-27,True
N006160,C005805,welcome,,2026-08-11,False
N006161,C005806,welcome,,2026-07-06,False
N006162,C005807,welcome,,2026-07-03,True
N006163,C005807,compliance_change,INS001,2026-08-03,True
N006164,C005808,welcome,,2026-07-13,False
N006165,C005809,welcome,,2026-08-29,False
N006166,C005810,welcome,,2026-08-07,False
N006167,C005811,welcome,,2026-07-06,True
N006168,C005812,welcome,,2026-09-13,True
N006169,C005813,welcome,,2026-08-14,True
N006170,C005814,welcome,,2026-08-19,False
N006171,C005815,welcome,,2026-08-04,True
N006172,C005816,welcome,,2026-07-30,False
N006173,C005817,welcome,,2026-08-12,False
N006174,C005818,welcome,,2026-07-23,False
N006175,C005819,welcome,,2026-08-25,False
N006176,C005820,welcome,,2026-08-02,True
N006177,C005821,welcome,,2026-08-14,False
N006178,C005822,welcome,,2026-08-21,True
N006179,C005823,welcome,,2026-07-16,True
N006180,C005824,welcome,,2026-07-23,False
N006181,C005825,welcome,,2026-07-07,False
N006182,C005826,welcome,,2026-08-23,True
N006183,C005827,welcome,,2026-07-29,False
N006184,C005828,welcome,,2026-08-15,False
N006185,C005829,welcome,,2026-07-12,True
N006186,C005830,welcome,,2026-07-28,False
N006187,C005831,welcome,,2026-09-09,True
N006188,C005832,welcome,,2026-09-16,True
N006189,C005833,welcome,,2026-07-11,True
N006190,C005834,welcome,,2026-07-12,False
N006191,C005835,welcome,,2026-08-11,False
N006192,C005836,welcome,,2026-08-27,True
N006193,C005837,welcome,,2026-09-05,False
N006194,C005838,welcome,,2026-09-05,True
N006195,C005839,welcome,,2026-07-05,True
N006196,C005840,welcome,,2026-07-05,False
N006197,C005841,welcome,,2026-08-03,True
N006198,C005842,welcome,,2026-07-21,True
N006199,C005843,welcome,,2026-07-04,True
N006200,C005844,welcome,,2026-08-22,True
N006201,C005845,welcome,,2026-07-20,True
N006202,C005846,welcome,,2026-07-11,True
N006203,C005847,welcome,,2026-08-26,False
N006204,C005848,welcome,,2026-07-04,True
N006205,C005849,welcome,,2026-07-13,False
N006206,C005850,welcome,,2026-08-14,False
N006207,C005851,welcome,,2026-09-03,False
N006208,C005852,welcome,,2026-07-26,True
N006209,C005853,welcome,,2026-07-15,False
N006210,C005854,welcome,,2026-07-10,False
N006211,C005854,compliance_change,INS001,2026-08-03,True
N006212,C005855,welcome,,2026-08-18,True
N006213,C005856,welcome,,2026-08-14,False
N006214,C005857,welcome,,2026-08-03,False
N006215,C005858,welcome,,2026-08-20,True
N006216,C005859,welcome,,2026-07-17,True
N006217,C005860,welcome,,2026-07-23,True
N006218,C005861,welcome,,2026-09-10,False
N006219,C005862,welcome,,2026-08-19,True
N006220,C005863,welcome,,2026-07-22,False
N006221,C005864,welcome,,2026-07-05,False
N006222,C005865,welcome,,2026-07-11,True
N006223,C005866,welcome,,2026-08-04,False
N006224,C005867,welcome,,2026-07-23,True
N006225,C005868,welcome,,2026-08-01,True
N006226,C005869,welcome,,2026-07-06,False
N006227,C005870,welcome,,2026-07-06,False
N006228,C005871,welcome,,2026-07-16,True
N006229,C005872,welcome,,2026-07-16,True
N006230,C005873,welcome,,2026-07-02,False
N006231,C005874,welcome,,2026-07-25,False
N006232,C005875,welcome,,2026-07-25,True
N006233,C005876,welcome,,2026-09-10,False
N006234,C005877,welcome,,2026-07-16,True
N006235,C005878,welcome,,2026-07-29,True
N006236,C005879,welcome,,2026-08-08,True
N006237,C005880,welcome,,2026-09-23,True
N006238,C005881,welcome,,2026-09-05,False
N006239,C005882,welcome,,2026-07-08,False
N006240,C005882,compliance_change,INS001,2026-08-03,True
N006241,C005883,welcome,,2026-07-16,True
N006242,C005884,welcome,,2026-07-18,False
N006243,C005885,welcome,,2026-07-04,True
N006244,C005886,welcome,,2026-07-25,True
N006245,C005887,welcome,,2026-08-15,True
N006246,C005888,welcome,,2026-08-08,False
N006247,C005889,welcome,,2026-07-24,True
N006248,C005890,welcome,,2026-08-14,False
N006249,C005891,welcome,,2026-07-23,False
N006250,C005892,welcome,,2026-08-05,False
N006251,C005893,welcome,,2026-07-27,False
N006252,C005894,welcome,,2026-07-06,False
N006253,C005895,welcome,,2026-08-11,False
N006254,C005896,welcome,,2026-09-09,False
N006255,C005897,welcome,,2026-08-21,False
N006256,C005898,welcome,,2026-07-26,True
N006257,C005899,welcome,,2026-07-09,False
N006258,C005900,welcome,,2026-08-18,False
N006259,C005901,welcome,,2026-07-20,True
N006260,C005902,welcome,,2026-09-06,False
N006261,C005903,welcome,,2026-07-08,False
N006262,C005904,welcome,,2026-07-19,True
N006263,C005905,welcome,,2026-08-06,False
N006264,C005906,welcome,,2026-07-07,False
N006265,C005907,welcome,,2026-07-20,True
N006266,C005908,welcome,,2026-07-26,False
N006267,C005909,welcome,,2026-08-03,True
N006268,C005910,welcome,,2026-08-01,True
N006269,C005911,welcome,,2026-08-06,True
N006270,C005912,welcome,,2026-08-07,False
N006271,C005913,welcome,,2026-07-15,True
N006272,C005914,welcome,,2026-08-10,False
N006273,C005915,welcome,,2026-07-26,True
N006274,C005916,welcome,,2026-08-13,True
N006275,C005917,welcome,,2026-07-11,True
N006276,C005918,welcome,,2026-07-04,False
N006277,C005919,welcome,,2026-09-05,True
N006278,C005920,welcome,,2026-07-14,False
N006279,C005920,compliance_change,INS001,2026-08-03,True
N006280,C005921,welcome,,2026-07-25,True
N006281,C005922,welcome,,2026-08-24,True
N006282,C005923,welcome,,2026-07-02,True
N006283,C005924,welcome,,2026-07-13,True
N006284,C005925,welcome,,2026-07-18,False
N006285,C005926,welcome,,2026-08-07,False
N006286,C005927,welcome,,2026-09-28,False
N006287,C005928,welcome,,2026-09-01,True
N006288,C005929,welcome,,2026-07-02,False
N006289,C005930,welcome,,2026-09-02,True
N006290,C005931,welcome,,2026-07-11,True
N006291,C005932,welcome,,2026-07-02,True
N006292,C005933,welcome,,2026-08-25,True
N006293,C005934,welcome,,2026-07-15,False
N006294,C005935,welcome,,2026-07-31,True
N006295,C005936,welcome,,2026-09-09,False
N006296,C005937,welcome,,2026-07-30,True
N006297,C005938,welcome,,2026-08-02,True
N006298,C005939,welcome,,2026-07-05,True
N006299,C005939,compliance_change,INS001,2026-08-03,True
N006300,C005940,welcome,,2026-08-12,False
N006301,C005941,welcome,,2026-07-09,True
N006302,C005942,welcome,,2026-07-05,True
N006303,C005943,welcome,,2026-07-25,False
N006304,C005944,welcome,,2026-07-17,True
N006305,C005945,welcome,,2026-07-16,True
N006306,C005946,welcome,,2026-09-21,True
N006307,C005947,welcome,,2026-07-05,True
N006308,C005948,welcome,,2026-07-10,True
N006309,C005949,welcome,,2026-08-07,False
N006310,C005950,welcome,,2026-08-30,True
N006311,C005951,welcome,,2026-07-31,True
N006312,C005952,welcome,,2026-07-26,True
N006313,C005953,welcome,,2026-08-04,True
N006314,C005954,welcome,,2026-07-25,True
N006315,C005955,welcome,,2026-08-25,False
N006316,C005956,welcome,,2026-07-28,False
N006317,C005957,welcome,,2026-07-04,True
N006318,C005958,welcome,,2026-09-30,False
N006319,C005959,welcome,,2026-07-27,True
N006320,C005960,welcome,,2026-09-09,True
N006321,C005961,welcome,,2026-09-02,False
N006322,C005962,welcome,,2026-07-26,False
N006323,C005962,compliance_change,INS001,2026-08-03,False
N006324,C005963,welcome,,2026-08-15,True
N006325,C005964,welcome,,2026-09-29,False
N006326,C005965,welcome,,2026-07-09,True
N006327,C005966,welcome,,2026-07-06,True
N006328,C005967,welcome,,2026-09-09,True
N006329,C005968,welcome,,2026-09-22,True
N006330,C005969,welcome,,2026-07-30,True
N006331,C005970,welcome,,2026-08-17,False
N006332,C005971,welcome,,2026-09-10,True
N006333,C005972,welcome,,2026-07-18,True
N006334,C005972,compliance_change,INS001,2026-08-03,True
N006335,C005973,welcome,,2026-08-19,True
N006336,C005974,welcome,,2026-08-01,True
N006337,C005975,welcome,,2026-07-22,True
N006338,C005976,welcome,,2026-07-24,True
N006339,C005977,welcome,,2026-07-20,False
N006340,C005977,compliance_change,INS001,2026-08-03,True
N006341,C005978,welcome,,2026-07-16,False
N006342,C005979,welcome,,2026-07-29,True
N006343,C005980,welcome,,2026-07-15,False
N006344,C005981,welcome,,2026-07-10,True
N006345,C005982,welcome,,2026-07-20,False
N006346,C005983,welcome,,2026-07-12,False
N006347,C005984,welcome,,2026-07-08,True
N006348,C005985,welcome,,2026-07-08,False
N006349,C005986,welcome,,2026-09-29,False
N006350,C005987,welcome,,2026-07-31,True
N006351,C005988,welcome,,2026-07-25,True
N006352,C005989,welcome,,2026-08-18,True
N006353,C005990,welcome,,2026-08-22,False
N006354,C005991,welcome,,2026-07-09,False
N006355,C005992,welcome,,2026-07-18,True
N006356,C005993,welcome,,2026-07-23,True
N006357,C005994,welcome,,2026-09-11,False
N006358,C005995,welcome,,2026-08-19,False
N006359,C005996,welcome,,2026-07-14,True
N006360,C005997,welcome,,2026-08-03,True
N006361,C005998,welcome,,2026-07-14,False
N006362,C005999,welcome,,2026-09-16,True
N006363,C006000,welcome,,2026-08-02,True
N006364,C006001,welcome,,2026-08-22,False
N006365,C006002,welcome,,2026-07-21,False
N006366,C006003,welcome,,2026-07-10,True
N006367,C006004,welcome,,2026-07-06,True
N006368,C006005,welcome,,2026-07-08,True
N006369,C006006,welcome,,2026-09-09,False
N006370,C006007,welcome,,2026-07-11,False
N006371,C006007,compliance_change,INS001,2026-08-03,True
N006372,C006008,welcome,,2026-07-10,False
N006373,C006009,welcome,,2026-08-17,False
N006374,C006010,welcome,,2026-07-09,True
N006375,C006011,welcome,,2026-07-21,True
N006376,C006012,welcome,,2026-08-14,False
N006377,C006013,welcome,,2026-07-09,True
N006378,C006014,welcome,,2026-08-25,False
N006379,C006015,welcome,,2026-08-13,True
N006380,C006016,welcome,,2026-08-27,False
N006381,C006017,welcome,,2026-09-28,False
N006382,C006018,welcome,,2026-07-15,False
N006383,C006019,welcome,,2026-09-02,False
N006384,C006020,welcome,,2026-09-05,False
N006385,C006021,welcome,,2026-07-08,False
N006386,C006022,welcome,,2026-08-17,True
N006387,C006023,welcome,,2026-09-30,False
N006388,C006024,welcome,,2026-09-20,True
N006389,C006025,welcome,,2026-07-05,False
N006390,C006026,welcome,,2026-07-31,True
N006391,C006027,welcome,,2026-08-06,False
N006392,C006028,welcome,,2026-08-15,True
N006393,C006029,welcome,,2026-08-06,True
N006394,C006030,welcome,,2026-09-23,False
N006395,C006031,welcome,,2026-07-17,True
N006396,C006032,welcome,,2026-09-30,True
N006397,C006033,welcome,,2026-08-25,True
N006398,C006034,welcome,,2026-08-16,False
N006399,C006035,welcome,,2026-07-26,True
N006400,C006036,welcome,,2026-07-04,True
N006401,C006037,welcome,,2026-08-04,True
N006402,C006038,welcome,,2026-07-28,False
N006403,C006039,welcome,,2026-07-11,False
N006404,C006040,welcome,,2026-07-19,True
N006405,C006041,welcome,,2026-07-30,False
N006406,C006042,welcome,,2026-08-19,True
N006407,C006043,welcome,,2026-08-21,False
N006408,C006044,welcome,,2026-09-10,True
N006409,C006045,welcome,,2026-08-15,True
N006410,C006046,welcome,,2026-07-02,True
N006411,C006047,welcome,,2026-09-12,True
N006412,C006048,welcome,,2026-07-19,True
N006413,C006049,welcome,,2026-07-16,True
N006414,C006050,welcome,,2026-08-14,False
N006415,C006051,welcome,,2026-08-16,False
N006416,C006052,welcome,,2026-07-14,True
N006417,C006053,welcome,,2026-07-08,False
N006418,C006054,welcome,,2026-07-13,False
N006419,C006055,welcome,,2026-07-26,True
N006420,C006056,welcome,,2026-08-14,True
N006421,C006057,welcome,,2026-08-07,False
N006422,C006058,welcome,,2026-07-25,False
N006423,C006059,welcome,,2026-09-15,True
N006424,C006060,welcome,,2026-08-12,True
N006425,C006061,welcome,,2026-08-31,True
N006426,C006062,welcome,,2026-07-08,False
N006427,C006063,welcome,,2026-08-28,True
N006428,C006064,welcome,,2026-08-25,True
N006429,C006065,welcome,,2026-08-29,True
N006430,C006066,welcome,,2026-07-31,True
N006431,C006067,welcome,,2026-09-14,True
N006432,C006068,welcome,,2026-09-16,True
N006433,C006069,welcome,,2026-09-10,False
N006434,C006070,welcome,,2026-07-02,False
N006435,C006071,welcome,,2026-07-15,True
N006436,C006072,welcome,,2026-09-05,True
N006437,C006073,welcome,,2026-09-04,True
N006438,C006074,welcome,,2026-08-10,True
N006439,C006075,welcome,,2026-07-05,True
N006440,C006076,welcome,,2026-07-06,True
N006441,C006077,welcome,,2026-08-08,True
N006442,C006078,welcome,,2026-07-12,False
N006443,C006079,welcome,,2026-07-13,False
N006444,C006080,welcome,,2026-09-18,True
N006445,C006081,welcome,,2026-08-23,False
N006446,C006082,welcome,,2026-08-20,True
N006447,C006083,welcome,,2026-08-19,True
N006448,C006084,welcome,,2026-07-10,False
N006449,C006084,compliance_change,INS001,2026-08-03,True
N006450,C006085,welcome,,2026-08-17,False
N006451,C006086,welcome,,2026-08-09,True
N006452,C006087,welcome,,2026-08-07,False
N006453,C006088,welcome,,2026-08-23,True
N006454,C006089,welcome,,2026-08-03,False
N006455,C006090,welcome,,2026-07-01,False
N006456,C006091,welcome,,2026-07-08,True
N006457,C006091,compliance_change,INS001,2026-08-03,False
N006458,C006092,welcome,,2026-07-14,True
N006459,C006092,compliance_change,INS001,2026-08-03,True
N006460,C006093,welcome,,2026-07-03,False
N006461,C006094,welcome,,2026-08-02,True
N006462,C006095,welcome,,2026-08-21,False
N006463,C006096,welcome,,2026-07-22,False
N006464,C006097,welcome,,2026-09-26,True
N006465,C006098,welcome,,2026-07-18,False
N006466,C006099,welcome,,2026-07-13,True
N006467,C006099,compliance_change,INS001,2026-08-03,True
N006468,C006100,welcome,,2026-08-13,False
N006469,C006101,welcome,,2026-08-03,False
N006470,C006102,welcome,,2026-08-17,True
N006471,C006103,welcome,,2026-08-11,False
N006472,C006104,welcome,,2026-08-02,True
N006473,C006105,welcome,,2026-08-08,False
N006474,C006106,welcome,,2026-07-09,False
N006475,C006107,welcome,,2026-08-18,False
N006476,C006108,welcome,,2026-07-31,True
N006477,C006109,welcome,,2026-08-25,True
N006478,C006110,welcome,,2026-07-22,True
N006479,C006111,welcome,,2026-07-13,False
N006480,C006112,welcome,,2026-07-06,True
N006481,C006113,welcome,,2026-08-03,True
N006482,C006114,welcome,,2026-08-09,True
N006483,C006115,welcome,,2026-08-01,False
N006484,C006116,welcome,,2026-07-06,False
N006485,C006117,welcome,,2026-08-11,False
N006486,C006118,welcome,,2026-07-17,True
N006487,C006119,welcome,,2026-07-14,True
N006488,C006120,welcome,,2026-07-08,True
N006489,C006120,compliance_change,INS001,2026-08-03,True
N006490,C006121,welcome,,2026-09-01,False
N006491,C006122,welcome,,2026-09-10,False
N006492,C006123,welcome,,2026-08-24,True
N006493,C006124,welcome,,2026-09-03,True
N006494,C006125,welcome,,2026-07-04,True
N006495,C006126,welcome,,2026-07-14,True
N006496,C006127,welcome,,2026-07-22,False
N006497,C006127,compliance_change,INS001,2026-08-03,True
N006498,C006128,welcome,,2026-08-23,False
N006499,C006129,welcome,,2026-07-09,True
N006500,C006130,welcome,,2026-07-08,False
N006501,C006130,compliance_change,INS001,2026-08-03,True
N006502,C006131,welcome,,2026-07-30,False
N006503,C006132,welcome,,2026-07-04,True
N006504,C006132,compliance_change,INS001,2026-08-03,True
N006505,C006133,welcome,,2026-08-07,True
N006506,C006134,welcome,,2026-07-01,False
N006507,C006135,welcome,,2026-07-17,False
N006508,C006136,welcome,,2026-08-11,True
N006509,C006137,welcome,,2026-07-01,False
N006510,C006138,welcome,,2026-07-04,True
N006511,C006139,welcome,,2026-07-10,True
N006512,C006140,welcome,,2026-09-01,False
N006513,C006141,welcome,,2026-08-13,True
N006514,C006142,welcome,,2026-09-07,True
N006515,C006143,welcome,,2026-08-17,False
N006516,C006144,welcome,,2026-07-01,True
N006517,C006145,welcome,,2026-07-26,True
N006518,C006146,welcome,,2026-07-12,False
N006519,C006147,welcome,,2026-08-24,False
N006520,C006148,welcome,,2026-07-30,False
N006521,C006149,welcome,,2026-07-05,True
N006522,C006150,welcome,,2026-07-26,False
N006523,C006151,welcome,,2026-09-07,True
N006524,C006152,welcome,,2026-08-03,False
N006525,C006153,welcome,,2026-08-25,True
N006526,C006154,welcome,,2026-07-11,False
N006527,C006155,welcome,,2026-07-27,True
N006528,C006156,welcome,,2026-07-20,True
N006529,C006157,welcome,,2026-07-08,True
N006530,C006158,welcome,,2026-07-26,True
N006531,C006159,welcome,,2026-07-18,False
N006532,C006160,welcome,,2026-09-16,False
N006533,C006161,welcome,,2026-07-17,False
N006534,C006162,welcome,,2026-07-24,True
N006535,C006163,welcome,,2026-07-17,True
N006536,C006164,welcome,,2026-09-01,True
N006537,C006165,welcome,,2026-07-23,False
N006538,C006166,welcome,,2026-07-01,True
N006539,C006166,compliance_change,INS001,2026-08-03,False
N006540,C006167,welcome,,2026-07-23,False
N006541,C006168,welcome,,2026-07-29,False
N006542,C006169,welcome,,2026-09-16,True
N006543,C006170,welcome,,2026-09-14,False
N006544,C006171,welcome,,2026-08-29,True
N006545,C006172,welcome,,2026-08-27,True
N006546,C006173,welcome,,2026-07-17,False
N006547,C006174,welcome,,2026-08-03,True
N006548,C006175,welcome,,2026-07-24,True
N006549,C006176,welcome,,2026-07-11,False
N006550,C006177,welcome,,2026-09-13,False
N006551,C006178,welcome,,2026-07-07,True
N006552,C006179,welcome,,2026-07-31,False
N006553,C006180,welcome,,2026-08-26,False
N006554,C006181,welcome,,2026-08-13,True
N006555,C006182,welcome,,2026-07-31,True
N006556,C006183,welcome,,2026-08-19,False
N006557,C006184,welcome,,2026-07-04,True
N006558,C006185,welcome,,2026-07-05,False
N006559,C006186,welcome,,2026-09-30,False
N006560,C006187,welcome,,2026-07-03,True
N006561,C006188,welcome,,2026-09-03,True
N006562,C006189,welcome,,2026-07-09,True
N006563,C006189,compliance_change,INS001,2026-08-03,True
N006564,C006190,welcome,,2026-07-08,False
N006565,C006191,welcome,,2026-07-07,True
N006566,C006192,welcome,,2026-08-06,False
N006567,C006193,welcome,,2026-07-10,True
N006568,C006193,compliance_change,INS001,2026-08-03,True
N006569,C006194,welcome,,2026-07-06,False
N006570,C006195,welcome,,2026-07-15,True
N006571,C006196,welcome,,2026-07-15,False
N006572,C006196,compliance_change,INS001,2026-08-03,False
N006573,C006197,welcome,,2026-07-22,True
N006574,C006197,compliance_change,INS001,2026-08-03,True
N006575,C006198,welcome,,2026-08-10,True
N006576,C006199,welcome,,2026-09-30,True
N006577,C006200,welcome,,2026-09-03,False
N006578,C006201,welcome,,2026-07-17,True
N006579,C006202,welcome,,2026-07-25,True
N006580,C006203,welcome,,2026-09-24,True
N006581,C006204,welcome,,2026-07-07,True
N006582,C006205,welcome,,2026-08-13,True
N006583,C006206,welcome,,2026-07-05,False
N006584,C006207,welcome,,2026-09-03,False
N006585,C006208,welcome,,2026-09-07,False
N006586,C006209,welcome,,2026-08-24,True
N006587,C006210,welcome,,2026-07-27,True
N006588,C006211,welcome,,2026-07-24,False
N006589,C006212,welcome,,2026-07-12,True
N006590,C006213,welcome,,2026-08-13,False
N006591,C006214,welcome,,2026-07-31,True
N006592,C006215,welcome,,2026-07-15,True
N006593,C006216,welcome,,2026-08-11,False
N006594,C006217,welcome,,2026-08-10,False
N006595,C006218,welcome,,2026-09-06,False
N006596,C006219,welcome,,2026-08-18,True
N006597,C006220,welcome,,2026-08-20,True
N006598,C006221,welcome,,2026-07-18,False
N006599,C006222,welcome,,2026-07-02,True
N006600,C006223,welcome,,2026-07-24,False
N006601,C006224,welcome,,2026-07-17,True
N006602,C006225,welcome,,2026-08-05,False
N006603,C006226,welcome,,2026-08-19,True
N006604,C006227,welcome,,2026-08-28,False
N006605,C006228,welcome,,2026-08-05,True
N006606,C006229,welcome,,2026-08-13,False
N006607,C006230,welcome,,2026-09-04,True
N006608,C006231,welcome,,2026-08-29,True
N006609,C006232,welcome,,2026-08-03,True
N006610,C006233,welcome,,2026-07-28,False
N006611,C006234,welcome,,2026-09-04,True
N006612,C006235,welcome,,2026-08-10,True
N006613,C006236,welcome,,2026-08-16,False
N006614,C006237,welcome,,2026-07-08,False
N006615,C006238,welcome,,2026-07-16,False
N006616,C006239,welcome,,2026-07-27,False
N006617,C006240,welcome,,2026-09-11,True
N006618,C006241,welcome,,2026-08-21,False
N006619,C006242,welcome,,2026-07-15,False
N006620,C006243,welcome,,2026-07-06,True
N006621,C006244,welcome,,2026-09-04,False
N006622,C006245,welcome,,2026-09-04,True
N006623,C006246,welcome,,2026-07-24,False
N006624,C006247,welcome,,2026-07-20,False
N006625,C006248,welcome,,2026-08-24,True
N006626,C006249,welcome,,2026-07-02,True
N006627,C006250,welcome,,2026-09-10,True
N006628,C006251,welcome,,2026-08-08,False
N006629,C006252,welcome,,2026-07-10,False
N006630,C006253,welcome,,2026-09-03,False
N006631,C006254,welcome,,2026-07-12,False
N006632,C006255,welcome,,2026-08-08,True
N006633,C006256,welcome,,2026-08-04,False
N006634,C006257,welcome,,2026-07-16,True
N006635,C006258,welcome,,2026-07-06,True
N006636,C006259,welcome,,2026-08-05,True
N006637,C006260,welcome,,2026-07-21,False
N006638,C006260,compliance_change,INS001,2026-08-03,True
N006639,C006261,welcome,,2026-07-21,True
N006640,C006262,welcome,,2026-08-14,False
N006641,C006263,welcome,,2026-07-08,True
N006642,C006264,welcome,,2026-09-12,False
N006643,C006265,welcome,,2026-08-06,False
N006644,C006266,welcome,,2026-07-08,True
N006645,C006266,compliance_change,INS001,2026-08-03,False
N006646,C006267,welcome,,2026-07-15,True
N006647,C006267,compliance_change,INS001,2026-08-03,True
N006648,C006268,welcome,,2026-07-26,True
N006649,C006269,welcome,,2026-07-19,True
N006650,C006270,welcome,,2026-08-02,True
N006651,C006271,welcome,,2026-09-02,True
N006652,C006272,welcome,,2026-07-13,True
N006653,C006273,welcome,,2026-08-06,True
N006654,C006274,welcome,,2026-08-17,False
N006655,C006275,welcome,,2026-09-06,True
N006656,C006276,welcome,,2026-08-29,True
N006657,C006277,welcome,,2026-08-19,True
N006658,C006278,welcome,,2026-09-08,False
N006659,C006279,welcome,,2026-07-24,True
N006660,C006280,welcome,,2026-07-29,False
N006661,C006281,welcome,,2026-08-14,True
N006662,C006282,welcome,,2026-08-15,True
N006663,C006283,welcome,,2026-07-17,False
N006664,C006284,welcome,,2026-07-19,True
N006665,C006285,welcome,,2026-08-17,True
N006666,C006286,welcome,,2026-08-25,True
N006667,C006287,welcome,,2026-07-09,True
N006668,C006287,compliance_change,INS001,2026-08-03,True
N006669,C006288,welcome,,2026-08-25,False
N006670,C006289,welcome,,2026-09-17,False
N006671,C006290,welcome,,2026-09-15,False
N006672,C006291,welcome,,2026-09-14,False
N006673,C006292,welcome,,2026-09-01,False
N006674,C006293,welcome,,2026-08-28,True
N006675,C006294,welcome,,2026-08-10,False
N006676,C006295,welcome,,2026-07-31,True
N006677,C006296,welcome,,2026-07-21,False
N006678,C006297,welcome,,2026-07-28,False
N006679,C006298,welcome,,2026-07-08,True
N006680,C006299,welcome,,2026-08-05,False
N006681,C006300,welcome,,2026-07-10,False
N006682,C006301,welcome,,2026-09-06,True
N006683,C006302,welcome,,2026-07-02,True
N006684,C006303,welcome,,2026-07-11,True
N006685,C006304,welcome,,2026-07-21,True
N006686,C006304,compliance_change,INS001,2026-08-03,True
N006687,C006305,welcome,,2026-07-27,False
N006688,C006306,welcome,,2026-08-28,False
N006689,C006307,welcome,,2026-09-11,False
N006690,C006308,welcome,,2026-07-17,False
N006691,C006309,welcome,,2026-07-04,False
N006692,C006310,welcome,,2026-08-30,True
N006693,C006311,welcome,,2026-09-20,True
N006694,C006312,welcome,,2026-07-04,True
N006695,C006313,welcome,,2026-08-08,True
N006696,C006314,welcome,,2026-07-02,True
N006697,C006315,welcome,,2026-07-05,True
N006698,C006316,welcome,,2026-08-31,False
N006699,C006317,welcome,,2026-07-20,True
N006700,C006318,welcome,,2026-07-03,False
N006701,C006319,welcome,,2026-07-04,False
N006702,C006320,welcome,,2026-08-26,False
N006703,C006321,welcome,,2026-08-01,True
N006704,C006322,welcome,,2026-08-07,False
N006705,C006323,welcome,,2026-08-18,False
N006706,C006324,welcome,,2026-07-09,True
N006707,C006325,welcome,,2026-09-06,False
N006708,C006326,welcome,,2026-07-03,False
N006709,C006327,welcome,,2026-08-03,True
N006710,C006328,welcome,,2026-08-15,False
N006711,C006329,welcome,,2026-08-09,True
N006712,C006330,welcome,,2026-08-17,True
N006713,C006331,welcome,,2026-08-31,True
N006714,C006332,welcome,,2026-07-03,True
N006715,C006333,welcome,,2026-08-22,True
N006716,C006334,welcome,,2026-07-16,False
N006717,C006335,welcome,,2026-09-23,True
N006718,C006336,welcome,,2026-07-16,True
N006719,C006337,welcome,,2026-07-25,False
N006720,C006338,welcome,,2026-07-07,True
N006721,C006339,welcome,,2026-07-06,False
N006722,C006340,welcome,,2026-08-25,True
N006723,C006341,welcome,,2026-08-10,True
N006724,C006342,welcome,,2026-07-29,True
N006725,C006343,welcome,,2026-07-18,True
N006726,C006344,welcome,,2026-07-14,True
N006727,C006345,welcome,,2026-07-29,True
N006728,C006346,welcome,,2026-08-25,True
N006729,C006347,welcome,,2026-07-19,False
N006730,C006348,welcome,,2026-08-31,True
N006731,C006349,welcome,,2026-08-14,True
N006732,C006350,welcome,,2026-08-15,True
N006733,C006351,welcome,,2026-07-10,True
N006734,C006352,welcome,,2026-09-23,True
N006735,C006353,welcome,,2026-09-02,False
N006736,C006354,welcome,,2026-07-24,True
N006737,C006355,welcome,,2026-07-31,False
N006738,C006356,welcome,,2026-07-16,False
N006739,C006357,welcome,,2026-08-11,False
N006740,C006358,welcome,,2026-07-03,False
N006741,C006359,welcome,,2026-07-12,False
N006742,C006360,welcome,,2026-09-20,False
N006743,C006361,welcome,,2026-09-14,True
N006744,C006362,welcome,,2026-09-08,False
N006745,C006363,welcome,,2026-08-06,True
N006746,C006364,welcome,,2026-07-25,True
N006747,C006365,welcome,,2026-07-13,True
N006748,C006366,welcome,,2026-07-18,True
N006749,C006367,welcome,,2026-07-30,True
N006750,C006368,welcome,,2026-09-18,True
N006751,C006369,welcome,,2026-07-20,False
N006752,C006370,welcome,,2026-08-01,True
N006753,C006371,welcome,,2026-07-26,True
N006754,C006372,welcome,,2026-07-15,False
N006755,C006373,welcome,,2026-08-20,False
N006756,C006374,welcome,,2026-07-15,False
N006757,C006375,welcome,,2026-09-27,True
N006758,C006376,welcome,,2026-08-06,True
N006759,C006377,welcome,,2026-08-27,True
N006760,C006378,welcome,,2026-08-09,False
N006761,C006379,welcome,,2026-08-30,False
N006762,C006380,welcome,,2026-07-13,True
N006763,C006381,welcome,,2026-07-14,True
N006764,C006382,welcome,,2026-08-01,True
N006765,C006383,welcome,,2026-07-25,True
N006766,C006384,welcome,,2026-07-18,True
N006767,C006385,welcome,,2026-07-25,True
N006768,C006386,welcome,,2026-08-14,True
N006769,C006387,welcome,,2026-07-12,True
N006770,C006388,welcome,,2026-07-20,True
N006771,C006389,welcome,,2026-07-04,True
N006772,C006390,welcome,,2026-08-12,True
N006773,C006391,welcome,,2026-09-23,True
N006774,C006392,welcome,,2026-07-10,False
N006775,C006393,welcome,,2026-09-23,True
N006776,C006394,welcome,,2026-08-07,False
N006777,C006395,welcome,,2026-07-05,False
N006778,C006396,welcome,,2026-07-03,True
N006779,C006396,compliance_change,INS001,2026-08-03,True
N006780,C006397,welcome,,2026-07-11,True
N006781,C006398,welcome,,2026-07-12,False
N006782,C006399,welcome,,2026-07-29,True
N006783,C006400,welcome,,2026-07-06,False
N006784,C006401,welcome,,2026-08-05,False
N006785,C006402,welcome,,2026-07-12,True
N006786,C006403,welcome,,2026-07-12,True
N006787,C006404,welcome,,2026-08-23,True
N006788,C006405,welcome,,2026-07-01,True
N006789,C006406,welcome,,2026-07-04,True
N006790,C006407,welcome,,2026-08-04,False
N006791,C006408,welcome,,2026-07-30,False
N006792,C006409,welcome,,2026-09-23,True
N006793,C006410,welcome,,2026-07-18,True
N006794,C006411,welcome,,2026-08-23,True
N006795,C006412,welcome,,2026-07-05,True
N006796,C006413,welcome,,2026-08-13,False
N006797,C006414,welcome,,2026-09-13,False
N006798,C006415,welcome,,2026-09-17,True
N006799,C006416,welcome,,2026-09-10,True
N006800,C006417,welcome,,2026-08-15,True
N006801,C006418,welcome,,2026-07-12,True
N006802,C006419,welcome,,2026-07-15,False
N006803,C006420,welcome,,2026-07-17,True
N006804,C006421,welcome,,2026-07-10,False
N006805,C006422,welcome,,2026-07-06,False
N006806,C006423,welcome,,2026-08-02,True
N006807,C006424,welcome,,2026-07-20,True
N006808,C006425,welcome,,2026-07-06,True
N006809,C006426,welcome,,2026-07-17,True
N006810,C006427,welcome,,2026-07-28,True
N006811,C006428,welcome,,2026-08-03,True
N006812,C006429,welcome,,2026-07-25,True
N006813,C006430,welcome,,2026-08-19,True
N006814,C006431,welcome,,2026-07-07,False
N006815,C006432,welcome,,2026-07-27,False
N006816,C006433,welcome,,2026-08-03,True
N006817,C006434,welcome,,2026-07-12,False
N006818,C006435,welcome,,2026-08-08,False
N006819,C006436,welcome,,2026-07-20,False
N006820,C006437,welcome,,2026-07-16,False
N006821,C006438,welcome,,2026-07-15,False
N006822,C006439,welcome,,2026-09-02,False
N006823,C006440,welcome,,2026-07-31,True
N006824,C006441,welcome,,2026-09-03,False
N006825,C006442,welcome,,2026-08-07,False
N006826,C006443,welcome,,2026-08-28,False
N006827,C006444,welcome,,2026-07-07,False
N006828,C006445,welcome,,2026-07-28,False
N006829,C006446,welcome,,2026-09-19,False
N006830,C006447,welcome,,2026-07-27,False
N006831,C006447,compliance_change,INS001,2026-08-03,False
N006832,C006448,welcome,,2026-07-28,False
N006833,C006449,welcome,,2026-07-30,True
N006834,C006450,welcome,,2026-07-06,True
N006835,C006451,welcome,,2026-09-14,True
N006836,C006452,welcome,,2026-09-16,False
N006837,C006453,welcome,,2026-07-13,False
N006838,C006454,welcome,,2026-07-21,True
N006839,C006455,welcome,,2026-07-14,False
N006840,C006456,welcome,,2026-07-06,True
N006841,C006457,welcome,,2026-09-07,True
N006842,C006458,welcome,,2026-08-03,True
N006843,C006459,welcome,,2026-07-08,True
N006844,C006460,welcome,,2026-09-13,True
N006845,C006461,welcome,,2026-07-15,False
N006846,C006462,welcome,,2026-08-12,False
N006847,C006463,welcome,,2026-09-02,False
N006848,C006464,welcome,,2026-08-02,True
N006849,C006465,welcome,,2026-08-10,False
N006850,C006466,welcome,,2026-09-09,True
N006851,C006467,welcome,,2026-07-12,True
N006852,C006468,welcome,,2026-07-04,False
N006853,C006469,welcome,,2026-07-23,False
N006854,C006470,welcome,,2026-09-15,True
N006855,C006471,welcome,,2026-08-21,True
N006856,C006472,welcome,,2026-07-09,False
N006857,C006473,welcome,,2026-07-09,True
N006858,C006474,welcome,,2026-07-13,False
N006859,C006475,welcome,,2026-07-21,False
N006860,C006476,welcome,,2026-09-23,False
N006861,C006477,welcome,,2026-07-06,True
N006862,C006478,welcome,,2026-07-30,False
N006863,C006479,welcome,,2026-08-01,True
N006864,C006480,welcome,,2026-08-09,False
N006865,C006481,welcome,,2026-07-02,True
N006866,C006481,compliance_change,INS001,2026-08-03,True
N006867,C006482,welcome,,2026-07-17,False
N006868,C006483,welcome,,2026-07-10,False
N006869,C006484,welcome,,2026-09-06,False
N006870,C006485,welcome,,2026-08-24,True
N006871,C006486,welcome,,2026-08-07,False
N006872,C006487,welcome,,2026-07-22,False
N006873,C006488,welcome,,2026-09-25,False
N006874,C006489,welcome,,2026-07-02,True
N006875,C006490,welcome,,2026-07-17,False
N006876,C006491,welcome,,2026-07-07,False
N006877,C006492,welcome,,2026-08-20,False
N006878,C006493,welcome,,2026-07-10,False
N006879,C006493,compliance_change,INS001,2026-08-03,True
N006880,C006494,welcome,,2026-07-18,True
N006881,C006495,welcome,,2026-07-07,True
N006882,C006496,welcome,,2026-07-02,False
N006883,C006497,welcome,,2026-07-11,False
N006884,C006498,welcome,,2026-08-30,False
N006885,C006499,welcome,,2026-07-02,False
N006886,C006500,welcome,,2026-07-24,True
N006887,C006501,welcome,,2026-07-25,True
N006888,C006502,welcome,,2026-08-17,False
N006889,C006503,welcome,,2026-07-21,True
N006890,C006504,welcome,,2026-07-03,True
N006891,C006505,welcome,,2026-09-30,False
N006892,C006506,welcome,,2026-07-19,True
N006893,C006507,welcome,,2026-08-31,True
N006894,C006508,welcome,,2026-07-31,True
N006895,C006509,welcome,,2026-07-16,False
N006896,C006510,welcome,,2026-07-23,True
N006897,C006511,welcome,,2026-09-22,False
N006898,C006512,welcome,,2026-08-07,True
N006899,C006513,welcome,,2026-08-13,False
N006900,C006514,welcome,,2026-07-13,False
N006901,C006515,welcome,,2026-07-21,False
N006902,C006516,welcome,,2026-07-06,False
N006903,C006517,welcome,,2026-07-27,False
N006904,C006518,welcome,,2026-09-12,False
N006905,C006519,welcome,,2026-08-01,True
N006906,C006520,welcome,,2026-07-12,False
N006907,C006521,welcome,,2026-09-11,True
N006908,C006522,welcome,,2026-07-31,False
N006909,C006523,welcome,,2026-07-22,True
N006910,C006524,welcome,,2026-08-19,True
N006911,C006525,welcome,,2026-07-08,True
N006912,C006526,welcome,,2026-07-10,True
N006913,C006527,welcome,,2026-07-19,True
N006914,C006528,welcome,,2026-07-12,True
N006915,C006529,welcome,,2026-07-16,True
N006916,C006530,welcome,,2026-08-05,True
N006917,C006531,welcome,,2026-07-14,False
N006918,C006532,welcome,,2026-09-29,False
N006919,C006533,welcome,,2026-07-31,False
N006920,C006534,welcome,,2026-08-27,False
N006921,C006535,welcome,,2026-07-17,True
N006922,C006536,welcome,,2026-08-19,False
N006923,C006537,welcome,,2026-08-09,True
N006924,C006538,welcome,,2026-07-04,False
N006925,C006539,welcome,,2026-09-06,True
N006926,C006540,welcome,,2026-09-19,False
N006927,C006541,welcome,,2026-07-10,True
N006928,C006542,welcome,,2026-07-29,True
N006929,C006543,welcome,,2026-07-16,True
N006930,C006543,compliance_change,INS001,2026-08-03,True
N006931,C006544,welcome,,2026-07-04,True
N006932,C006544,compliance_change,INS001,2026-08-03,True
N006933,C006545,welcome,,2026-07-08,True
N006934,C006545,compliance_change,INS001,2026-08-03,True
N006935,C006546,welcome,,2026-09-05,True
N006936,C006547,welcome,,2026-07-11,False
N006937,C006548,welcome,,2026-08-22,False
N006938,C006549,welcome,,2026-07-06,True
N006939,C006550,welcome,,2026-09-24,True
N006940,C006551,welcome,,2026-07-02,False
N006941,C006552,welcome,,2026-09-11,False
N006942,C006553,welcome,,2026-07-15,True
N006943,C006553,compliance_change,INS001,2026-08-03,True
N006944,C006554,welcome,,2026-07-17,False
N006945,C006555,welcome,,2026-07-10,True
N006946,C006555,compliance_change,INS001,2026-08-03,True
N006947,C006556,welcome,,2026-07-09,True
N006948,C006557,welcome,,2026-07-11,False
N006949,C006558,welcome,,2026-07-11,False
N006950,C006559,welcome,,2026-07-16,False
N006951,C006560,welcome,,2026-07-04,True
N006952,C006561,welcome,,2026-09-01,True
N006953,C006562,welcome,,2026-07-07,False
N006954,C006563,welcome,,2026-07-17,False
N006955,C006564,welcome,,2026-09-06,False
N006956,C006565,welcome,,2026-09-11,True
N006957,C006566,welcome,,2026-07-14,True
N006958,C006566,compliance_change,INS001,2026-08-03,True
N006959,C006567,welcome,,2026-09-14,False
N006960,C006568,welcome,,2026-07-23,False
N006961,C006569,welcome,,2026-08-24,False
N006962,C006570,welcome,,2026-09-16,True
N006963,C006571,welcome,,2026-07-01,True
N006964,C006572,welcome,,2026-07-27,False
N006965,C006573,welcome,,2026-08-09,False
N006966,C006574,welcome,,2026-09-29,True
N006967,C006575,welcome,,2026-09-02,True
N006968,C006576,welcome,,2026-08-26,True
N006969,C006577,welcome,,2026-07-29,False
N006970,C006578,welcome,,2026-07-26,False
N006971,C006579,welcome,,2026-07-27,False
N006972,C006580,welcome,,2026-07-19,False
N006973,C006581,welcome,,2026-07-15,True
N006974,C006582,welcome,,2026-07-14,False
N006975,C006583,welcome,,2026-07-20,True
N006976,C006584,welcome,,2026-08-23,True
N006977,C006585,welcome,,2026-09-28,True
N006978,C006586,welcome,,2026-08-14,True
N006979,C006587,welcome,,2026-09-30,False
N006980,C006588,welcome,,2026-07-24,True
N006981,C006589,welcome,,2026-07-22,False
N006982,C006590,welcome,,2026-07-09,True
N006983,C006591,welcome,,2026-08-21,True
N006984,C006592,welcome,,2026-07-10,True
N006985,C006593,welcome,,2026-08-17,True
N006986,C006594,welcome,,2026-08-18,False
N006987,C006595,welcome,,2026-09-02,True
N006988,C006596,welcome,,2026-07-10,True
N006989,C006597,welcome,,2026-09-08,True
N006990,C006598,welcome,,2026-08-05,False
N006991,C006599,welcome,,2026-09-15,True
N006992,C006600,welcome,,2026-07-04,False
N006993,C006601,welcome,,2026-09-24,True
N006994,C006602,welcome,,2026-07-23,False
N006995,C006603,welcome,,2026-07-19,False
N006996,C006604,welcome,,2026-08-08,False
N006997,C006605,welcome,,2026-07-11,True
N006998,C006606,welcome,,2026-07-08,True
N006999,C006607,welcome,,2026-08-08,False
N007000,C006608,welcome,,2026-07-27,True
N007001,C006609,welcome,,2026-07-05,True
N007002,C006610,welcome,,2026-09-11,True
N007003,C006611,welcome,,2026-07-07,True
N007004,C006612,welcome,,2026-07-07,True
N007005,C006613,welcome,,2026-07-30,False
N007006,C006614,welcome,,2026-07-07,False
N007007,C006615,welcome,,2026-09-24,False
N007008,C006616,welcome,,2026-07-16,True
N007009,C006617,welcome,,2026-07-31,True
N007010,C006618,welcome,,2026-07-16,True
N007011,C006619,welcome,,2026-07-06,True
N007012,C006620,welcome,,2026-07-19,False
N007013,C006621,welcome,,2026-07-19,True
N007014,C006622,welcome,,2026-07-12,False
N007015,C006623,welcome,,2026-07-22,False
N007016,C006624,welcome,,2026-07-07,True
N007017,C006625,welcome,,2026-07-29,True
N007018,C006626,welcome,,2026-08-01,True
N007019,C006627,welcome,,2026-07-30,True
N007020,C006628,welcome,,2026-08-16,True
N007021,C006629,welcome,,2026-08-17,True
N007022,C006630,welcome,,2026-09-08,False
N007023,C006631,welcome,,2026-08-01,False
N007024,C006632,welcome,,2026-08-14,False
N007025,C006633,welcome,,2026-07-05,False
N007026,C006634,welcome,,2026-07-22,True
N007027,C006635,welcome,,2026-07-18,True
N007028,C006636,welcome,,2026-07-30,False
N007029,C006637,welcome,,2026-08-01,False
N007030,C006638,welcome,,2026-08-11,False
N007031,C006639,welcome,,2026-08-15,False
N007032,C006640,welcome,,2026-07-12,False
N007033,C006641,welcome,,2026-07-04,True
N007034,C006642,welcome,,2026-08-22,False
N007035,C006643,welcome,,2026-07-17,False
N007036,C006644,welcome,,2026-07-10,True
N007037,C006645,welcome,,2026-07-16,True
N007038,C006646,welcome,,2026-09-30,True
N007039,C006647,welcome,,2026-07-03,False
N007040,C006648,welcome,,2026-07-28,False
N007041,C006649,welcome,,2026-07-05,True
N007042,C006650,welcome,,2026-07-24,False
N007043,C006651,welcome,,2026-07-03,False
N007044,C006652,welcome,,2026-09-28,True
N007045,C006653,welcome,,2026-09-06,False
N007046,C006654,welcome,,2026-07-28,True
N007047,C006655,welcome,,2026-08-18,True
N007048,C006656,welcome,,2026-07-08,False
N007049,C006657,welcome,,2026-08-07,False
N007050,C006658,welcome,,2026-07-23,True
N007051,C006659,welcome,,2026-07-12,True
N007052,C006660,welcome,,2026-07-19,True
N007053,C006661,welcome,,2026-08-16,True
N007054,C006662,welcome,,2026-08-10,False
N007055,C006663,welcome,,2026-07-10,False
N007056,C006664,welcome,,2026-07-10,True
N007057,C006664,compliance_change,INS001,2026-08-03,True
N007058,C006665,welcome,,2026-07-17,True
N007059,C006666,welcome,,2026-09-02,False
N007060,C006667,welcome,,2026-09-17,False
N007061,C006668,welcome,,2026-08-12,False
N007062,C006669,welcome,,2026-08-05,False
N007063,C006670,welcome,,2026-08-09,True
N007064,C006671,welcome,,2026-08-11,True
N007065,C006672,welcome,,2026-08-12,True
N007066,C006673,welcome,,2026-07-13,True
N007067,C006674,welcome,,2026-07-08,False
N007068,C006675,welcome,,2026-07-18,True
N007069,C006676,welcome,,2026-07-30,False
N007070,C006677,welcome,,2026-07-08,True
N007071,C006677,compliance_change,INS001,2026-08-03,True
N007072,C006678,welcome,,2026-08-26,True
N007073,C006679,welcome,,2026-07-06,True
N007074,C006679,compliance_change,INS001,2026-08-03,True
N007075,C006680,welcome,,2026-09-05,False
N007076,C006681,welcome,,2026-07-18,True
N007077,C006682,welcome,,2026-08-15,True
N007078,C006683,welcome,,2026-08-08,False
N007079,C006684,welcome,,2026-08-28,False
N007080,C006685,welcome,,2026-09-08,False
N007081,C006686,welcome,,2026-09-02,False
N007082,C006687,welcome,,2026-07-26,True
N007083,C006688,welcome,,2026-07-11,False
N007084,C006689,welcome,,2026-07-30,False
N007085,C006690,welcome,,2026-09-03,True
N007086,C006691,welcome,,2026-07-11,True
N007087,C006692,welcome,,2026-07-24,False
N007088,C006693,welcome,,2026-07-13,False
N007089,C006693,compliance_change,INS001,2026-08-03,False
N007090,C006694,welcome,,2026-09-23,True
N007091,C006695,welcome,,2026-07-26,True
N007092,C006696,welcome,,2026-07-22,False
N007093,C006697,welcome,,2026-08-17,False
N007094,C006698,welcome,,2026-09-18,True
N007095,C006699,welcome,,2026-07-25,True
N007096,C006700,welcome,,2026-07-08,True
N007097,C006701,welcome,,2026-07-19,True
N007098,C006702,welcome,,2026-08-23,False
N007099,C006703,welcome,,2026-07-25,False
N007100,C006704,welcome,,2026-07-06,True
N007101,C006704,compliance_change,INS001,2026-08-03,True
N007102,C006705,welcome,,2026-07-04,False
N007103,C006706,welcome,,2026-07-29,True
N007104,C006707,welcome,,2026-07-18,True
N007105,C006708,welcome,,2026-09-26,True
N007106,C006709,welcome,,2026-08-19,True
N007107,C006710,welcome,,2026-07-16,True
N007108,C006711,welcome,,2026-08-03,True
N007109,C006712,welcome,,2026-07-26,True
N007110,C006713,welcome,,2026-07-04,False
N007111,C006714,welcome,,2026-07-17,True
N007112,C006715,welcome,,2026-08-16,False
N007113,C006716,welcome,,2026-07-12,True
N007114,C006717,welcome,,2026-08-18,True
N007115,C006718,welcome,,2026-08-19,False
N007116,C006719,welcome,,2026-07-29,True
N007117,C006720,welcome,,2026-09-30,False
N007118,C006721,welcome,,2026-08-08,True
N007119,C006722,welcome,,2026-07-25,False
N007120,C006723,welcome,,2026-07-22,True
N007121,C006724,welcome,,2026-07-14,True
N007122,C006725,welcome,,2026-08-15,True
N007123,C006726,welcome,,2026-07-20,False
N007124,C006727,welcome,,2026-09-28,True
N007125,C006728,welcome,,2026-07-22,True
N007126,C006729,welcome,,2026-08-16,True
N007127,C006730,welcome,,2026-08-26,False
N007128,C006731,welcome,,2026-08-12,True
N007129,C006732,welcome,,2026-08-21,False
N007130,C006733,welcome,,2026-07-15,True
N007131,C006734,welcome,,2026-07-12,True
N007132,C006735,welcome,,2026-07-29,True
N007133,C006736,welcome,,2026-07-27,True
N007134,C006737,welcome,,2026-08-04,False
N007135,C006738,welcome,,2026-07-24,True
N007136,C006739,welcome,,2026-07-28,False
N007137,C006740,welcome,,2026-07-08,True
N007138,C006741,welcome,,2026-08-06,True
N007139,C006742,welcome,,2026-07-03,False
N007140,C006743,welcome,,2026-07-19,False
N007141,C006744,welcome,,2026-08-08,True
N007142,C006745,welcome,,2026-07-25,True
N007143,C006746,welcome,,2026-08-20,False
N007144,C006747,welcome,,2026-07-09,False
N007145,C006748,welcome,,2026-09-16,True
N007146,C006749,welcome,,2026-09-10,True
N007147,C006750,welcome,,2026-07-10,False
N007148,C006751,welcome,,2026-09-17,False
N007149,C006752,welcome,,2026-08-03,True
N007150,C006753,welcome,,2026-07-01,True
N007151,C006753,compliance_change,INS001,2026-08-03,True
N007152,C006754,welcome,,2026-09-06,True
N007153,C006755,welcome,,2026-08-07,False
N007154,C006756,welcome,,2026-07-09,False
N007155,C006756,compliance_change,INS001,2026-08-03,True
N007156,C006757,welcome,,2026-07-28,False
N007157,C006758,welcome,,2026-07-13,True
N007158,C006759,welcome,,2026-07-20,True
N007159,C006760,welcome,,2026-07-15,True
N007160,C006761,welcome,,2026-09-06,True
N007161,C006762,welcome,,2026-07-19,True
N007162,C006763,welcome,,2026-07-23,False
N007163,C006764,welcome,,2026-07-24,True
N007164,C006765,welcome,,2026-07-14,True
N007165,C006766,welcome,,2026-07-14,True
N007166,C006767,welcome,,2026-08-24,False
N007167,C006768,welcome,,2026-07-07,False
N007168,C006769,welcome,,2026-07-26,False
N007169,C006770,welcome,,2026-07-04,True
N007170,C006770,compliance_change,INS001,2026-08-03,True
N007171,C006771,welcome,,2026-08-24,True
N007172,C006772,welcome,,2026-08-14,False
N007173,C006773,welcome,,2026-07-16,True
N007174,C006774,welcome,,2026-08-25,False
N007175,C006775,welcome,,2026-08-18,True
N007176,C006776,welcome,,2026-09-16,False
N007177,C006777,welcome,,2026-07-27,True
N007178,C006778,welcome,,2026-07-06,False
N007179,C006779,welcome,,2026-07-05,False
N007180,C006780,welcome,,2026-07-23,True
N007181,C006781,welcome,,2026-07-29,True
N007182,C006782,welcome,,2026-08-29,True
N007183,C006783,welcome,,2026-07-16,True
N007184,C006784,welcome,,2026-07-06,False
N007185,C006785,welcome,,2026-08-08,False
N007186,C006786,welcome,,2026-07-19,False
N007187,C006787,welcome,,2026-07-15,True
N007188,C006788,welcome,,2026-07-17,False
N007189,C006789,welcome,,2026-08-03,False
N007190,C006790,welcome,,2026-07-22,True
N007191,C006791,welcome,,2026-07-19,False
N007192,C006792,welcome,,2026-07-15,True
N007193,C006793,welcome,,2026-07-04,True
N007194,C006794,welcome,,2026-08-27,False
N007195,C006795,welcome,,2026-07-23,False
N007196,C006796,welcome,,2026-07-13,True
N007197,C006797,welcome,,2026-09-06,False
N007198,C006798,welcome,,2026-08-21,False
N007199,C006799,welcome,,2026-09-15,True
N007200,C006800,welcome,,2026-07-20,True
N007201,C006801,welcome,,2026-08-30,False
N007202,C006802,welcome,,2026-09-09,True
N007203,C006803,welcome,,2026-07-16,False
N007204,C006804,welcome,,2026-07-30,False
N007205,C006805,welcome,,2026-08-08,False
N007206,C006806,welcome,,2026-07-25,False
N007207,C006807,welcome,,2026-07-16,False
N007208,C006808,welcome,,2026-07-16,False
N007209,C006809,welcome,,2026-07-03,False
N007210,C006810,welcome,,2026-09-07,False
N007211,C006811,welcome,,2026-08-22,True
N007212,C006812,welcome,,2026-09-02,False
N007213,C006813,welcome,,2026-08-02,False
N007214,C006814,welcome,,2026-07-29,False
N007215,C006815,welcome,,2026-07-23,True
N007216,C006816,welcome,,2026-09-25,True
N007217,C006817,welcome,,2026-07-10,False
N007218,C006818,welcome,,2026-09-03,False
N007219,C006819,welcome,,2026-08-10,False
N007220,C006820,welcome,,2026-09-09,False
N007221,C006821,welcome,,2026-07-04,True
N007222,C006822,welcome,,2026-07-06,False
N007223,C006823,welcome,,2026-07-18,True
N007224,C006824,welcome,,2026-07-10,False
N007225,C006825,welcome,,2026-07-21,True
N007226,C006826,welcome,,2026-07-11,True
N007227,C006827,welcome,,2026-07-17,False
N007228,C006828,welcome,,2026-07-10,True
N007229,C006829,welcome,,2026-08-16,True
N007230,C006830,welcome,,2026-07-06,False
N007231,C006831,welcome,,2026-08-24,False
N007232,C006832,welcome,,2026-08-02,True
N007233,C006833,welcome,,2026-08-03,False
N007234,C006834,welcome,,2026-07-16,False
N007235,C006835,welcome,,2026-07-05,False
N007236,C006836,welcome,,2026-07-12,False
N007237,C006836,compliance_change,INS001,2026-08-03,False
N007238,C006837,welcome,,2026-07-08,False
N007239,C006838,welcome,,2026-07-23,False
N007240,C006839,welcome,,2026-08-01,False
N007241,C006840,welcome,,2026-07-12,False
N007242,C006841,welcome,,2026-07-01,True
N007243,C006842,welcome,,2026-08-07,False
N007244,C006843,welcome,,2026-07-20,False
N007245,C006843,compliance_change,INS001,2026-08-03,True
N007246,C006844,welcome,,2026-08-01,True
N007247,C006845,welcome,,2026-08-17,False
N007248,C006846,welcome,,2026-07-18,False
N007249,C006847,welcome,,2026-09-09,False
N007250,C006848,welcome,,2026-07-07,True
N007251,C006849,welcome,,2026-07-13,True
N007252,C006849,compliance_change,INS001,2026-08-03,True
N007253,C006850,welcome,,2026-08-25,True
N007254,C006851,welcome,,2026-07-08,False
N007255,C006852,welcome,,2026-07-19,False
N007256,C006853,welcome,,2026-07-21,False
N007257,C006854,welcome,,2026-08-28,True
N007258,C006855,welcome,,2026-07-09,False
N007259,C006856,welcome,,2026-07-07,True
N007260,C006857,welcome,,2026-07-05,False
N007261,C006858,welcome,,2026-07-27,False
N007262,C006859,welcome,,2026-07-22,False
N007263,C006859,compliance_change,INS001,2026-08-03,False
N007264,C006860,welcome,,2026-08-07,True
N007265,C006861,welcome,,2026-07-09,True
N007266,C006861,compliance_change,INS001,2026-08-03,True
N007267,C006862,welcome,,2026-09-30,False
N007268,C006863,welcome,,2026-07-18,True
N007269,C006864,welcome,,2026-08-13,False
N007270,C006865,welcome,,2026-07-25,False
N007271,C006866,welcome,,2026-07-08,False
N007272,C006867,welcome,,2026-07-04,True
N007273,C006868,welcome,,2026-07-22,False
N007274,C006869,welcome,,2026-07-11,True
N007275,C006870,welcome,,2026-09-12,True
N007276,C006871,welcome,,2026-09-16,False
N007277,C006872,welcome,,2026-08-25,True
N007278,C006873,welcome,,2026-08-17,True
N007279,C006874,welcome,,2026-07-10,False
N007280,C006875,welcome,,2026-08-01,False
N007281,C006876,welcome,,2026-07-04,True
N007282,C006877,welcome,,2026-09-26,True
N007283,C006878,welcome,,2026-08-16,False
N007284,C006879,welcome,,2026-08-29,True
N007285,C006880,welcome,,2026-08-12,False
N007286,C006881,welcome,,2026-09-20,False
N007287,C006882,welcome,,2026-08-11,False
N007288,C006883,welcome,,2026-07-09,True
N007289,C006884,welcome,,2026-07-04,False
N007290,C006885,welcome,,2026-08-07,False
N007291,C006886,welcome,,2026-09-23,True
N007292,C006887,welcome,,2026-07-22,False
N007293,C006888,welcome,,2026-08-14,False
N007294,C006889,welcome,,2026-07-07,True
N007295,C006890,welcome,,2026-07-09,True
N007296,C006891,welcome,,2026-08-01,True
N007297,C006892,welcome,,2026-08-10,False
N007298,C006893,welcome,,2026-07-05,True
N007299,C006894,welcome,,2026-07-12,True
N007300,C006895,welcome,,2026-07-10,True
N007301,C006896,welcome,,2026-07-16,True
N007302,C006897,welcome,,2026-08-10,False
N007303,C006898,welcome,,2026-07-26,True
N007304,C006899,welcome,,2026-08-16,False
N007305,C006900,welcome,,2026-07-23,True
N007306,C006901,welcome,,2026-07-16,False
N007307,C006901,compliance_change,INS001,2026-08-03,True
N007308,C006902,welcome,,2026-07-28,True
N007309,C006903,welcome,,2026-08-15,False
N007310,C006904,welcome,,2026-07-19,True
N007311,C006905,welcome,,2026-07-08,False
N007312,C006905,compliance_change,INS001,2026-08-03,True
N007313,C006906,welcome,,2026-07-14,False
N007314,C006907,welcome,,2026-09-08,False
N007315,C006908,welcome,,2026-07-12,False
N007316,C006909,welcome,,2026-07-04,True
N007317,C006910,welcome,,2026-08-01,True
N007318,C006911,welcome,,2026-09-06,True
N007319,C006912,welcome,,2026-07-18,False
N007320,C006913,welcome,,2026-09-06,False
N007321,C006914,welcome,,2026-09-27,False
N007322,C006915,welcome,,2026-09-28,True
N007323,C006916,welcome,,2026-07-06,False
N007324,C006917,welcome,,2026-07-03,True
N007325,C006918,welcome,,2026-08-03,False
N007326,C006919,welcome,,2026-07-30,True
N007327,C006920,welcome,,2026-07-15,True
N007328,C006921,welcome,,2026-08-12,True
N007329,C006922,welcome,,2026-09-22,False
N007330,C006923,welcome,,2026-07-17,True
N007331,C006924,welcome,,2026-07-03,False
N007332,C006925,welcome,,2026-07-23,True
N007333,C006926,welcome,,2026-07-31,False
N007334,C006927,welcome,,2026-09-23,True
N007335,C006928,welcome,,2026-07-25,True
N007336,C006929,welcome,,2026-07-18,True
N007337,C006930,welcome,,2026-07-09,True
N007338,C006931,welcome,,2026-07-16,False
N007339,C006932,welcome,,2026-08-06,False
N007340,C006933,welcome,,2026-07-19,False
N007341,C006934,welcome,,2026-07-09,True
N007342,C006935,welcome,,2026-07-11,False
N007343,C006936,welcome,,2026-07-29,True
N007344,C006937,welcome,,2026-07-01,False
N007345,C006938,welcome,,2026-09-05,False
N007346,C006939,welcome,,2026-07-21,True
N007347,C006940,welcome,,2026-07-29,False
N007348,C006941,welcome,,2026-08-07,True
N007349,C006942,welcome,,2026-08-17,True
N007350,C006943,welcome,,2026-07-21,True
N007351,C006943,compliance_change,INS001,2026-08-03,False
N007352,C006944,welcome,,2026-07-07,False
N007353,C006944,compliance_change,INS001,2026-08-03,True
N007354,C006945,welcome,,2026-07-11,True
N007355,C006946,welcome,,2026-08-12,True
N007356,C006947,welcome,,2026-08-08,True
N007357,C006948,welcome,,2026-07-06,True
N007358,C006949,welcome,,2026-07-02,False
N007359,C006950,welcome,,2026-07-15,False
N007360,C006951,welcome,,2026-08-19,True
N007361,C006952,welcome,,2026-08-03,True
N007362,C006953,welcome,,2026-09-03,False
N007363,C006954,welcome,,2026-07-01,True
N007364,C006955,welcome,,2026-07-11,False
N007365,C006956,welcome,,2026-09-05,True
N007366,C006957,welcome,,2026-08-16,True
N007367,C006958,welcome,,2026-09-05,True
N007368,C006959,welcome,,2026-07-18,True
N007369,C006959,compliance_change,INS001,2026-08-03,False
N007370,C006960,welcome,,2026-07-28,True
N007371,C006961,welcome,,2026-07-16,True
N007372,C006962,welcome,,2026-07-06,True
N007373,C006963,welcome,,2026-07-12,True
N007374,C006964,welcome,,2026-07-18,False
N007375,C006965,welcome,,2026-07-04,False
N007376,C006966,welcome,,2026-07-22,False
N007377,C006967,welcome,,2026-08-11,True
N007378,C006968,welcome,,2026-08-22,True
N007379,C006969,welcome,,2026-09-05,False
N007380,C006970,welcome,,2026-07-24,False
N007381,C006971,welcome,,2026-08-15,False
N007382,C006972,welcome,,2026-08-09,True
N007383,C006973,welcome,,2026-07-18,False
N007384,C006974,welcome,,2026-07-03,False
N007385,C006975,welcome,,2026-08-20,True
N007386,C006976,welcome,,2026-07-01,False
N007387,C006977,welcome,,2026-07-27,False
N007388,C006978,welcome,,2026-08-31,True
N007389,C006979,welcome,,2026-07-06,False
N007390,C006979,compliance_change,INS001,2026-08-03,True
N007391,C006980,welcome,,2026-07-21,True
N007392,C006981,welcome,,2026-08-08,True
N007393,C006982,welcome,,2026-08-09,True
N007394,C006983,welcome,,2026-08-14,False
N007395,C006984,welcome,,2026-07-09,False
N007396,C006985,welcome,,2026-08-24,True
N007397,C006986,welcome,,2026-07-09,False
N007398,C006987,welcome,,2026-07-26,True
N007399,C006988,welcome,,2026-08-14,False
N007400,C006989,welcome,,2026-09-30,True
N007401,C006990,welcome,,2026-08-13,True
N007402,C006991,welcome,,2026-08-07,True
N007403,C006992,welcome,,2026-08-15,True
N007404,C006993,welcome,,2026-07-07,False
N007405,C006994,welcome,,2026-07-04,True
N007406,C006995,welcome,,2026-08-02,True
N007407,C006996,welcome,,2026-08-08,True
N007408,C006997,welcome,,2026-07-21,False
N007409,C006998,welcome,,2026-07-10,True
N007410,C006998,compliance_change,INS001,2026-08-03,False
N007411,C006999,welcome,,2026-07-28,True
N007412,C007000,welcome,,2026-07-20,False
N007413,C007001,welcome,,2026-08-15,True
N007414,C007002,welcome,,2026-07-04,False
N007415,C007003,welcome,,2026-08-28,True
N007416,C007004,welcome,,2026-09-10,True
N007417,C007005,welcome,,2026-08-26,True
N007418,C007006,welcome,,2026-08-09,True
N007419,C007007,welcome,,2026-08-09,False
N007420,C007008,welcome,,2026-07-12,False
N007421,C007009,welcome,,2026-07-28,True
N007422,C007010,welcome,,2026-07-15,False
N007423,C007011,welcome,,2026-08-04,True
N007424,C007012,welcome,,2026-07-21,True
N007425,C007013,welcome,,2026-09-12,False
N007426,C007014,welcome,,2026-08-08,False
N007427,C007015,welcome,,2026-07-28,True
N007428,C007016,welcome,,2026-08-05,False
N007429,C007017,welcome,,2026-07-13,True
N007430,C007018,welcome,,2026-07-11,True
N007431,C007019,welcome,,2026-07-05,False
N007432,C007020,welcome,,2026-08-02,True
N007433,C007021,welcome,,2026-07-05,True
N007434,C007022,welcome,,2026-08-15,False
N007435,C007023,welcome,,2026-08-15,False
N007436,C007024,welcome,,2026-07-09,False
N007437,C007025,welcome,,2026-07-19,True
N007438,C007026,welcome,,2026-07-23,True
N007439,C007027,welcome,,2026-08-15,False
N007440,C007028,welcome,,2026-07-26,False
N007441,C007029,welcome,,2026-07-09,True
N007442,C007030,welcome,,2026-07-07,False
N007443,C007031,welcome,,2026-08-17,True
N007444,C007032,welcome,,2026-07-03,False
N007445,C007033,welcome,,2026-08-01,True
N007446,C007034,welcome,,2026-08-07,False
N007447,C007035,welcome,,2026-08-09,False
N007448,C007036,welcome,,2026-08-18,True
N007449,C007037,welcome,,2026-08-01,False
N007450,C007038,welcome,,2026-07-06,False
N007451,C007039,welcome,,2026-08-24,True
N007452,C007040,welcome,,2026-07-07,True
N007453,C007040,compliance_change,INS001,2026-08-03,False
N007454,C007041,welcome,,2026-07-13,True
N007455,C007042,welcome,,2026-08-07,True
N007456,C007043,welcome,,2026-09-15,True
N007457,C007044,welcome,,2026-07-31,False
N007458,C007045,welcome,,2026-07-11,True
N007459,C007046,welcome,,2026-07-26,False
N007460,C007047,welcome,,2026-07-27,True
N007461,C007048,welcome,,2026-07-18,False
N007462,C007049,welcome,,2026-07-20,True
N007463,C007050,welcome,,2026-07-18,False
N007464,C007051,welcome,,2026-07-11,True
N007465,C007052,welcome,,2026-07-07,False
N007466,C007053,welcome,,2026-07-15,False
N007467,C007054,welcome,,2026-07-02,False
N007468,C007055,welcome,,2026-07-11,False
N007469,C007056,welcome,,2026-07-28,True
N007470,C007057,welcome,,2026-07-03,False
N007471,C007058,welcome,,2026-07-29,False
N007472,C007059,welcome,,2026-08-21,True
N007473,C007060,welcome,,2026-07-17,True
N007474,C007061,welcome,,2026-08-19,False
N007475,C007062,welcome,,2026-09-29,False
N007476,C007063,welcome,,2026-08-18,True
N007477,C007064,welcome,,2026-08-12,True
N007478,C007065,welcome,,2026-07-17,False
N007479,C007066,welcome,,2026-07-28,False
N007480,C007067,welcome,,2026-07-06,True
N007481,C007068,welcome,,2026-07-14,False
N007482,C007068,compliance_change,INS001,2026-08-03,True
N007483,C007069,welcome,,2026-09-19,True
N007484,C007070,welcome,,2026-07-24,False
N007485,C007071,welcome,,2026-07-02,True
N007486,C007072,welcome,,2026-08-15,False
N007487,C007073,welcome,,2026-09-24,True
N007488,C007074,welcome,,2026-07-22,True
N007489,C007075,welcome,,2026-08-22,True
N007490,C007076,welcome,,2026-07-09,True
N007491,C007077,welcome,,2026-09-20,False
N007492,C007078,welcome,,2026-07-22,True
N007493,C007079,welcome,,2026-07-20,False
N007494,C007080,welcome,,2026-08-18,True
N007495,C007081,welcome,,2026-08-08,True
N007496,C007082,welcome,,2026-08-18,True
N007497,C007083,welcome,,2026-08-17,False
N007498,C007084,welcome,,2026-07-13,False
N007499,C007085,welcome,,2026-09-07,False
N007500,C007086,welcome,,2026-07-16,False
N007501,C007087,welcome,,2026-09-09,True
N007502,C007088,welcome,,2026-08-03,False
N007503,C007089,welcome,,2026-07-31,False
N007504,C007090,welcome,,2026-07-31,True
N007505,C007091,welcome,,2026-09-20,True
N007506,C007092,welcome,,2026-08-18,True
N007507,C007093,welcome,,2026-07-29,False
N007508,C007094,welcome,,2026-08-02,False
N007509,C007095,welcome,,2026-08-01,True
N007510,C007096,welcome,,2026-07-31,False
N007511,C007097,welcome,,2026-08-09,True
N007512,C007098,welcome,,2026-08-31,False
N007513,C007099,welcome,,2026-08-12,True
N007514,C007100,welcome,,2026-07-13,False
N007515,C007101,welcome,,2026-07-15,True
N007516,C007102,welcome,,2026-08-02,False
N007517,C007103,welcome,,2026-07-24,True
N007518,C007104,welcome,,2026-08-14,True
N007519,C007105,welcome,,2026-07-21,True
N007520,C007106,welcome,,2026-07-20,False
N007521,C007106,compliance_change,INS001,2026-08-03,False
N007522,C007107,welcome,,2026-07-02,False
N007523,C007108,welcome,,2026-07-04,False
N007524,C007109,welcome,,2026-07-22,False
N007525,C007110,welcome,,2026-07-13,False
N007526,C007111,welcome,,2026-09-28,True
N007527,C007112,welcome,,2026-07-17,False
N007528,C007113,welcome,,2026-08-27,True
N007529,C007114,welcome,,2026-08-03,True
N007530,C007115,welcome,,2026-08-19,False
N007531,C007116,welcome,,2026-08-14,True
N007532,C007117,welcome,,2026-07-12,False
N007533,C007118,welcome,,2026-08-05,False
N007534,C007119,welcome,,2026-08-05,True
N007535,C007120,welcome,,2026-08-29,True
N007536,C007121,welcome,,2026-07-06,False
N007537,C007122,welcome,,2026-07-15,False
N007538,C007123,welcome,,2026-07-02,True
N007539,C007124,welcome,,2026-07-27,False
N007540,C007125,welcome,,2026-07-21,True
N007541,C007126,welcome,,2026-09-21,False
N007542,C007127,welcome,,2026-07-24,False
N007543,C007128,welcome,,2026-07-07,False
N007544,C007129,welcome,,2026-07-29,True
N007545,C007130,welcome,,2026-08-09,False
N007546,C007131,welcome,,2026-09-12,False
N007547,C007132,welcome,,2026-08-15,True
N007548,C007133,welcome,,2026-08-23,True
N007549,C007134,welcome,,2026-08-15,False
N007550,C007135,welcome,,2026-08-14,True
N007551,C007136,welcome,,2026-09-10,True
N007552,C007137,welcome,,2026-07-08,False
N007553,C007138,welcome,,2026-08-03,True
N007554,C007139,welcome,,2026-09-10,False
N007555,C007140,welcome,,2026-07-01,False
N007556,C007141,welcome,,2026-09-23,True
N007557,C007142,welcome,,2026-08-13,True
N007558,C007143,welcome,,2026-07-20,True
N007559,C007144,welcome,,2026-07-14,False
N007560,C007145,welcome,,2026-08-23,True
N007561,C007146,welcome,,2026-08-03,True
N007562,C007147,welcome,,2026-07-24,False
N007563,C007148,welcome,,2026-07-29,False
N007564,C007149,welcome,,2026-07-12,False
N007565,C007149,compliance_change,INS001,2026-08-03,True
N007566,C007150,welcome,,2026-07-20,False
N007567,C007151,welcome,,2026-07-24,False
N007568,C007151,compliance_change,INS001,2026-08-03,True
N007569,C007152,welcome,,2026-08-15,True
N007570,C007153,welcome,,2026-08-16,False
N007571,C007154,welcome,,2026-07-07,False
N007572,C007155,welcome,,2026-07-14,True
N007573,C007156,welcome,,2026-08-12,False
N007574,C007157,welcome,,2026-08-15,True
N007575,C007158,welcome,,2026-08-21,False
N007576,C007159,welcome,,2026-08-01,False
N007577,C007160,welcome,,2026-07-15,False
N007578,C007161,welcome,,2026-07-21,False
N007579,C007162,welcome,,2026-08-15,False
N007580,C007163,welcome,,2026-07-18,False
N007581,C007164,welcome,,2026-07-04,True
N007582,C007165,welcome,,2026-07-07,False
N007583,C007166,welcome,,2026-09-11,True
N007584,C007167,welcome,,2026-07-30,True
N007585,C007168,welcome,,2026-07-13,False
N007586,C007169,welcome,,2026-09-16,True
N007587,C007170,welcome,,2026-07-25,True
N007588,C007171,welcome,,2026-08-06,False
N007589,C007172,welcome,,2026-07-24,True
N007590,C007173,welcome,,2026-07-21,True
N007591,C007174,welcome,,2026-08-25,True
N007592,C007175,welcome,,2026-07-26,False
N007593,C007176,welcome,,2026-08-20,False
N007594,C007177,welcome,,2026-08-15,True
N007595,C007178,welcome,,2026-09-23,True
N007596,C007179,welcome,,2026-08-20,False
N007597,C007180,welcome,,2026-08-06,False
N007598,C007181,welcome,,2026-08-04,True
N007599,C007182,welcome,,2026-07-14,True
N007600,C007183,welcome,,2026-08-08,False
N007601,C007184,welcome,,2026-07-04,True
N007602,C007185,welcome,,2026-09-20,True
N007603,C007186,welcome,,2026-07-23,True
N007604,C007187,welcome,,2026-07-10,True
N007605,C007187,compliance_change,INS001,2026-08-03,True
N007606,C007188,welcome,,2026-08-09,True
N007607,C007189,welcome,,2026-07-17,True
N007608,C007190,welcome,,2026-07-30,True
N007609,C007191,welcome,,2026-07-20,False
N007610,C007191,compliance_change,INS001,2026-08-03,True
N007611,C007192,welcome,,2026-08-15,True
N007612,C007193,welcome,,2026-07-09,True
N007613,C007194,welcome,,2026-07-24,True
N007614,C007195,welcome,,2026-07-27,False
N007615,C007196,welcome,,2026-09-12,False
N007616,C007197,welcome,,2026-07-31,True
N007617,C007198,welcome,,2026-07-01,True
N007618,C007199,welcome,,2026-07-28,False
N007619,C007200,welcome,,2026-07-25,False
N007620,C007201,welcome,,2026-07-06,True
N007621,C007202,welcome,,2026-07-30,False
N007622,C007202,compliance_change,INS001,2026-08-03,True
N007623,C007203,welcome,,2026-09-01,False
N007624,C007204,welcome,,2026-07-15,False
N007625,C007205,welcome,,2026-09-17,True
N007626,C007206,welcome,,2026-09-06,True
N007627,C007207,welcome,,2026-08-10,False
N007628,C007208,welcome,,2026-09-03,True
N007629,C007209,welcome,,2026-09-27,True
N007630,C007210,welcome,,2026-08-22,False
N007631,C007211,welcome,,2026-09-22,True
N007632,C007212,welcome,,2026-07-04,False
N007633,C007212,compliance_change,INS001,2026-08-03,True
N007634,C007213,welcome,,2026-09-04,False
N007635,C007214,welcome,,2026-07-29,True
N007636,C007215,welcome,,2026-09-06,True
N007637,C007216,welcome,,2026-07-25,True
N007638,C007217,welcome,,2026-07-21,True
N007639,C007218,welcome,,2026-08-02,False
N007640,C007219,welcome,,2026-07-14,True
N007641,C007220,welcome,,2026-08-13,True
N007642,C007221,welcome,,2026-07-06,False
N007643,C007221,compliance_change,INS001,2026-08-03,True
N007644,C007222,welcome,,2026-07-07,True
N007645,C007223,welcome,,2026-07-12,True
N007646,C007224,welcome,,2026-09-18,True
N007647,C007225,welcome,,2026-08-10,False
N007648,C007226,welcome,,2026-07-19,False
N007649,C007227,welcome,,2026-08-21,False
N007650,C007228,welcome,,2026-07-10,False
N007651,C007229,welcome,,2026-07-16,False
N007652,C007230,welcome,,2026-08-27,True
N007653,C007231,welcome,,2026-07-16,True
N007654,C007232,welcome,,2026-07-17,True
N007655,C007233,welcome,,2026-08-02,True
N007656,C007234,welcome,,2026-07-02,False
N007657,C007235,welcome,,2026-08-14,True
N007658,C007236,welcome,,2026-08-27,True
N007659,C007237,welcome,,2026-07-15,False
N007660,C007238,welcome,,2026-08-04,True
N007661,C007239,welcome,,2026-07-20,False
N007662,C007240,welcome,,2026-07-16,True
N007663,C007241,welcome,,2026-07-26,True
N007664,C007242,welcome,,2026-07-19,False
N007665,C007243,welcome,,2026-07-03,False
N007666,C007244,welcome,,2026-07-27,False
N007667,C007245,welcome,,2026-09-12,False
N007668,C007246,welcome,,2026-07-12,False
N007669,C007247,welcome,,2026-08-14,False
N007670,C007248,welcome,,2026-07-21,True
N007671,C007248,compliance_change,INS001,2026-08-03,True
N007672,C007249,welcome,,2026-07-05,False
N007673,C007250,welcome,,2026-09-20,True
N007674,C007251,welcome,,2026-08-01,False
N007675,C007252,welcome,,2026-07-12,False
N007676,C007253,welcome,,2026-08-04,False
N007677,C007254,welcome,,2026-09-24,False
N007678,C007255,welcome,,2026-07-08,True
N007679,C007256,welcome,,2026-08-11,False
N007680,C007257,welcome,,2026-09-13,True
N007681,C007258,welcome,,2026-08-02,True
N007682,C007259,welcome,,2026-07-17,False
N007683,C007260,welcome,,2026-07-11,True
N007684,C007261,welcome,,2026-07-25,True
N007685,C007262,welcome,,2026-07-03,False
N007686,C007263,welcome,,2026-09-03,False
N007687,C007264,welcome,,2026-07-03,False
N007688,C007265,welcome,,2026-07-09,False
N007689,C007266,welcome,,2026-09-01,False
N007690,C007267,welcome,,2026-07-07,True
N007691,C007268,welcome,,2026-07-15,True
N007692,C007269,welcome,,2026-08-26,True
N007693,C007270,welcome,,2026-07-31,True
N007694,C007271,welcome,,2026-07-08,False
N007695,C007272,welcome,,2026-07-04,True
N007696,C007273,welcome,,2026-07-31,False
N007697,C007274,welcome,,2026-09-11,True
N007698,C007275,welcome,,2026-09-14,True
N007699,C007276,welcome,,2026-07-26,True
N007700,C007277,welcome,,2026-07-16,True
N007701,C007278,welcome,,2026-07-02,True
N007702,C007279,welcome,,2026-08-04,True
N007703,C007280,welcome,,2026-07-07,False
N007704,C007281,welcome,,2026-07-19,False
N007705,C007282,welcome,,2026-09-05,True
N007706,C007283,welcome,,2026-07-09,False
N007707,C007284,welcome,,2026-08-22,True
N007708,C007285,welcome,,2026-07-20,True
N007709,C007286,welcome,,2026-09-03,False
N007710,C007287,welcome,,2026-08-04,False
N007711,C007288,welcome,,2026-07-02,False
N007712,C007289,welcome,,2026-08-08,False
N007713,C007290,welcome,,2026-07-18,True
N007714,C007291,welcome,,2026-07-18,False
N007715,C007292,welcome,,2026-07-27,True
N007716,C007293,welcome,,2026-08-02,True
N007717,C007294,welcome,,2026-07-24,True
N007718,C007295,welcome,,2026-08-11,False
N007719,C007296,welcome,,2026-08-27,False
N007720,C007297,welcome,,2026-07-16,True
N007721,C007298,welcome,,2026-07-23,False
N007722,C007299,welcome,,2026-07-26,False
N007723,C007300,welcome,,2026-08-16,True
N007724,C007301,welcome,,2026-07-22,False
N007725,C007302,welcome,,2026-08-19,True
N007726,C007303,welcome,,2026-08-17,False
N007727,C007304,welcome,,2026-08-06,True
N007728,C007305,welcome,,2026-09-03,False
N007729,C007306,welcome,,2026-08-13,True
N007730,C007307,welcome,,2026-07-24,False
N007731,C007308,welcome,,2026-08-01,True
N007732,C007309,welcome,,2026-08-09,True
N007733,C007310,welcome,,2026-08-07,True
N007734,C007311,welcome,,2026-08-10,False
N007735,C007312,welcome,,2026-09-27,False
N007736,C007313,welcome,,2026-07-01,True
N007737,C007314,welcome,,2026-09-07,True
N007738,C007315,welcome,,2026-07-03,True
N007739,C007316,welcome,,2026-07-05,False
N007740,C007317,welcome,,2026-07-07,True
N007741,C007318,welcome,,2026-07-18,True
N007742,C007319,welcome,,2026-09-18,True
N007743,C007320,welcome,,2026-07-24,False
N007744,C007321,welcome,,2026-07-04,True
N007745,C007322,welcome,,2026-07-19,True
N007746,C007323,welcome,,2026-09-20,True
N007747,C007324,welcome,,2026-07-29,False
N007748,C007325,welcome,,2026-07-16,True
N007749,C007326,welcome,,2026-08-22,True
N007750,C007327,welcome,,2026-08-19,False
N007751,C007328,welcome,,2026-07-08,False
N007752,C007329,welcome,,2026-09-01,True
N007753,C007330,welcome,,2026-09-24,False
N007754,C007331,welcome,,2026-08-11,False
N007755,C007332,welcome,,2026-09-24,True
N007756,C007333,welcome,,2026-07-27,True
N007757,C007334,welcome,,2026-08-01,True
N007758,C007335,welcome,,2026-07-25,True
N007759,C007336,welcome,,2026-09-15,True
N007760,C007337,welcome,,2026-07-18,False
N007761,C007338,welcome,,2026-07-07,False
N007762,C007339,welcome,,2026-07-22,True
N007763,C007340,welcome,,2026-07-09,True
N007764,C007341,welcome,,2026-08-25,True
N007765,C007342,welcome,,2026-07-20,True
N007766,C007343,welcome,,2026-08-02,True
N007767,C007344,welcome,,2026-08-31,False
N007768,C007345,welcome,,2026-07-23,False
N007769,C007346,welcome,,2026-07-07,True
N007770,C007347,welcome,,2026-09-22,False
N007771,C007348,welcome,,2026-08-14,True
N007772,C007349,welcome,,2026-07-31,False
N007773,C007350,welcome,,2026-08-01,True
N007774,C007351,welcome,,2026-07-17,False
N007775,C007352,welcome,,2026-09-15,False
N007776,C007353,welcome,,2026-07-07,True
N007777,C007354,welcome,,2026-07-03,True
N007778,C007355,welcome,,2026-07-19,True
N007779,C007356,welcome,,2026-08-12,False
N007780,C007357,welcome,,2026-09-24,True
N007781,C007358,welcome,,2026-08-22,False
N007782,C007359,welcome,,2026-08-01,True
N007783,C007360,welcome,,2026-07-21,True
N007784,C007361,welcome,,2026-07-27,True
N007785,C007362,welcome,,2026-08-17,False
N007786,C007363,welcome,,2026-08-31,True
N007787,C007364,welcome,,2026-07-04,True
N007788,C007365,welcome,,2026-07-19,True
N007789,C007366,welcome,,2026-08-26,True
N007790,C007367,welcome,,2026-08-06,False
N007791,C007368,welcome,,2026-07-30,False
N007792,C007369,welcome,,2026-07-08,False
N007793,C007370,welcome,,2026-07-29,True
N007794,C007371,welcome,,2026-08-24,False
N007795,C007372,welcome,,2026-08-15,True
N007796,C007373,welcome,,2026-07-17,True
N007797,C007374,welcome,,2026-07-18,False
N007798,C007375,welcome,,2026-08-25,True
N007799,C007376,welcome,,2026-07-11,False
N007800,C007376,compliance_change,INS001,2026-08-03,True
N007801,C007377,welcome,,2026-07-29,True
N007802,C007378,welcome,,2026-08-18,False
N007803,C007379,welcome,,2026-08-30,True
N007804,C007380,welcome,,2026-07-12,True
N007805,C007381,welcome,,2026-07-24,True
N007806,C007382,welcome,,2026-07-16,True
N007807,C007383,welcome,,2026-09-17,False
N007808,C007384,welcome,,2026-09-25,True
N007809,C007385,welcome,,2026-07-17,False
N007810,C007386,welcome,,2026-07-14,True
N007811,C007387,welcome,,2026-09-17,True
N007812,C007388,welcome,,2026-08-08,True
N007813,C007389,welcome,,2026-08-30,True
N007814,C007390,welcome,,2026-07-14,True
N007815,C007391,welcome,,2026-08-09,True
N007816,C007392,welcome,,2026-07-27,False
N007817,C007393,welcome,,2026-07-04,False
N007818,C007394,welcome,,2026-07-08,False
N007819,C007395,welcome,,2026-08-08,True
N007820,C007396,welcome,,2026-08-07,True
N007821,C007397,welcome,,2026-07-12,True
N007822,C007398,welcome,,2026-07-16,False
N007823,C007399,welcome,,2026-07-09,False
N007824,C007400,welcome,,2026-09-23,True
N007825,C007401,welcome,,2026-07-15,False
N007826,C007402,welcome,,2026-09-14,True
N007827,C007403,welcome,,2026-08-18,False
N007828,C007404,welcome,,2026-09-21,False
N007829,C007405,welcome,,2026-08-12,False
N007830,C007406,welcome,,2026-08-24,True
N007831,C007407,welcome,,2026-08-12,False
N007832,C007408,welcome,,2026-07-29,False
N007833,C007409,welcome,,2026-07-06,True
N007834,C007410,welcome,,2026-08-19,True
N007835,C007411,welcome,,2026-07-30,True
N007836,C007412,welcome,,2026-07-28,True
N007837,C007413,welcome,,2026-08-28,False
N007838,C007414,welcome,,2026-09-24,True
N007839,C007415,welcome,,2026-07-07,True
N007840,C007416,welcome,,2026-07-13,False
N007841,C007417,welcome,,2026-07-08,True
N007842,C007418,welcome,,2026-07-30,True
N007843,C007419,welcome,,2026-07-21,True
N007844,C007420,welcome,,2026-09-08,True
N007845,C007421,welcome,,2026-08-04,False
N007846,C007422,welcome,,2026-07-16,False
N007847,C007422,compliance_change,INS001,2026-08-03,True
N007848,C007423,welcome,,2026-08-18,True
N007849,C007424,welcome,,2026-09-05,True
N007850,C007425,welcome,,2026-07-11,False
N007851,C007426,welcome,,2026-07-25,True
N007852,C007427,welcome,,2026-08-06,False
N007853,C007428,welcome,,2026-07-07,False
N007854,C007429,welcome,,2026-08-07,True
N007855,C007430,welcome,,2026-08-18,True
N007856,C007431,welcome,,2026-08-09,True
N007857,C007432,welcome,,2026-08-21,False
N007858,C007433,welcome,,2026-07-18,True
N007859,C007434,welcome,,2026-07-18,False
N007860,C007435,welcome,,2026-08-08,False
N007861,C007436,welcome,,2026-07-16,False
N007862,C007437,welcome,,2026-07-13,False
N007863,C007438,welcome,,2026-07-28,False
N007864,C007439,welcome,,2026-07-16,False
N007865,C007440,welcome,,2026-08-21,True
N007866,C007441,welcome,,2026-08-30,True
N007867,C007442,welcome,,2026-07-16,False
N007868,C007443,welcome,,2026-07-28,False
N007869,C007444,welcome,,2026-07-18,False
N007870,C007444,compliance_change,INS001,2026-08-03,False
N007871,C007445,welcome,,2026-07-07,True
N007872,C007446,welcome,,2026-09-16,True
N007873,C007447,welcome,,2026-08-01,True
N007874,C007448,welcome,,2026-08-22,False
N007875,C007449,welcome,,2026-08-17,True
N007876,C007450,welcome,,2026-08-28,False
N007877,C007451,welcome,,2026-07-23,True
N007878,C007452,welcome,,2026-07-31,True
N007879,C007453,welcome,,2026-08-06,True
N007880,C007454,welcome,,2026-07-07,False
N007881,C007455,welcome,,2026-07-10,True
N007882,C007456,welcome,,2026-08-09,True
N007883,C007457,welcome,,2026-09-10,True
N007884,C007458,welcome,,2026-09-15,True
N007885,C007459,welcome,,2026-07-22,True
N007886,C007460,welcome,,2026-07-08,False
N007887,C007461,welcome,,2026-07-11,False
N007888,C007462,welcome,,2026-08-18,True
N007889,C007463,welcome,,2026-07-28,True
N007890,C007464,welcome,,2026-08-01,False
N007891,C007465,welcome,,2026-07-24,False
N007892,C007466,welcome,,2026-08-21,False
N007893,C007467,welcome,,2026-07-25,True
N007894,C007468,welcome,,2026-07-30,False
N007895,C007469,welcome,,2026-07-01,False
N007896,C007470,welcome,,2026-08-18,True
N007897,C007471,welcome,,2026-09-07,True
N007898,C007472,welcome,,2026-07-21,False
N007899,C007473,welcome,,2026-07-04,True
N007900,C007474,welcome,,2026-08-30,True
N007901,C007475,welcome,,2026-08-02,False
N007902,C007476,welcome,,2026-07-23,True
N007903,C007477,welcome,,2026-07-05,True
N007904,C007478,welcome,,2026-08-08,True
N007905,C007479,welcome,,2026-09-15,True
N007906,C007480,welcome,,2026-08-10,True
N007907,C007481,welcome,,2026-07-12,True
N007908,C007482,welcome,,2026-09-06,False
N007909,C007483,welcome,,2026-07-06,True
N007910,C007484,welcome,,2026-07-15,False
N007911,C007485,welcome,,2026-07-07,True
N007912,C007486,welcome,,2026-07-22,True
N007913,C007487,welcome,,2026-08-01,False
N007914,C007488,welcome,,2026-08-05,True
N007915,C007489,welcome,,2026-08-22,True
N007916,C007490,welcome,,2026-07-30,True
N007917,C007491,welcome,,2026-08-05,True
N007918,C007492,welcome,,2026-07-14,True
N007919,C007493,welcome,,2026-08-15,False
N007920,C007494,welcome,,2026-08-22,False
N007921,C007495,welcome,,2026-09-01,False
N007922,C007496,welcome,,2026-07-19,True
N007923,C007497,welcome,,2026-08-11,True
N007924,C007498,welcome,,2026-07-04,False
N007925,C007499,welcome,,2026-08-25,False
N007926,C007500,welcome,,2026-08-15,True
N007927,C007501,welcome,,2026-07-02,False
N007928,C007502,welcome,,2026-07-11,False
N007929,C007503,welcome,,2026-07-01,False
N007930,C007504,welcome,,2026-07-12,True
N007931,C007505,welcome,,2026-07-27,False
N007932,C007506,welcome,,2026-08-22,False
N007933,C007507,welcome,,2026-07-28,True
N007934,C007508,welcome,,2026-07-04,False
N007935,C007509,welcome,,2026-07-09,False
N007936,C007510,welcome,,2026-07-22,False
N007937,C007511,welcome,,2026-07-30,True
N007938,C007512,welcome,,2026-07-23,False
N007939,C007513,welcome,,2026-07-19,True
N007940,C007514,welcome,,2026-08-08,False
N007941,C007515,welcome,,2026-08-02,False
N007942,C007516,welcome,,2026-07-16,True
N007943,C007517,welcome,,2026-07-18,False
N007944,C007518,welcome,,2026-07-27,False
N007945,C007519,welcome,,2026-09-27,True
N007946,C007520,welcome,,2026-07-24,True
N007947,C007521,welcome,,2026-07-24,False
N007948,C007522,welcome,,2026-08-23,False
N007949,C007523,welcome,,2026-08-31,True
N007950,C007524,welcome,,2026-09-16,False
N007951,C007525,welcome,,2026-08-10,False
N007952,C007526,welcome,,2026-08-06,False
N007953,C007527,welcome,,2026-08-21,True
N007954,C007528,welcome,,2026-07-06,True
N007955,C007529,welcome,,2026-07-16,True
N007956,C007530,welcome,,2026-08-29,True
N007957,C007531,welcome,,2026-08-14,True
N007958,C007532,welcome,,2026-07-20,True
N007959,C007533,welcome,,2026-09-01,True
N007960,C007534,welcome,,2026-08-30,True
N007961,C007535,welcome,,2026-09-13,True
N007962,C007536,welcome,,2026-07-29,True
N007963,C007537,welcome,,2026-08-26,False
N007964,C007538,welcome,,2026-08-16,True
N007965,C007539,welcome,,2026-09-07,True
N007966,C007540,welcome,,2026-08-04,False
N007967,C007541,welcome,,2026-07-25,True
N007968,C007542,welcome,,2026-07-26,True
N007969,C007543,welcome,,2026-09-20,True
N007970,C007544,welcome,,2026-07-24,True
N007971,C007545,welcome,,2026-07-06,True
N007972,C007546,welcome,,2026-07-18,False
N007973,C007547,welcome,,2026-07-05,False
N007974,C007548,welcome,,2026-07-07,True
N007975,C007549,welcome,,2026-08-22,False
N007976,C007550,welcome,,2026-08-03,False
N007977,C007551,welcome,,2026-08-21,False
N007978,C007552,welcome,,2026-07-05,True
N007979,C007553,welcome,,2026-07-05,False
N007980,C007554,welcome,,2026-09-23,False
N007981,C007555,welcome,,2026-07-12,True
N007982,C007556,welcome,,2026-07-02,False
N007983,C007557,welcome,,2026-08-04,False
N007984,C007558,welcome,,2026-07-09,True
N007985,C007558,compliance_change,INS001,2026-08-03,True
N007986,C007559,welcome,,2026-08-05,False
N007987,C007560,welcome,,2026-09-02,False
N007988,C007561,welcome,,2026-07-16,True
N007989,C007562,welcome,,2026-07-16,True
N007990,C007563,welcome,,2026-08-22,False
N007991,C007564,welcome,,2026-07-27,True
N007992,C007565,welcome,,2026-07-26,False
N007993,C007566,welcome,,2026-07-11,True
N007994,C007567,welcome,,2026-08-02,False
N007995,C007568,welcome,,2026-07-07,False
N007996,C007569,welcome,,2026-07-27,False
N007997,C007570,welcome,,2026-08-29,True
N007998,C007571,welcome,,2026-07-02,True
N007999,C007572,welcome,,2026-09-10,False
N008000,C007573,welcome,,2026-09-18,False
N008001,C007574,welcome,,2026-07-17,False
N008002,C007575,welcome,,2026-09-01,True
N008003,C007576,welcome,,2026-07-09,False
N008004,C007576,compliance_change,INS001,2026-08-03,True
N008005,C007577,welcome,,2026-08-15,True
N008006,C007578,welcome,,2026-08-08,True
N008007,C007579,welcome,,2026-07-19,True
N008008,C007580,welcome,,2026-07-25,True
N008009,C007581,welcome,,2026-07-20,True
N008010,C007582,welcome,,2026-07-29,False
N008011,C007583,welcome,,2026-07-13,False
N008012,C007584,welcome,,2026-08-16,False
N008013,C007585,welcome,,2026-07-17,False
N008014,C007586,welcome,,2026-08-11,True
N008015,C007587,welcome,,2026-07-23,True
N008016,C007588,welcome,,2026-07-16,True
N008017,C007589,welcome,,2026-08-26,False
N008018,C007590,welcome,,2026-07-19,False
N008019,C007591,welcome,,2026-08-09,True
N008020,C007592,welcome,,2026-07-29,False
N008021,C007593,welcome,,2026-07-07,True
N008022,C007593,compliance_change,INS001,2026-08-03,True
N008023,C007594,welcome,,2026-07-09,True
N008024,C007595,welcome,,2026-07-28,True
N008025,C007596,welcome,,2026-07-08,True
N008026,C007597,welcome,,2026-07-26,False
N008027,C007598,welcome,,2026-08-02,True
N008028,C007599,welcome,,2026-09-17,True
N008029,C007600,welcome,,2026-07-30,False
N008030,C007601,welcome,,2026-09-01,False
N008031,C007602,welcome,,2026-08-15,False
N008032,C007603,welcome,,2026-08-16,False
N008033,C007604,welcome,,2026-07-13,False
N008034,C007605,welcome,,2026-07-23,False
N008035,C007606,welcome,,2026-08-02,True
N008036,C007607,welcome,,2026-07-20,False
N008037,C007608,welcome,,2026-07-29,False
N008038,C007609,welcome,,2026-07-22,False
N008039,C007609,compliance_change,INS001,2026-08-03,True
N008040,C007610,welcome,,2026-09-25,True
N008041,C007611,welcome,,2026-07-16,True
N008042,C007612,welcome,,2026-07-04,True
N008043,C007613,welcome,,2026-08-16,False
N008044,C007614,welcome,,2026-07-03,False
N008045,C007614,compliance_change,INS001,2026-08-03,True
N008046,C007615,welcome,,2026-07-24,True
N008047,C007616,welcome,,2026-07-03,True
N008048,C007617,welcome,,2026-08-04,True
N008049,C007618,welcome,,2026-07-21,False
N008050,C007619,welcome,,2026-07-20,False
N008051,C007620,welcome,,2026-08-24,False
N008052,C007621,welcome,,2026-09-28,False
N008053,C007622,welcome,,2026-09-15,False
N008054,C007623,welcome,,2026-07-13,True
N008055,C007623,compliance_change,INS001,2026-08-03,True
N008056,C007624,welcome,,2026-07-03,False
N008057,C007625,welcome,,2026-08-31,True
N008058,C007626,welcome,,2026-09-07,False
N008059,C007627,welcome,,2026-07-26,True
N008060,C007628,welcome,,2026-08-26,False
N008061,C007629,welcome,,2026-07-24,True
N008062,C007630,welcome,,2026-09-10,True
N008063,C007631,welcome,,2026-08-21,False
N008064,C007632,welcome,,2026-08-21,True
N008065,C007633,welcome,,2026-09-12,True
N008066,C007634,welcome,,2026-09-28,True
N008067,C007635,welcome,,2026-07-19,True
N008068,C007636,welcome,,2026-07-04,True
N008069,C007637,welcome,,2026-07-26,True
N008070,C007638,welcome,,2026-08-08,True
N008071,C007639,welcome,,2026-07-08,True
N008072,C007640,welcome,,2026-08-17,False
N008073,C007641,welcome,,2026-07-30,True
N008074,C007642,welcome,,2026-07-19,False
N008075,C007642,compliance_change,INS001,2026-08-03,True
N008076,C007643,welcome,,2026-07-23,False
N008077,C007644,welcome,,2026-08-12,False
N008078,C007645,welcome,,2026-07-05,True
N008079,C007646,welcome,,2026-08-17,True
N008080,C007647,welcome,,2026-07-10,True
N008081,C007648,welcome,,2026-08-30,True
N008082,C007649,welcome,,2026-08-13,False
N008083,C007650,welcome,,2026-08-14,False
N008084,C007651,welcome,,2026-07-26,True
N008085,C007652,welcome,,2026-08-11,False
N008086,C007653,welcome,,2026-09-07,True
N008087,C007654,welcome,,2026-07-31,False
N008088,C007655,welcome,,2026-07-23,True
N008089,C007656,welcome,,2026-07-04,True
N008090,C007657,welcome,,2026-07-17,True
N008091,C007658,welcome,,2026-08-25,False
N008092,C007659,welcome,,2026-07-09,True
N008093,C007660,welcome,,2026-07-10,True
N008094,C007661,welcome,,2026-09-10,False
N008095,C007662,welcome,,2026-08-08,True
N008096,C007663,welcome,,2026-09-16,False
N008097,C007664,welcome,,2026-08-12,False
N008098,C007665,welcome,,2026-08-22,True
N008099,C007666,welcome,,2026-07-13,True
N008100,C007667,welcome,,2026-07-30,False
N008101,C007668,welcome,,2026-07-26,False
N008102,C007669,welcome,,2026-07-29,True
N008103,C007670,welcome,,2026-07-30,True
N008104,C007671,welcome,,2026-07-06,True
N008105,C007672,welcome,,2026-08-22,False
N008106,C007673,welcome,,2026-07-20,True
N008107,C007674,welcome,,2026-07-06,True
N008108,C007675,welcome,,2026-08-15,False
N008109,C007676,welcome,,2026-08-02,False
N008110,C007677,welcome,,2026-08-03,True
N008111,C007678,welcome,,2026-08-09,False
N008112,C007679,welcome,,2026-07-10,True
N008113,C007680,welcome,,2026-07-01,True
N008114,C007681,welcome,,2026-07-21,False
N008115,C007682,welcome,,2026-07-13,False
N008116,C007683,welcome,,2026-08-05,True
N008117,C007684,welcome,,2026-08-11,False
N008118,C007685,welcome,,2026-08-22,True
N008119,C007686,welcome,,2026-07-22,True
N008120,C007687,welcome,,2026-07-02,False
N008121,C007688,welcome,,2026-07-12,True
N008122,C007689,welcome,,2026-07-07,True
N008123,C007690,welcome,,2026-07-28,True
N008124,C007691,welcome,,2026-08-01,True
N008125,C007692,welcome,,2026-09-15,False
N008126,C007693,welcome,,2026-07-19,False
N008127,C007694,welcome,,2026-07-07,True
N008128,C007695,welcome,,2026-09-17,False
N008129,C007696,welcome,,2026-07-10,True
N008130,C007697,welcome,,2026-08-09,True
N008131,C007698,welcome,,2026-07-03,True
N008132,C007699,welcome,,2026-07-21,False
N008133,C007700,welcome,,2026-09-15,True
N008134,C007701,welcome,,2026-07-25,True
N008135,C007702,welcome,,2026-08-25,True
N008136,C007703,welcome,,2026-07-28,False
N008137,C007704,welcome,,2026-09-15,False
N008138,C007705,welcome,,2026-09-17,True
N008139,C007706,welcome,,2026-09-03,False
N008140,C007707,welcome,,2026-09-25,False
N008141,C007708,welcome,,2026-08-03,False
N008142,C007709,welcome,,2026-07-11,True
N008143,C007710,welcome,,2026-07-10,False
N008144,C007711,welcome,,2026-08-12,True
N008145,C007712,welcome,,2026-08-01,False
N008146,C007713,welcome,,2026-09-27,False
N008147,C007714,welcome,,2026-07-21,False
N008148,C007715,welcome,,2026-07-07,True
N008149,C007716,welcome,,2026-09-07,True
N008150,C007717,welcome,,2026-09-18,False
N008151,C007718,welcome,,2026-09-06,False
N008152,C007719,welcome,,2026-07-25,False
N008153,C007720,welcome,,2026-08-09,True
N008154,C007721,welcome,,2026-09-21,False
N008155,C007722,welcome,,2026-09-01,False
N008156,C007723,welcome,,2026-07-07,True
N008157,C007724,welcome,,2026-09-12,True
N008158,C007725,welcome,,2026-09-17,False
N008159,C007726,welcome,,2026-07-09,False
N008160,C007727,welcome,,2026-09-04,True
N008161,C007728,welcome,,2026-09-07,False
N008162,C007729,welcome,,2026-08-29,False
N008163,C007730,welcome,,2026-08-31,False
N008164,C007731,welcome,,2026-09-29,True
N008165,C007732,welcome,,2026-07-10,False
N008166,C007733,welcome,,2026-08-31,False
N008167,C007734,welcome,,2026-09-05,True
N008168,C007735,welcome,,2026-07-14,False
N008169,C007736,welcome,,2026-07-07,True
N008170,C007737,welcome,,2026-09-30,False
N008171,C007738,welcome,,2026-09-02,False
N008172,C007739,welcome,,2026-09-25,False
N008173,C007740,welcome,,2026-07-28,False
N008174,C007741,welcome,,2026-09-09,True
N008175,C007742,welcome,,2026-08-03,False
N008176,C007743,welcome,,2026-07-27,False
N008177,C007744,welcome,,2026-09-02,True
N008178,C007745,welcome,,2026-08-06,False
N008179,C007746,welcome,,2026-09-08,True
N008180,C007747,welcome,,2026-07-11,False
N008181,C007748,welcome,,2026-07-27,False
N008182,C007749,welcome,,2026-09-04,True
N008183,C007750,welcome,,2026-08-29,True
N008184,C007751,welcome,,2026-08-18,False
N008185,C007752,welcome,,2026-09-28,False
N008186,C007753,welcome,,2026-09-12,True
N008187,C007754,welcome,,2026-08-07,True
N008188,C007755,welcome,,2026-08-18,False
N008189,C007756,welcome,,2026-09-21,True
N008190,C007757,welcome,,2026-09-21,True
N008191,C007758,welcome,,2026-08-04,True
N008192,C007759,welcome,,2026-08-03,True
N008193,C007760,welcome,,2026-09-14,False
N008194,C007761,welcome,,2026-09-03,False
N008195,C007762,welcome,,2026-08-19,False
N008196,C007763,welcome,,2026-07-13,False
N008197,C007764,welcome,,2026-08-22,True
N008198,C007765,welcome,,2026-08-19,True
N008199,C007766,welcome,,2026-08-06,False
N008200,C007767,welcome,,2026-07-20,False
N008201,C007767,compliance_change,INS001,2026-08-03,False
N008202,C007768,welcome,,2026-08-29,True
N008203,C007769,welcome,,2026-07-22,True
N008204,C007770,welcome,,2026-08-18,False
N008205,C007771,welcome,,2026-08-05,False
N008206,C007772,welcome,,2026-08-24,False
N008207,C007773,welcome,,2026-09-04,True
N008208,C007774,welcome,,2026-08-12,True
N008209,C007775,welcome,,2026-07-27,True
N008210,C007776,welcome,,2026-09-26,True
N008211,C007777,welcome,,2026-08-14,True
N008212,C007778,welcome,,2026-07-27,True
N008213,C007779,welcome,,2026-09-24,True
N008214,C007780,welcome,,2026-08-13,False
N008215,C007781,welcome,,2026-08-07,False
N008216,C007782,welcome,,2026-08-23,False
N008217,C007783,welcome,,2026-09-06,False
N008218,C007784,welcome,,2026-09-13,False
N008219,C007785,welcome,,2026-08-05,True
N008220,C007786,welcome,,2026-08-04,True
N008221,C007787,welcome,,2026-07-02,False
N008222,C007788,welcome,,2026-07-18,True
N008223,C007789,welcome,,2026-09-18,True
N008224,C007790,welcome,,2026-08-26,True
N008225,C007791,welcome,,2026-08-03,False
N008226,C007792,welcome,,2026-09-19,False
N008227,C007793,welcome,,2026-07-26,True
N008228,C007794,welcome,,2026-09-02,True
N008229,C007795,welcome,,2026-09-28,False
N008230,C007796,welcome,,2026-09-24,True
N008231,C007797,welcome,,2026-08-29,True
N008232,C007798,welcome,,2026-07-17,False
N008233,C007799,welcome,,2026-08-08,False
N008234,C007800,welcome,,2026-08-30,True
N008235,C007801,welcome,,2026-09-14,True
N008236,C007802,welcome,,2026-08-17,True
N008237,C007803,welcome,,2026-07-26,True
N008238,C007804,welcome,,2026-08-09,False
N008239,C007805,welcome,,2026-08-17,True
N008240,C007806,welcome,,2026-08-26,True
N008241,C007807,welcome,,2026-07-18,False
N008242,C007808,welcome,,2026-09-02,False
N008243,C007809,welcome,,2026-08-29,False
N008244,C007810,welcome,,2026-08-14,True
N008245,C007811,welcome,,2026-07-19,True
N008246,C007812,welcome,,2026-09-12,False
N008247,C007813,welcome,,2026-08-16,False
N008248,C007814,welcome,,2026-07-17,True
N008249,C007814,compliance_change,INS001,2026-08-03,False
N008250,C007815,welcome,,2026-07-06,False
N008251,C007816,welcome,,2026-09-14,False
N008252,C007817,welcome,,2026-09-27,True
N008253,C007818,welcome,,2026-07-30,True
N008254,C007819,welcome,,2026-09-30,False
N008255,C007820,welcome,,2026-08-24,False
N008256,C007821,welcome,,2026-08-13,True
N008257,C007822,welcome,,2026-08-11,True
N008258,C007823,welcome,,2026-09-30,False
N008259,C007824,welcome,,2026-08-08,False
N008260,C007825,welcome,,2026-08-08,True
N008261,C007826,welcome,,2026-08-28,True
N008262,C007827,welcome,,2026-07-04,True
N008263,C007828,welcome,,2026-08-24,False
N008264,C007829,welcome,,2026-07-07,False
N008265,C007830,welcome,,2026-07-19,True
N008266,C007831,welcome,,2026-07-05,True
N008267,C007832,welcome,,2026-09-04,False
N008268,C007833,welcome,,2026-09-18,True
N008269,C007834,welcome,,2026-08-21,True
N008270,C007835,welcome,,2026-08-16,False
N008271,C007836,welcome,,2026-07-06,True
N008272,C007837,welcome,,2026-09-08,True
N008273,C007838,welcome,,2026-07-21,False
N008274,C007839,welcome,,2026-08-03,False
N008275,C007840,welcome,,2026-07-29,False
N008276,C007841,welcome,,2026-07-07,False
N008277,C007842,welcome,,2026-07-14,False
N008278,C007843,welcome,,2026-07-22,True
N008279,C007844,welcome,,2026-08-10,True
N008280,C007845,welcome,,2026-08-04,True
N008281,C007846,welcome,,2026-09-23,True
N008282,C007847,welcome,,2026-09-21,True
N008283,C007848,welcome,,2026-09-17,True
N008284,C007849,welcome,,2026-09-03,False
N008285,C007850,welcome,,2026-09-13,False
N008286,C007851,welcome,,2026-08-29,True
N008287,C007852,welcome,,2026-09-08,True
N008288,C007853,welcome,,2026-08-14,False
N008289,C007854,welcome,,2026-08-22,False
N008290,C007855,welcome,,2026-09-13,True
N008291,C007856,welcome,,2026-07-21,False
N008292,C007857,welcome,,2026-09-07,True
N008293,C007858,welcome,,2026-08-25,False
N008294,C007859,welcome,,2026-07-14,True
N008295,C007860,welcome,,2026-09-04,False
N008296,C007861,welcome,,2026-09-25,False
N008297,C007862,welcome,,2026-09-09,False
N008298,C007863,welcome,,2026-08-23,True
N008299,C007864,welcome,,2026-08-07,True
N008300,C007865,welcome,,2026-09-01,True
N008301,C007866,welcome,,2026-07-11,False
N008302,C007867,welcome,,2026-09-15,True
N008303,C007868,welcome,,2026-09-04,False
N008304,C007869,welcome,,2026-07-24,False
N008305,C007869,compliance_change,INS001,2026-08-03,True
N008306,C007870,welcome,,2026-09-14,True
N008307,C007871,welcome,,2026-09-21,True
N008308,C007872,welcome,,2026-09-19,False
N008309,C007873,welcome,,2026-07-29,False
N008310,C007874,welcome,,2026-08-16,True
N008311,C007875,welcome,,2026-07-04,True
N008312,C007876,welcome,,2026-09-25,False
N008313,C007877,welcome,,2026-09-24,False
N008314,C007878,welcome,,2026-09-17,True
N008315,C007879,welcome,,2026-07-14,True
N008316,C007879,compliance_change,INS001,2026-08-03,True
N008317,C007880,welcome,,2026-07-23,True
N008318,C007881,welcome,,2026-07-31,True
N008319,C007882,welcome,,2026-08-14,True
N008320,C007883,welcome,,2026-08-28,False
N008321,C007884,welcome,,2026-09-26,True
N008322,C007885,welcome,,2026-07-29,True
N008323,C007886,welcome,,2026-07-07,False
N008324,C007887,welcome,,2026-09-08,False
N008325,C007888,welcome,,2026-09-18,False
N008326,C007889,welcome,,2026-07-13,False
N008327,C007890,welcome,,2026-09-11,False
N008328,C007891,welcome,,2026-09-19,True
N008329,C007892,welcome,,2026-08-26,False
N008330,C007893,welcome,,2026-09-20,True
N008331,C007894,welcome,,2026-08-05,True
N008332,C007895,welcome,,2026-07-27,False
N008333,C007896,welcome,,2026-08-18,True
N008334,C007897,welcome,,2026-09-20,False
N008335,C007898,welcome,,2026-08-22,True
N008336,C007899,welcome,,2026-09-23,False
N008337,C007900,welcome,,2026-07-01,True
N008338,C007900,compliance_change,INS001,2026-08-03,True
N008339,C007901,welcome,,2026-08-24,False
N008340,C007902,welcome,,2026-07-03,False
N008341,C007903,welcome,,2026-08-24,True
N008342,C007904,welcome,,2026-07-30,True
N008343,C007905,welcome,,2026-09-22,True
N008344,C007906,welcome,,2026-08-30,True
N008345,C007907,welcome,,2026-09-24,True
N008346,C007908,welcome,,2026-07-27,True
N008347,C007909,welcome,,2026-07-06,True
N008348,C007910,welcome,,2026-09-24,False
N008349,C007911,welcome,,2026-07-21,False
N008350,C007912,welcome,,2026-09-15,False
N008351,C007913,welcome,,2026-08-12,False
N008352,C007914,welcome,,2026-09-15,False
N008353,C007915,welcome,,2026-09-12,False
N008354,C007916,welcome,,2026-07-05,True
N008355,C007917,welcome,,2026-08-31,True
N008356,C007918,welcome,,2026-07-19,True
N008357,C007919,welcome,,2026-07-08,False
N008358,C007920,welcome,,2026-07-27,False
N008359,C007921,welcome,,2026-08-26,False
N008360,C007922,welcome,,2026-08-19,True
N008361,C007923,welcome,,2026-08-06,False
N008362,C007924,welcome,,2026-09-21,True
N008363,C007925,welcome,,2026-09-15,True
N008364,C007926,welcome,,2026-07-20,False
N008365,C007927,welcome,,2026-07-15,False
N008366,C007928,welcome,,2026-08-19,True
N008367,C007929,welcome,,2026-07-18,True
N008368,C007930,welcome,,2026-09-14,False
N008369,C007931,welcome,,2026-07-03,False
N008370,C007932,welcome,,2026-07-07,True
N008371,C007932,compliance_change,INS001,2026-08-03,True
N008372,C007933,welcome,,2026-09-15,False
N008373,C007934,welcome,,2026-08-31,False
N008374,C007935,welcome,,2026-07-29,False
N008375,C007936,welcome,,2026-07-15,True
N008376,C007937,welcome,,2026-09-21,True
N008377,C007938,welcome,,2026-09-06,False
N008378,C007939,welcome,,2026-09-13,False
N008379,C007940,welcome,,2026-09-02,True
N008380,C007941,welcome,,2026-07-19,False
N008381,C007942,welcome,,2026-08-18,True
N008382,C007943,welcome,,2026-07-10,False
N008383,C007944,welcome,,2026-08-13,True
N008384,C007945,welcome,,2026-08-26,False
N008385,C007946,welcome,,2026-09-14,True
N008386,C007947,welcome,,2026-07-09,False
N008387,C007948,welcome,,2026-09-08,True
N008388,C007949,welcome,,2026-08-22,True
N008389,C007950,welcome,,2026-09-28,True
N008390,C007951,welcome,,2026-07-08,False
N008391,C007952,welcome,,2026-08-10,True
N008392,C007953,welcome,,2026-09-18,True
N008393,C007954,welcome,,2026-08-12,True
N008394,C007955,welcome,,2026-08-20,False
N008395,C007956,welcome,,2026-08-13,True
N008396,C007957,welcome,,2026-09-21,False
N008397,C007958,welcome,,2026-07-14,False
N008398,C007959,welcome,,2026-08-02,False
N008399,C007960,welcome,,2026-08-10,True
N008400,C007961,welcome,,2026-07-03,False
N008401,C007962,welcome,,2026-08-20,True
N008402,C007963,welcome,,2026-07-18,True
N008403,C007964,welcome,,2026-07-20,True
N008404,C007965,welcome,,2026-09-21,False
N008405,C007966,welcome,,2026-07-28,False
N008406,C007967,welcome,,2026-09-19,True
N008407,C007968,welcome,,2026-09-07,False
N008408,C007969,welcome,,2026-08-04,False
N008409,C007970,welcome,,2026-08-11,False
N008410,C007971,welcome,,2026-08-09,False
N008411,C007972,welcome,,2026-09-12,False
N008412,C007973,welcome,,2026-09-26,False
N008413,C007974,welcome,,2026-09-03,True
N008414,C007975,welcome,,2026-08-16,True
N008415,C007976,welcome,,2026-09-04,False
N008416,C007977,welcome,,2026-08-07,True
N008417,C007978,welcome,,2026-07-30,True
N008418,C007979,welcome,,2026-07-30,True
N008419,C007980,welcome,,2026-09-18,True
N008420,C007981,welcome,,2026-09-03,False
N008421,C007982,welcome,,2026-09-20,True
N008422,C007983,welcome,,2026-08-04,False
N008423,C007984,welcome,,2026-08-29,True
N008424,C007985,welcome,,2026-08-23,False
N008425,C007986,welcome,,2026-08-21,True
N008426,C007987,welcome,,2026-08-18,False
N008427,C007988,welcome,,2026-08-05,True
N008428,C007989,welcome,,2026-09-06,True
N008429,C007990,welcome,,2026-07-27,False
N008430,C007991,welcome,,2026-09-30,True
N008431,C007992,welcome,,2026-09-21,True
N008432,C007993,welcome,,2026-07-29,True
N008433,C007994,welcome,,2026-07-26,False
N008434,C007995,welcome,,2026-08-14,False
N008435,C007996,welcome,,2026-09-15,True
N008436,C007997,welcome,,2026-07-14,True
N008437,C007998,welcome,,2026-09-07,False
N008438,C007999,welcome,,2026-07-04,False
N008439,C008000,welcome,,2026-08-26,False
N008440,C008001,welcome,,2026-08-18,True
N008441,C008002,welcome,,2026-09-01,False
N008442,C008003,welcome,,2026-08-13,False
N008443,C008004,welcome,,2026-07-17,False
N008444,C008005,welcome,,2026-09-11,True
N008445,C008006,welcome,,2026-09-17,False
N008446,C008007,welcome,,2026-07-15,True
N008447,C008008,welcome,,2026-08-27,False
N008448,C008009,welcome,,2026-07-28,False
N008449,C008010,welcome,,2026-07-09,True
N008450,C008011,welcome,,2026-07-25,False
N008451,C008012,welcome,,2026-08-02,True
N008452,C008013,welcome,,2026-08-05,True
N008453,C008014,welcome,,2026-07-14,True
N008454,C008015,welcome,,2026-08-16,True
N008455,C008016,welcome,,2026-07-31,False
N008456,C008017,welcome,,2026-07-17,True
N008457,C008018,welcome,,2026-07-25,True
N008458,C008019,welcome,,2026-09-21,True
N008459,C008020,welcome,,2026-07-23,False
N008460,C008021,welcome,,2026-08-06,True
N008461,C008022,welcome,,2026-09-22,False
N008462,C008023,welcome,,2026-07-05,False
N008463,C008024,welcome,,2026-09-13,False
N008464,C008025,welcome,,2026-09-29,False
N008465,C008026,welcome,,2026-09-22,False
N008466,C008027,welcome,,2026-07-27,True
N008467,C008028,welcome,,2026-09-24,True
N008468,C008029,welcome,,2026-09-12,False
N008469,C008030,welcome,,2026-07-26,False
N008470,C008031,welcome,,2026-09-28,True
N008471,C008032,welcome,,2026-09-07,True
N008472,C008033,welcome,,2026-07-13,True
N008473,C008034,welcome,,2026-07-04,True
N008474,C008035,welcome,,2026-08-16,True
N008475,C008036,welcome,,2026-09-15,True
N008476,C008037,welcome,,2026-08-21,True
N008477,C008038,welcome,,2026-08-22,False
N008478,C008039,welcome,,2026-09-25,False
N008479,C008040,welcome,,2026-09-04,False
N008480,C008041,welcome,,2026-08-04,True
N008481,C008042,welcome,,2026-07-07,False
N008482,C008043,welcome,,2026-07-26,False
N008483,C008044,welcome,,2026-07-16,True
N008484,C008045,welcome,,2026-07-04,True
N008485,C008046,welcome,,2026-09-29,True
N008486,C008047,welcome,,2026-09-02,False
N008487,C008048,welcome,,2026-07-12,True
N008488,C008049,welcome,,2026-09-23,False
N008489,C008050,welcome,,2026-07-15,True
N008490,C008051,welcome,,2026-08-04,True
N008491,C008052,welcome,,2026-09-09,False
N008492,C008053,welcome,,2026-07-30,True
N008493,C008054,welcome,,2026-08-19,True
N008494,C008055,welcome,,2026-08-20,False
N008495,C008056,welcome,,2026-08-26,False
N008496,C008057,welcome,,2026-09-20,True
N008497,C008058,welcome,,2026-09-10,False
N008498,C008059,welcome,,2026-09-23,True
N008499,C008060,welcome,,2026-08-27,True
N008500,C008061,welcome,,2026-09-23,False
N008501,C008062,welcome,,2026-07-30,True
N008502,C008063,welcome,,2026-09-04,False
N008503,C008064,welcome,,2026-08-08,True
N008504,C008065,welcome,,2026-07-25,False
N008505,C008066,welcome,,2026-07-09,False
N008506,C008067,welcome,,2026-09-16,True
N008507,C008068,welcome,,2026-07-28,False
N008508,C008069,welcome,,2026-07-21,True
N008509,C008070,welcome,,2026-07-10,True
N008510,C008071,welcome,,2026-07-10,True
N008511,C008072,welcome,,2026-07-28,False
N008512,C008073,welcome,,2026-08-31,False
N008513,C008074,welcome,,2026-07-08,True
N008514,C008075,welcome,,2026-08-11,False
N008515,C008076,welcome,,2026-07-07,False
N008516,C008077,welcome,,2026-08-27,False
N008517,C008078,welcome,,2026-08-09,False
N008518,C008079,welcome,,2026-09-18,False
N008519,C008080,welcome,,2026-07-16,True
N008520,C008081,welcome,,2026-08-25,False
N008521,C008082,welcome,,2026-07-26,False
N008522,C008083,welcome,,2026-09-05,True
N008523,C008084,welcome,,2026-09-26,False
N008524,C008085,welcome,,2026-08-14,False
N008525,C008086,welcome,,2026-08-30,False
N008526,C008087,welcome,,2026-09-30,False
N008527,C008088,welcome,,2026-09-09,False
N008528,C008089,welcome,,2026-07-17,False
N008529,C008090,welcome,,2026-07-12,True
N008530,C008091,welcome,,2026-08-08,False
N008531,C008092,welcome,,2026-09-13,True
N008532,C008093,welcome,,2026-07-26,True
N008533,C008094,welcome,,2026-07-04,False
N008534,C008095,welcome,,2026-08-23,True
N008535,C008096,welcome,,2026-07-28,False
N008536,C008097,welcome,,2026-07-27,False
N008537,C008098,welcome,,2026-08-14,True
N008538,C008099,welcome,,2026-08-15,True
N008539,C008100,welcome,,2026-08-20,True
N008540,C008101,welcome,,2026-08-12,True
N008541,C008102,welcome,,2026-08-28,True
N008542,C008103,welcome,,2026-09-20,False
N008543,C008104,welcome,,2026-09-27,True
N008544,C008105,welcome,,2026-09-26,False
N008545,C008106,welcome,,2026-09-12,False
N008546,C008107,welcome,,2026-09-02,False
N008547,C008108,welcome,,2026-07-29,False
N008548,C008109,welcome,,2026-09-03,True
N008549,C008110,welcome,,2026-09-19,True
N008550,C008111,welcome,,2026-09-14,True
N008551,C008112,welcome,,2026-08-05,False
N008552,C008113,welcome,,2026-07-31,True
N008553,C008114,welcome,,2026-07-07,True
N008554,C008115,welcome,,2026-09-04,True
N008555,C008116,welcome,,2026-09-23,True
N008556,C008117,welcome,,2026-08-08,True
N008557,C008118,welcome,,2026-07-15,True
N008558,C008119,welcome,,2026-09-01,False
N008559,C008120,welcome,,2026-07-25,True
N008560,C008121,welcome,,2026-07-11,True
N008561,C008122,welcome,,2026-08-31,False
N008562,C008123,welcome,,2026-09-14,True
N008563,C008124,welcome,,2026-08-26,True
N008564,C008125,welcome,,2026-09-27,False
N008565,C008126,welcome,,2026-07-27,False
N008566,C008127,welcome,,2026-09-13,False
N008567,C008128,welcome,,2026-08-08,False
N008568,C008129,welcome,,2026-07-29,True
N008569,C008130,welcome,,2026-08-27,True
N008570,C008131,welcome,,2026-09-12,True
N008571,C008132,welcome,,2026-09-12,False
N008572,C008133,welcome,,2026-07-16,False
N008573,C008134,welcome,,2026-07-18,True
N008574,C008135,welcome,,2026-09-05,True
N008575,C008136,welcome,,2026-08-02,True
N008576,C008137,welcome,,2026-07-31,True
N008577,C008138,welcome,,2026-08-13,True
N008578,C008139,welcome,,2026-07-23,False
N008579,C008140,welcome,,2026-08-01,False
N008580,C008141,welcome,,2026-07-06,True
N008581,C008142,welcome,,2026-08-04,False
N008582,C008143,welcome,,2026-08-29,False
N008583,C008144,welcome,,2026-07-14,False
N008584,C008145,welcome,,2026-07-17,True
N008585,C008146,welcome,,2026-07-23,False
N008586,C008147,welcome,,2026-08-12,False
N008587,C008148,welcome,,2026-07-15,False
N008588,C008149,welcome,,2026-09-20,False
N008589,C008150,welcome,,2026-08-09,True
N008590,C008151,welcome,,2026-09-06,False
N008591,C008152,welcome,,2026-08-09,False
N008592,C008153,welcome,,2026-07-06,True
N008593,C008154,welcome,,2026-07-04,True
N008594,C008155,welcome,,2026-07-19,True
N008595,C008156,welcome,,2026-08-01,True
N008596,C008157,welcome,,2026-08-14,True
N008597,C008158,welcome,,2026-07-30,False
N008598,C008159,welcome,,2026-09-13,False
N008599,C008160,welcome,,2026-07-10,False
N008600,C008161,welcome,,2026-08-13,True
N008601,C008162,welcome,,2026-08-10,True
N008602,C008163,welcome,,2026-08-14,True
N008603,C008164,welcome,,2026-09-04,False
N008604,C008165,welcome,,2026-08-30,False
N008605,C008166,welcome,,2026-08-08,True
N008606,C008167,welcome,,2026-08-18,False
N008607,C008168,welcome,,2026-08-12,False
N008608,C008169,welcome,,2026-07-19,True
N008609,C008170,welcome,,2026-09-04,True
N008610,C008171,welcome,,2026-09-22,True
N008611,C008172,welcome,,2026-08-08,False
N008612,C008173,welcome,,2026-09-14,True
N008613,C008174,welcome,,2026-08-23,False
N008614,C008175,welcome,,2026-09-20,True
N008615,C008176,welcome,,2026-07-10,False
N008616,C008177,welcome,,2026-07-15,False
N008617,C008178,welcome,,2026-07-20,True
N008618,C008179,welcome,,2026-09-30,True
N008619,C008180,welcome,,2026-08-22,False
N008620,C008181,welcome,,2026-07-21,False
N008621,C008182,welcome,,2026-07-31,True
N008622,C008183,welcome,,2026-07-29,False
N008623,C008184,welcome,,2026-08-22,True
N008624,C008185,welcome,,2026-08-27,False
N008625,C008186,welcome,,2026-08-02,True
N008626,C008187,welcome,,2026-09-04,False
N008627,C008188,welcome,,2026-08-27,False
N008628,C008189,welcome,,2026-08-31,True
N008629,C008190,welcome,,2026-08-26,False
N008630,C008191,welcome,,2026-07-11,False
N008631,C008192,welcome,,2026-08-01,True
N008632,C008193,welcome,,2026-07-26,True
N008633,C008194,welcome,,2026-08-18,True
N008634,C008195,welcome,,2026-08-21,True
N008635,C008196,welcome,,2026-08-22,False
N008636,C008197,welcome,,2026-08-03,False
N008637,C008198,welcome,,2026-08-19,True
N008638,C008199,welcome,,2026-07-30,True
N008639,C008200,welcome,,2026-09-13,True
N008640,C008201,welcome,,2026-09-18,True
N008641,C008202,welcome,,2026-09-17,True
N008642,C008203,welcome,,2026-09-19,True
N008643,C008204,welcome,,2026-09-07,True
N008644,C008205,welcome,,2026-08-31,False
N008645,C008206,welcome,,2026-08-21,True
N008646,C008207,welcome,,2026-08-23,True
N008647,C008208,welcome,,2026-07-20,False
N008648,C008209,welcome,,2026-08-10,False
N008649,C008210,welcome,,2026-07-21,True
N008650,C008211,welcome,,2026-07-03,True
N008651,C008212,welcome,,2026-08-26,False
N008652,C008213,welcome,,2026-09-11,True
N008653,C008214,welcome,,2026-09-14,True
N008654,C008215,welcome,,2026-07-06,False
N008655,C008216,welcome,,2026-07-26,False
N008656,C008217,welcome,,2026-08-16,True
N008657,C008218,welcome,,2026-09-13,True
N008658,C008219,welcome,,2026-08-22,True
N008659,C008220,welcome,,2026-08-15,False
N008660,C008221,welcome,,2026-08-03,True
N008661,C008222,welcome,,2026-07-20,False
N008662,C008223,welcome,,2026-09-10,False
N008663,C008224,welcome,,2026-08-19,True
N008664,C008225,welcome,,2026-09-27,False
N008665,C008226,welcome,,2026-07-29,True
N008666,C008227,welcome,,2026-07-10,False
N008667,C008228,welcome,,2026-07-14,True
N008668,C008229,welcome,,2026-08-25,False
N008669,C008230,welcome,,2026-07-30,False
N008670,C008230,compliance_change,INS001,2026-08-03,False
N008671,C008231,welcome,,2026-08-19,True
N008672,C008232,welcome,,2026-09-24,True
N008673,C008233,welcome,,2026-09-18,False
N008674,C008234,welcome,,2026-08-27,False
N008675,C008235,welcome,,2026-08-25,True
N008676,C008236,welcome,,2026-08-28,False
N008677,C008237,welcome,,2026-09-14,True
N008678,C008238,welcome,,2026-08-08,False
N008679,C008239,welcome,,2026-08-26,True
N008680,C008240,welcome,,2026-07-16,False
N008681,C008241,welcome,,2026-09-19,True
N008682,C008242,welcome,,2026-09-21,False
N008683,C008243,welcome,,2026-09-25,True
N008684,C008244,welcome,,2026-07-10,False
N008685,C008245,welcome,,2026-08-17,True
N008686,C008246,welcome,,2026-07-07,True
N008687,C008247,welcome,,2026-09-07,True
N008688,C008248,welcome,,2026-08-14,False
N008689,C008249,welcome,,2026-08-04,True
N008690,C008250,welcome,,2026-08-31,False
N008691,C008251,welcome,,2026-08-28,True
N008692,C008252,welcome,,2026-07-06,True
N008693,C008252,compliance_change,INS001,2026-08-03,False
N008694,C008253,welcome,,2026-07-11,False
N008695,C008254,welcome,,2026-09-27,True
N008696,C008255,welcome,,2026-08-14,True
N008697,C008256,welcome,,2026-08-02,True
N008698,C008257,welcome,,2026-09-27,True
N008699,C008258,welcome,,2026-08-11,True
N008700,C008259,welcome,,2026-07-18,False
N008701,C008260,welcome,,2026-08-17,True
N008702,C008261,welcome,,2026-09-13,False
N008703,C008262,welcome,,2026-07-13,True
N008704,C008263,welcome,,2026-09-20,False
N008705,C008264,welcome,,2026-09-20,True
N008706,C008265,welcome,,2026-09-30,True
N008707,C008266,welcome,,2026-08-10,True
N008708,C008267,welcome,,2026-09-03,False
N008709,C008268,welcome,,2026-09-07,False
N008710,C008269,welcome,,2026-08-28,False
N008711,C008270,welcome,,2026-07-17,True
N008712,C008271,welcome,,2026-08-08,True
N008713,C008272,welcome,,2026-07-23,True
N008714,C008273,welcome,,2026-07-02,False
N008715,C008274,welcome,,2026-08-25,True
N008716,C008275,welcome,,2026-07-20,False
N008717,C008276,welcome,,2026-08-12,False
N008718,C008277,welcome,,2026-07-19,False
N008719,C008278,welcome,,2026-07-21,False
N008720,C008279,welcome,,2026-07-22,False
N008721,C008280,welcome,,2026-08-03,False
N008722,C008281,welcome,,2026-07-27,False
N008723,C008282,welcome,,2026-07-13,False
N008724,C008283,welcome,,2026-08-25,True
N008725,C008284,welcome,,2026-09-23,True
N008726,C008285,welcome,,2026-07-10,False
N008727,C008286,welcome,,2026-08-06,True
N008728,C008287,welcome,,2026-09-02,True
N008729,C008288,welcome,,2026-08-27,False
N008730,C008289,welcome,,2026-08-11,True
N008731,C008290,welcome,,2026-08-09,True
N008732,C008291,welcome,,2026-09-14,True
N008733,C008292,welcome,,2026-07-11,False
N008734,C008293,welcome,,2026-09-03,False
N008735,C008294,welcome,,2026-09-19,False
N008736,C008295,welcome,,2026-09-16,False
N008737,C008296,welcome,,2026-08-03,False
N008738,C008297,welcome,,2026-07-11,False
N008739,C008298,welcome,,2026-07-13,True
N008740,C008299,welcome,,2026-08-18,False
N008741,C008300,welcome,,2026-08-31,False
N008742,C008301,welcome,,2026-08-13,True
N008743,C008302,welcome,,2026-08-07,True
N008744,C008303,welcome,,2026-07-08,True
N008745,C008304,welcome,,2026-08-08,False
N008746,C008305,welcome,,2026-09-03,False
N008747,C008306,welcome,,2026-07-10,False
N008748,C008307,welcome,,2026-07-10,True
N008749,C008308,welcome,,2026-07-28,False
N008750,C008309,welcome,,2026-08-10,True
N008751,C008310,welcome,,2026-08-31,False
N008752,C008311,welcome,,2026-07-27,True
N008753,C008312,welcome,,2026-07-10,True
N008754,C008313,welcome,,2026-09-06,True
N008755,C008314,welcome,,2026-08-29,False
N008756,C008315,welcome,,2026-09-03,True
N008757,C008316,welcome,,2026-08-29,True
N008758,C008317,welcome,,2026-07-17,True
N008759,C008318,welcome,,2026-08-13,True
N008760,C008319,welcome,,2026-07-01,False
N008761,C008320,welcome,,2026-07-16,True
N008762,C008321,welcome,,2026-09-27,False
N008763,C008322,welcome,,2026-09-10,True
N008764,C008323,welcome,,2026-08-25,False
N008765,C008324,welcome,,2026-08-31,True
N008766,C008325,welcome,,2026-07-11,True
N008767,C008326,welcome,,2026-07-26,True
N008768,C008327,welcome,,2026-08-29,False
N008769,C008328,welcome,,2026-08-03,True
N008770,C008329,welcome,,2026-07-10,False
N008771,C008330,welcome,,2026-09-19,True
N008772,C008331,welcome,,2026-09-29,True
N008773,C008332,welcome,,2026-07-29,False
N008774,C008333,welcome,,2026-09-21,True
N008775,C008334,welcome,,2026-07-09,True
N008776,C008335,welcome,,2026-07-31,True
N008777,C008336,welcome,,2026-07-26,False
N008778,C008337,welcome,,2026-07-18,True
N008779,C008338,welcome,,2026-08-28,True
N008780,C008339,welcome,,2026-09-03,False
N008781,C008340,welcome,,2026-07-29,False
N008782,C008341,welcome,,2026-07-25,True
N008783,C008342,welcome,,2026-08-09,False
N008784,C008343,welcome,,2026-09-12,True
N008785,C008344,welcome,,2026-08-27,True
N008786,C008345,welcome,,2026-09-11,False
N008787,C008346,welcome,,2026-07-26,True
N008788,C008347,welcome,,2026-07-09,False
N008789,C008348,welcome,,2026-07-12,False
N008790,C008349,welcome,,2026-09-07,False
N008791,C008350,welcome,,2026-09-07,False
N008792,C008351,welcome,,2026-08-28,False
N008793,C008352,welcome,,2026-08-24,True
N008794,C008353,welcome,,2026-08-01,False
N008795,C008354,welcome,,2026-09-05,False
N008796,C008355,welcome,,2026-09-19,True
N008797,C008356,welcome,,2026-09-29,False
N008798,C008357,welcome,,2026-07-19,True
N008799,C008358,welcome,,2026-08-13,True
N008800,C008359,welcome,,2026-08-20,True
N008801,C008360,welcome,,2026-09-22,True
N008802,C008361,welcome,,2026-08-26,False
N008803,C008362,welcome,,2026-07-21,True
N008804,C008363,welcome,,2026-08-01,False
N008805,C008364,welcome,,2026-09-03,True
N008806,C008365,welcome,,2026-08-03,True
N008807,C008366,welcome,,2026-07-21,True
N008808,C008367,welcome,,2026-08-29,True
N008809,C008368,welcome,,2026-08-25,False
N008810,C008369,welcome,,2026-08-18,True
N008811,C008370,welcome,,2026-09-17,True
N008812,C008371,welcome,,2026-09-21,False
N008813,C008372,welcome,,2026-07-09,False
N008814,C008373,welcome,,2026-09-04,True
N008815,C008374,welcome,,2026-08-21,False
N008816,C008375,welcome,,2026-08-18,True
N008817,C008376,welcome,,2026-09-17,True
N008818,C008377,welcome,,2026-09-03,True
N008819,C008378,welcome,,2026-09-29,False
N008820,C008379,welcome,,2026-07-23,True
N008821,C008380,welcome,,2026-09-20,False
N008822,C008381,welcome,,2026-08-04,False
N008823,C008382,welcome,,2026-07-21,True
N008824,C008383,welcome,,2026-08-02,False
N008825,C008384,welcome,,2026-09-25,True
N008826,C008385,welcome,,2026-09-04,False
N008827,C008386,welcome,,2026-07-07,True
N008828,C008387,welcome,,2026-07-11,True
N008829,C008388,welcome,,2026-07-20,True
N008830,C008389,welcome,,2026-09-10,False
N008831,C008390,welcome,,2026-07-10,False
N008832,C008391,welcome,,2026-09-23,False
N008833,C008392,welcome,,2026-08-11,True
N008834,C008393,welcome,,2026-08-11,False
N008835,C008394,welcome,,2026-09-04,True
N008836,C008395,welcome,,2026-07-21,True
N008837,C008396,welcome,,2026-08-29,True
N008838,C008397,welcome,,2026-07-14,False
N008839,C008398,welcome,,2026-08-02,True
N008840,C008399,welcome,,2026-07-27,False
N008841,C008400,welcome,,2026-09-20,True
N008842,C008401,welcome,,2026-08-05,False
N008843,C008402,welcome,,2026-09-13,True
N008844,C008403,welcome,,2026-09-07,False
N008845,C008404,welcome,,2026-08-17,False
N008846,C008405,welcome,,2026-09-26,False
N008847,C008406,welcome,,2026-07-31,False
N008848,C008407,welcome,,2026-08-08,True
N008849,C008408,welcome,,2026-08-05,False
N008850,C008409,welcome,,2026-09-12,True
N008851,C008410,welcome,,2026-09-30,False
N008852,C008411,welcome,,2026-08-24,True
N008853,C008412,welcome,,2026-08-23,True
N008854,C008413,welcome,,2026-07-31,True
N008855,C008414,welcome,,2026-07-27,False
N008856,C008415,welcome,,2026-07-20,True
N008857,C008416,welcome,,2026-08-27,False
N008858,C008417,welcome,,2026-08-27,True
N008859,C008418,welcome,,2026-07-06,False
N008860,C008419,welcome,,2026-09-13,True
N008861,C008420,welcome,,2026-09-07,False
N008862,C008421,welcome,,2026-08-04,True
N008863,C008422,welcome,,2026-09-25,False
N008864,C008423,welcome,,2026-07-24,True
N008865,C008424,welcome,,2026-08-29,True
N008866,C008425,welcome,,2026-07-11,False
N008867,C008426,welcome,,2026-09-08,True
N008868,C008427,welcome,,2026-07-19,False
N008869,C008428,welcome,,2026-09-25,True
N008870,C008429,welcome,,2026-07-28,True
N008871,C008430,welcome,,2026-07-27,True
N008872,C008430,compliance_change,INS001,2026-08-03,True
N008873,C008431,welcome,,2026-09-06,True
N008874,C008432,welcome,,2026-07-20,True
N008875,C008433,welcome,,2026-09-02,True
N008876,C008434,welcome,,2026-07-26,False
N008877,C008435,welcome,,2026-07-07,True
N008878,C008436,welcome,,2026-07-06,True
N008879,C008437,welcome,,2026-07-11,True
N008880,C008438,welcome,,2026-09-09,True
N008881,C008439,welcome,,2026-07-11,False
N008882,C008440,welcome,,2026-07-08,True
N008883,C008441,welcome,,2026-09-07,True
N008884,C008442,welcome,,2026-09-06,True
N008885,C008443,welcome,,2026-07-21,True
N008886,C008444,welcome,,2026-09-15,True
N008887,C008445,welcome,,2026-08-27,False
N008888,C008446,welcome,,2026-07-08,False
N008889,C008447,welcome,,2026-08-07,True
N008890,C008448,welcome,,2026-09-16,True
N008891,C008449,welcome,,2026-07-03,False
N008892,C008449,compliance_change,INS001,2026-08-03,False
N008893,C008450,welcome,,2026-09-17,True
N008894,C008451,welcome,,2026-07-16,True
N008895,C008452,welcome,,2026-08-14,True
N008896,C008453,welcome,,2026-08-09,True
N008897,C008454,welcome,,2026-08-13,True
N008898,C008455,welcome,,2026-07-10,True
N008899,C008456,welcome,,2026-09-03,False
N008900,C008457,welcome,,2026-09-11,True
N008901,C008458,welcome,,2026-08-08,True
N008902,C008459,welcome,,2026-09-24,True
N008903,C008460,welcome,,2026-07-21,True
N008904,C008461,welcome,,2026-07-04,False
N008905,C008462,welcome,,2026-07-19,False
N008906,C008462,compliance_change,INS001,2026-08-03,False
N008907,C008463,welcome,,2026-07-31,False
N008908,C008464,welcome,,2026-09-09,False
N008909,C008465,welcome,,2026-07-25,True
N008910,C008466,welcome,,2026-09-17,False
N008911,C008467,welcome,,2026-07-25,True
N008912,C008468,welcome,,2026-08-06,False
N008913,C008469,welcome,,2026-07-05,True
N008914,C008470,welcome,,2026-07-09,True
N008915,C008471,welcome,,2026-09-15,True
N008916,C008472,welcome,,2026-08-08,True
N008917,C008473,welcome,,2026-07-06,True
N008918,C008474,welcome,,2026-07-27,True
N008919,C008475,welcome,,2026-09-16,True
N008920,C008476,welcome,,2026-07-14,True
N008921,C008477,welcome,,2026-09-05,True
N008922,C008478,welcome,,2026-09-03,False
N008923,C008479,welcome,,2026-07-15,False
N008924,C008480,welcome,,2026-08-22,True
N008925,C008481,welcome,,2026-08-27,True
N008926,C008482,welcome,,2026-08-04,False
N008927,C008483,welcome,,2026-09-26,True
N008928,C008484,welcome,,2026-08-20,True
N008929,C008485,welcome,,2026-07-25,True
N008930,C008486,welcome,,2026-08-29,True
N008931,C008487,welcome,,2026-09-12,True
N008932,C008488,welcome,,2026-08-29,True
N008933,C008489,welcome,,2026-08-03,False
N008934,C008490,welcome,,2026-07-26,False
N008935,C008491,welcome,,2026-07-23,False
N008936,C008492,welcome,,2026-08-01,True
N008937,C008493,welcome,,2026-09-02,False
N008938,C008494,welcome,,2026-07-31,True
N008939,C008495,welcome,,2026-08-20,True
N008940,C008496,welcome,,2026-09-24,False
N008941,C008497,welcome,,2026-08-19,False
N008942,C008498,welcome,,2026-09-27,False
N008943,C008499,welcome,,2026-07-08,True
N008944,C008500,welcome,,2026-07-19,True
N008945,C008501,welcome,,2026-08-08,True
N008946,C008502,welcome,,2026-08-07,True
N008947,C008503,welcome,,2026-08-11,True
N008948,C008504,welcome,,2026-08-22,False
N008949,C008505,welcome,,2026-09-25,True
N008950,C008506,welcome,,2026-09-03,True
N008951,C008507,welcome,,2026-08-07,False
N008952,C008508,welcome,,2026-07-11,False
N008953,C008509,welcome,,2026-07-04,True
N008954,C008510,welcome,,2026-09-07,False
N008955,C008511,welcome,,2026-07-09,False
N008956,C008512,welcome,,2026-08-28,True
N008957,C008513,welcome,,2026-07-24,True
N008958,C008514,welcome,,2026-08-18,True
N008959,C008515,welcome,,2026-08-08,False
N008960,C008516,welcome,,2026-09-27,True
N008961,C008517,welcome,,2026-08-04,True
N008962,C008518,welcome,,2026-07-25,True
N008963,C008518,compliance_change,INS001,2026-08-03,False
N008964,C008519,welcome,,2026-09-03,False
N008965,C008520,welcome,,2026-09-24,False
N008966,C008521,welcome,,2026-07-08,False
N008967,C008522,welcome,,2026-08-06,True
N008968,C008523,welcome,,2026-09-15,True
N008969,C008524,welcome,,2026-07-10,True
N008970,C008524,compliance_change,INS001,2026-08-03,True
N008971,C008525,welcome,,2026-08-11,False
N008972,C008526,welcome,,2026-09-23,True
N008973,C008527,welcome,,2026-09-22,True
N008974,C008528,welcome,,2026-07-08,True
N008975,C008529,welcome,,2026-07-25,False
N008976,C008530,welcome,,2026-09-07,False
N008977,C008531,welcome,,2026-09-20,True
N008978,C008532,welcome,,2026-09-17,False
N008979,C008533,welcome,,2026-07-31,False
N008980,C008534,welcome,,2026-09-01,False
N008981,C008535,welcome,,2026-09-07,False
N008982,C008536,welcome,,2026-09-27,True
N008983,C008537,welcome,,2026-07-22,True
N008984,C008538,welcome,,2026-07-22,True
N008985,C008539,welcome,,2026-08-20,True
N008986,C008540,welcome,,2026-09-22,True
N008987,C008541,welcome,,2026-08-26,True
N008988,C008542,welcome,,2026-08-20,True
N008989,C008543,welcome,,2026-07-17,True
N008990,C008544,welcome,,2026-08-19,True
N008991,C008545,welcome,,2026-07-24,False
N008992,C008546,welcome,,2026-09-17,False
N008993,C008547,welcome,,2026-07-19,True
N008994,C008548,welcome,,2026-09-19,False
N008995,C008549,welcome,,2026-07-26,True
N008996,C008550,welcome,,2026-09-03,False
N008997,C008551,welcome,,2026-08-12,True
N008998,C008552,welcome,,2026-09-22,True
N008999,C008553,welcome,,2026-09-01,False
N009000,C008554,welcome,,2026-07-17,True
N009001,C008555,welcome,,2026-09-13,True
N009002,C008556,welcome,,2026-07-16,False
N009003,C008557,welcome,,2026-08-03,False
N009004,C008558,welcome,,2026-07-17,False
N009005,C008559,welcome,,2026-07-25,False
N009006,C008560,welcome,,2026-09-15,False
N009007,C008561,welcome,,2026-08-04,True
N009008,C008562,welcome,,2026-07-26,True
N009009,C008563,welcome,,2026-08-02,True
N009010,C008564,welcome,,2026-07-20,True
N009011,C008565,welcome,,2026-07-04,True
N009012,C008565,compliance_change,INS001,2026-08-03,True
N009013,C008566,welcome,,2026-08-27,False
N009014,C008567,welcome,,2026-08-22,True
N009015,C008568,welcome,,2026-08-06,True
N009016,C008569,welcome,,2026-08-18,False
N009017,C008570,welcome,,2026-09-18,False
N009018,C008571,welcome,,2026-08-17,True
N009019,C008572,welcome,,2026-08-20,False
N009020,C008573,welcome,,2026-09-28,True
N009021,C008574,welcome,,2026-09-27,False
N009022,C008575,welcome,,2026-08-08,True
N009023,C008576,welcome,,2026-08-31,False
N009024,C008577,welcome,,2026-09-10,True
N009025,C008578,welcome,,2026-08-12,False
N009026,C008579,welcome,,2026-08-23,False
N009027,C008580,welcome,,2026-07-12,False
N009028,C008581,welcome,,2026-09-15,True
N009029,C008582,welcome,,2026-08-05,False
N009030,C008583,welcome,,2026-07-23,False
N009031,C008584,welcome,,2026-07-12,True
N009032,C008585,welcome,,2026-07-13,False
N009033,C008586,welcome,,2026-09-04,False
N009034,C008587,welcome,,2026-09-30,True
N009035,C008588,welcome,,2026-09-16,False
N009036,C008589,welcome,,2026-09-16,True
N009037,C008590,welcome,,2026-09-26,True
N009038,C008591,welcome,,2026-09-04,True
N009039,C008592,welcome,,2026-08-23,True
N009040,C008593,welcome,,2026-08-30,True
N009041,C008594,welcome,,2026-08-02,True
N009042,C008595,welcome,,2026-09-01,False
N009043,C008596,welcome,,2026-08-18,False
N009044,C008597,welcome,,2026-07-28,False
N009045,C008598,welcome,,2026-09-26,True
N009046,C008599,welcome,,2026-07-07,False
N009047,C008599,compliance_change,INS001,2026-08-03,True
N009048,C008600,welcome,,2026-08-30,True
N009049,C008601,welcome,,2026-07-11,True
N009050,C008601,compliance_change,INS001,2026-08-03,True
N009051,C008602,welcome,,2026-09-22,True
N009052,C008603,welcome,,2026-09-29,True
N009053,C008604,welcome,,2026-08-02,False
N009054,C008605,welcome,,2026-08-28,True
N009055,C008606,welcome,,2026-08-28,True
N009056,C008607,welcome,,2026-08-03,False
N009057,C008608,welcome,,2026-08-05,True
N009058,C008609,welcome,,2026-07-16,True
N009059,C008610,welcome,,2026-09-03,True
N009060,C008611,welcome,,2026-08-17,True
N009061,C008612,welcome,,2026-08-19,False
N009062,C008613,welcome,,2026-09-19,False
N009063,C008614,welcome,,2026-09-24,True
N009064,C008615,welcome,,2026-09-05,False
N009065,C008616,welcome,,2026-09-04,False
N009066,C008617,welcome,,2026-08-22,False
N009067,C008618,welcome,,2026-09-22,False
N009068,C008619,welcome,,2026-09-03,True
N009069,C008620,welcome,,2026-07-18,True
N009070,C008621,welcome,,2026-08-16,False
N009071,C008622,welcome,,2026-07-16,False
N009072,C008622,compliance_change,INS001,2026-08-03,False
N009073,C008623,welcome,,2026-07-05,True
N009074,C008624,welcome,,2026-07-16,False
N009075,C008625,welcome,,2026-09-16,False
N009076,C008626,welcome,,2026-07-06,True
N009077,C008627,welcome,,2026-08-20,True
N009078,C008628,welcome,,2026-08-31,False
N009079,C008629,welcome,,2026-07-12,True
N009080,C008630,welcome,,2026-08-16,False
N009081,C008631,welcome,,2026-08-10,True
N009082,C008632,welcome,,2026-09-03,True
N009083,C008633,welcome,,2026-08-18,False
N009084,C008634,welcome,,2026-07-23,True
N009085,C008635,welcome,,2026-08-21,False
N009086,C008636,welcome,,2026-09-12,False
N009087,C008637,welcome,,2026-09-04,False
N009088,C008638,welcome,,2026-07-12,False
N009089,C008639,welcome,,2026-08-21,True
N009090,C008640,welcome,,2026-08-28,True
N009091,C008641,welcome,,2026-07-17,False
N009092,C008642,welcome,,2026-08-07,False
N009093,C008643,welcome,,2026-08-24,True
N009094,C008644,welcome,,2026-09-04,True
N009095,C008645,welcome,,2026-08-22,False
N009096,C008646,welcome,,2026-08-18,False
N009097,C008647,welcome,,2026-09-16,True
N009098,C008648,welcome,,2026-09-13,True
N009099,C008649,welcome,,2026-08-24,False
N009100,C008650,welcome,,2026-07-08,True
N009101,C008651,welcome,,2026-09-04,True
N009102,C008652,welcome,,2026-08-17,False
N009103,C008653,welcome,,2026-09-23,False
N009104,C008654,welcome,,2026-07-18,False
N009105,C008655,welcome,,2026-09-30,True
N009106,C008656,welcome,,2026-09-05,False
N009107,C008657,welcome,,2026-07-25,False
N009108,C008658,welcome,,2026-08-30,False
N009109,C008659,welcome,,2026-07-31,True
N009110,C008660,welcome,,2026-08-20,False
N009111,C008661,welcome,,2026-08-09,False
N009112,C008662,welcome,,2026-08-09,True
N009113,C008663,welcome,,2026-07-15,False
N009114,C008664,welcome,,2026-07-23,True
N009115,C008665,welcome,,2026-07-26,False
N009116,C008666,welcome,,2026-07-07,False
N009117,C008666,compliance_change,INS001,2026-08-03,True
N009118,C008667,welcome,,2026-08-07,True
N009119,C008668,welcome,,2026-09-20,True
N009120,C008669,welcome,,2026-09-20,True
N009121,C008670,welcome,,2026-07-09,False
N009122,C008671,welcome,,2026-07-13,False
N009123,C008672,welcome,,2026-09-01,True
N009124,C008673,welcome,,2026-09-19,True
N009125,C008674,welcome,,2026-09-18,False
N009126,C008675,welcome,,2026-07-19,False
N009127,C008676,welcome,,2026-07-29,True
N009128,C008677,welcome,,2026-07-25,False
N009129,C008678,welcome,,2026-09-21,False
N009130,C008679,welcome,,2026-07-17,True
N009131,C008680,welcome,,2026-08-02,False
N009132,C008681,welcome,,2026-09-03,False
N009133,C008682,welcome,,2026-08-30,False
N009134,C008683,welcome,,2026-07-31,False
N009135,C008684,welcome,,2026-08-04,True
N009136,C008685,welcome,,2026-09-03,True
N009137,C008686,welcome,,2026-08-26,False
